PLC ADD ,Comment ,Unit,Mark 
CW0,AEM 411 SLOT Nb 1 CONFIGURATION,,
CW1,AEM 411 SLOT Nb 1 CONFIGURATION,,
CW2,AEM 411 SLOT Nb 1 CONFIGURATION,,
CW3,AEM 411 SLOT Nb 1 CONFIGURATION,,
CW4,AEM 411 SLOT Nb 1 CONFIGURATION,,
CW5,AEM 411 SLOT Nb 1 CONFIGURATION,,
CW6,AEM 411 SLOT Nb 1 CONFIGURATION,,
CW7,AEM 411 SLOT Nb 1 CONFIGURATION,,
CW8,AEM 411 SLOT Nb 1 CONFIGURATION,,
CW9,AEM 411 SLOT Nb 2 CONFIGURATION,,
CW10,AEM 411 SLOT Nb 2 CONFIGURATION,,
CW11,AEM 411 SLOT Nb 2 CONFIGURATION,,
CW12,AEM 411 SLOT Nb 2 CONFIGURATION,,
CW13,AEM 411 SLOT Nb 2 CONFIGURATION,,
CW14,AEM 411 SLOT Nb 2 CONFIGURATION,,
CW15,AEM 411 SLOT Nb 2 CONFIGURATION,,
CW16,AEM 411 SLOT Nb 2 CONFIGURATION,,
CW17,AEM 411 SLOT Nb 2 CONFIGURATION,,
CW18,AEM 411 SLOT Nb 2 CONFIGURATION,,
CW19,AEM 411 SLOT Nb 2 CONFIGURATION,,
CW20,AEM 411 SLOT Nb 3 CONFIGURATION,,
CW21,AEM 411 SLOT Nb 3 CONFIGURATION,,
CW22,AEM 411 SLOT Nb 3 CONFIGURATION,,
CW23,AEM 411 SLOT Nb 3 CONFIGURATION,,
CW24,AEM 411 SLOT Nb 3 CONFIGURATION,,
CW25,AEM 411 SLOT Nb 3 CONFIGURATION,,
CW26,AEM 411 SLOT Nb 3 CONFIGURATION,,
CW27,AEM 411 SLOT Nb 3 CONFIGURATION,,
CW28,AEM 411 SLOT Nb 3 CONFIGURATION,,
CW29,AEM 411 SLOT Nb 3 CONFIGURATION,,
CW30,,,
CW31,,,
CW32,,,
CW33,,,
CW34,,,
CW35,,,
CW36,,,
CW37,,,
CW38,,,
CW39,,,
CW40,CTM100  CONFIGURATION,,
CW41,CTM100  CONFIGURATION,,
CW42,CTM100  CONFIGURATION,,
CW43,CTM100  CONFIGURATION,,
CW44,CTM100  CONFIGURATION,,
CW45,CTM100  CONFIGURATION,,
CW46,CTM100  CONFIGURATION,,
CW47,CTM100  CONFIGURATION,,
CW48,CTM100  CONFIGURATION,,
CW49,CTM100  CONFIGURATION,,
CW50,CTM100  CONFIGURATION,,
CW51,CTM100  CONFIGURATION,,
CW52,CTM100  CONFIGURATION,,
CW53,CTM100  CONFIGURATION,,
CW54,CTM100  CONFIGURATION,,
CW55,CTM100  CONFIGURATION,,
CW56,CTM100  CONFIGURATION,,
CW57,CTM100  CONFIGURATION,,
CW58,TIMER FOR IONISATOR BEFORE CUT,,
CW59,TIMER FOR IONISATOR AFTER CUT,,
CW60,CUTTING CURRENT SETPOINT INCREASE SETP,,
CW61,CUTTING CURRENT SETPOINT INCREASE SETP,,
CW62,NO LOAD CURRENT CORE A THRESHOLD ,,
CW63,NO LOAD CURRENT CORE B THRESHOLD ,,
CW64,,,
CW65,CARRIAGE POSITION THRESHOLD ,,
CW66,WEB BREAK THRESHOLD ,,
CW67,LENGTH CALCULATION SCALE COEFFICIENT ,CM,
CW68,,,
CW69,,,
CW70,,,
CW71,,,
CW72,DENSITY CALC VALUES ,,
CW73,DENSITY CALC VALUES ,,
CW74,,,
CW75,,,
CW76,,,
CW77,"CONVERSION COEFFICIENT (Lb --------> 0,1N)",,
CW78,DIAMETER SCALE COEF. FOR LINE RECORD. ,,
CW79,GAP SETPOINT  SCALE COEFFICIENT,25,
CW80,,,
CW81,CONTACT FORCE  SCALE COEF. FOR DISPLAY ,,
CW82,ROLL CURRENT SCALE COEF. FOR DISPLAY ,,
CW83,ROLL SPEED  SCALE COEF. FOR DISPLAY ,,
CW84,CORE A CURRENT SCALE COEF. FOR DISPLAY ,,
CW85,CORE A SPEED  SCALE COEF. FOR DISPLAY ,,
CW86,CORE B CURRENT SCALE COEF. FOR DISPLAY ,,
CW87,CORE B SPEED  SCALE COEF. FOR DISPLAY ,,
CW88,PHOTO CELLS  SCALE COEF. FOR DISPLAY ,,
CW89,TENSION SCALE COEF. FOR DISPLAY ,,
CW90,LINE SPEED  SCALE COEF. FOR DISPLAY ,,
CW91,,,
CW92,,,
CW93,CONTACT FORCE  SETPOINT SCALE TREATMENT ,,
CW94,,,
CW95,,,
CW96,,,
CW97,,,
CW98,CONTACT ROLL STATIC TORGUE ,,
CW99,,,
CW100,CORE A  CURRENT COEF. FOR WINDING REGUL. ,,
CW101,CORE A  SPEED COEF. FOR WINDING REGUL. ,,
CW102,CORE B CURRENT COEF. FOR WINDING REGUL. ,,
CW103,CORE B  SPEED COEF. FOR WINDING REGUL. ,,
CW104,LINE SPEED COEF. FOR WINDING REGUL. ,,
CW105,TENSION COEF. FOR WINDING REGUL. ,,
CW106,,,
CW107,,,
CW108,,,
CW109,,,
CW110,,,
CW111,THICKNESS MINI THRESHOLD ,,
CW112,THICKNESS MANI THRESHOLD ,,
CW113,,,
CW114,ROLL DIAMETER COEFFICIENT (mm-->In) ,,3937-->3795
CW115,,,
CW116,,,
CW117,,,
CW118,,,
CW119,CONTACT CARRIAGE SETPOINT ,200,
CW120,TURRET POSITION A  THRESHOLD,,
CW121,TURRET POSITION A  THRESHOLD,,
CW122,TURRET POSITION B THRESHOLD,,
CW123,TURRET POSITION B  THRESHOLD,,
CW124,TURRET POSITION C THRESHOLD,,
CW125,TURRET POSITION C  THRESHOLD,,
CW126,TURRET POSITION D  THRESHOLD,,
CW127,TURRET POSITION D THRESHOLD,,
CW128,TURRET POSITION E  THRESHOLD,,
CW129,TURRET POSITION E THRESHOLD,,
CW130,TURRET POSITION F  THRESHOLD,,
CW131,TURRET POSITION F  THRESHOLD,,
CW132,TURRET POSITION G  THRESHOLD,,
CW133,TURRET POSITION G  THRESHOLD,,
CW134,TURRET POSITION H  THRESHOLD,,
CW135,TURRET POSITION H THRESHOLD,,
CW136,TURRET POSITION I  THRESHOLD,,
CW137,TURRET POSITION I  THRESHOLD,,
CW138,TURRET POSITION J THRESHOLD,,
CW139,TURRET POSITION J  THRESHOLD,,
CW140,CW ROTATION OUTPUT MATRIX (1 / 2 Rot) ,,
CW141,CCW ROTATION OUTPUT MATRIX (1 / 2 Rot) ,,
CW142,THRESHOLD HYSTERESIS VALUE ,,
CW143,,,
CW144,MAXI NUMBER OF POINTS PER ROTATION ,,
CW145,MAXI NUMBER OF POINTS PER ROTATION ,,
CW146,TURRET POSITION G WHEN CCW ROTATION,,
CW147,TURRET POSITION G WHEN CCW ROTATION,,
CW148,TURRET POSITION B WHEN CCW ROTATION,,
CW149,TURRET POSITION B WHEN CCW ROTATION,,
CW150,CARRIAGE POSITION  DIRECTION MAXI THRESHOLD ,,
CW151,CARRIAGE POSITION  DIRECTION MINI THRESHOLD ,,
CW152,CARRIAGE NEGATIVE  DIRECTION MAXI THRESHOLD ,,
CW153,CARRIAGE NEGATIVE  DIRECTION MINI THRESHOLD ,,
CW154,,,
CW155,100/PROPORTIONAL COEFFICIENT (<0),150,
CW156,100/PROPORTIONAL COEFFICIENT (<0),200,
CW157,100/INTEGRAL COEFFICIENT,0,
CW158,100/GENERAL COEFFICIENT   ,110,
CW159,,,
CW160,,,
CW161,,,
CW162,,,
CW163,,,
CW164,,,
CW165,,,
CW166,,,
CW167,,,
CW168,,,
CW169,,,
CW170,,,
CW171,,,
CW172,,,
CW173,,,
CW174,,,
CW175,,,
CW176,,,
CW177,,,
CW178,,,
CW179,,,
CW180,(ESC T) XBT-V MESSAGE                                    Nb 0 ,,
CW181,(ESC T) XBT-V MESSAGE                                    Nb 0 ,,
CW182,(ESC T) XBT-V MESSAGE                                    Nb 0 ,,
CW183,(ESC T) XBT-V MESSAGE                                    Nb 0 ,,
CW184,(ESC T) XBT-V MESSAGE                                    Nb 0 ,,
CW185,(ESC T) XBT-V MESSAGE                                    Nb 0 ,,
CW186,(ESC T) XBT-V MESSAGE                                    Nb 0 ,,
CW187,(ESC T) XBT-V MESSAGE                                    Nb 0 ,,
CW188,(ESC T) XBT-V MESSAGE                                    Nb 0 ,,
CW189,(ESC T) XBT-V MESSAGE                                    Nb 0 ,,
CW190,(ESC T) XBT-V MESSAGE                                    Nb 0 ,,
CW191,(ESC T) XBT-V MESSAGE                                    Nb 0 ,,
CW192,(ESC T) XBT-V MESSAGE                                    Nb 1,,
CW193,(ESC T) XBT-V MESSAGE                                    Nb 1,,
CW194,(ESC T) XBT-V MESSAGE                                    Nb 1,,
CW195,(ESC T) XBT-V MESSAGE                                    Nb 1,,
CW196,(ESC T) XBT-V MESSAGE                                    Nb 1,,
CW197,(ESC T) XBT-V MESSAGE                                    Nb 1,,
CW198,(ESC T) XBT-V MESSAGE                                    Nb 1,,
CW199,(ESC T) XBT-V MESSAGE                                    Nb 1,,
CW200,(ESC T) XBT-V MESSAGE                                    Nb 1,,
CW201,(ESC T) XBT-V MESSAGE                                    Nb 1,,
CW202,(ESC T) XBT-V MESSAGE                                    Nb 1,,
CW203,(ESC T) XBT-V MESSAGE                                    Nb 1,,
CW204,(ESC T) XBT-V MESSAGE                                    Nb 1,,
CW205,(ESC T) XBT-V MESSAGE                                    Nb 1,,
CW206,(ESC T) XBT-V MESSAGE                                    Nb 1,,
CW207,(ESC T) XBT-V MESSAGE                                    Nb 1,,
CW208,(ESC T) XBT-V MESSAGE                                    Nb 2,,
CW209,(ESC T) XBT-V MESSAGE                                    Nb 2,,
CW210,(ESC T) XBT-V MESSAGE                                    Nb 2,,
CW211,(ESC T) XBT-V MESSAGE                                    Nb 2,,
CW212,(ESC T) XBT-V MESSAGE                                    Nb 2,,
CW213,(ESC T) XBT-V MESSAGE                                    Nb 2,,
CW214,(ESC T) XBT-V MESSAGE                                    Nb 2,,
CW215,(ESC T) XBT-V MESSAGE                                    Nb 2,,
CW216,(ESC T) XBT-V MESSAGE                                    Nb 2,,
CW217,(ESC T) XBT-V MESSAGE                                    Nb 2,,
CW218,(ESC T) XBT-V MESSAGE                                    Nb 2,,
CW219,(ESC T) XBT-V MESSAGE                                    Nb 2,,
CW220,(ESC T) XBT-V MESSAGE                                    Nb 2,,
CW221,(ESC T) XBT-V MESSAGE                                    Nb 2,,
CW222,(ESC T) XBT-V MESSAGE                                    Nb 3,,
CW223,(ESC T) XBT-V MESSAGE                                    Nb 3,,
CW224,(ESC T) XBT-V MESSAGE                                    Nb 3,,
CW225,(ESC T) XBT-V MESSAGE                                    Nb 3,,
CW226,(ESC T) XBT-V MESSAGE                                    Nb 3,,
CW227,(ESC T) XBT-V MESSAGE                                    Nb 3,,
CW228,(ESC T) XBT-V MESSAGE                                    Nb 3,,
CW229,(ESC T) XBT-V MESSAGE                                    Nb 3,,
CW230,(ESC T) XBT-V MESSAGE                                    Nb 3,,
CW231,(ESC T) XBT-V MESSAGE                                    Nb 3,,
CW232,(ESC T) XBT-V MESSAGE                                    Nb 3,,
CW233,(ESC T) XBT-V MESSAGE                                    Nb 3,,
CW234,(ESC T) XBT-V MESSAGE                                    Nb 3,,
CW235,(ESC T) XBT-V MESSAGE                                    Nb 4,,
CW236,(ESC T) XBT-V MESSAGE                                    Nb 4,,
CW237,(ESC T) XBT-V MESSAGE                                    Nb 4,,
CW238,(ESC T) XBT-V MESSAGE                                    Nb 4,,
CW239,(ESC T) XBT-V MESSAGE                                    Nb 4,,
CW240,(ESC T) XBT-V MESSAGE                                    Nb 4,,
CW241,(ESC T) XBT-V MESSAGE                                    Nb 4,,
CW242,(ESC T) XBT-V MESSAGE                                    Nb 4,,
CW243,(ESC T) XBT-V MESSAGE                                    Nb 4,,
CW244,(ESC T) XBT-V MESSAGE                                    Nb 4,,
CW245,(ESC T) XBT-V MESSAGE                                    Nb 4,,
CW246,(ESC T) XBT-V MESSAGE                                    Nb 4,,
CW247,(ESC T) XBT-V MESSAGE                                    Nb 4,,
CW248,(ESC T) XBT-V MESSAGE                                    Nb 4,,
CW249,(ESC T) XBT-V MESSAGE                                    Nb 4,,
CW250,(ESC T) XBT-V MESSAGE                                    Nb 5,,
CW251,(ESC T) XBT-V MESSAGE                                    Nb 5,,
CW252,(ESC T) XBT-V MESSAGE                                    Nb 5,,
CW253,(ESC T) XBT-V MESSAGE                                    Nb 5,,
CW254,(ESC T) XBT-V MESSAGE                                    Nb 5,,
CW255,(ESC T) XBT-V MESSAGE                                    Nb 5,,
CW256,(ESC T) XBT-V MESSAGE                                    Nb 5,,
CW257,(ESC T) XBT-V MESSAGE                                    Nb 5,,
CW258,(ESC T) XBT-V MESSAGE                                    Nb 5,,
CW259,(ESC T) XBT-V MESSAGE                                    Nb 5,,
CW260,(ESC T) XBT-V MESSAGE                                    Nb 5,,
CW261,(ESC T) XBT-V MESSAGE                                    Nb 6,,
CW262,(ESC T) XBT-V MESSAGE                                    Nb 6,,
CW263,(ESC T) XBT-V MESSAGE                                    Nb 6,,
CW264,(ESC T) XBT-V MESSAGE                                    Nb 6,,
CW265,(ESC T) XBT-V MESSAGE                                    Nb 6,,
CW266,(ESC T) XBT-V MESSAGE                                    Nb 6,,
CW267,(ESC T) XBT-V MESSAGE                                    Nb 6,,
CW268,(ESC T) XBT-V MESSAGE                                    Nb 6,,
CW269,(ESC T) XBT-V MESSAGE                                    Nb 6,,
CW270,(ESC T) XBT-V MESSAGE                                    Nb 6,,
CW271,(ESC T) XBT-V MESSAGE                                    Nb 6,,
CW272,(ESC T) XBT-V MESSAGE                                    Nb 6,,
CW273,(ESC T) XBT-V MESSAGE                                    Nb 6,,
CW274,(ESC T) XBT-V MESSAGE                                    Nb 6,,
CW275,(ESC T) XBT-V MESSAGE                                    Nb 6,,
CW276,(ESC T) XBT-V MESSAGE                                    Nb 6,,
CW277,(ESC T) XBT-V MESSAGE                                    Nb 6,,
CW278,(ESC T) XBT-V MESSAGE                                    Nb 7,,
CW279,(ESC T) XBT-V MESSAGE                                    Nb 7,,
CW280,(ESC T) XBT-V MESSAGE                                    Nb 7,,
CW281,(ESC T) XBT-V MESSAGE                                    Nb 7,,
CW282,(ESC T) XBT-V MESSAGE                                    Nb 7,,
CW283,(ESC T) XBT-V MESSAGE                                    Nb 7,,
CW284,(ESC T) XBT-V MESSAGE                                    Nb 7,,
CW285,(ESC T) XBT-V MESSAGE                                    Nb 7,,
CW286,(ESC T) XBT-V MESSAGE                                    Nb 7,,
CW287,(ESC T) XBT-V MESSAGE                                    Nb 7,,
CW288,(ESC T) XBT-V MESSAGE                                    Nb 7,,
CW289,(ESC T) XBT-V MESSAGE                                    Nb 7,,
CW290,(ESC T) XBT-V MESSAGE                                    Nb 7,,
CW291,(ESC T) XBT-V MESSAGE                                    Nb 7,,
CW292,(ESC T) XBT-V MESSAGE                                    Nb 8,,
CW293,(ESC T) XBT-V MESSAGE                                    Nb 8,,
CW294,(ESC T) XBT-V MESSAGE                                    Nb 8,,
CW295,(ESC T) XBT-V MESSAGE                                    Nb 8,,
CW296,(ESC T) XBT-V MESSAGE                                    Nb 8,,
CW297,(ESC T) XBT-V MESSAGE                                    Nb 8,,
CW298,(ESC T) XBT-V MESSAGE                                    Nb 8,,
CW299,(ESC T) XBT-V MESSAGE                                    Nb 8,,
CW300,(ESC T) XBT-V MESSAGE                                    Nb 8,,
CW301,(ESC T) XBT-V MESSAGE                                    Nb 8,,
CW302,(ESC T) XBT-V MESSAGE                                    Nb 8,,
CW303,(ESC T) XBT-V MESSAGE                                    Nb 8,,
CW304,(ESC T) XBT-V MESSAGE                                    Nb 8,,
CW305,(ESC T) XBT-V MESSAGE                                    Nb 8,,
CW306,(ESC T) XBT-V MESSAGE                                    Nb 9,,
CW307,(ESC T) XBT-V MESSAGE                                    Nb 9,,
CW308,(ESC T) XBT-V MESSAGE                                    Nb 9,,
CW309,(ESC T) XBT-V MESSAGE                                    Nb 9,,
CW310,(ESC T) XBT-V MESSAGE                                    Nb 9,,
CW311,(ESC T) XBT-V MESSAGE                                    Nb 9,,
CW312,(ESC T) XBT-V MESSAGE                                    Nb 9,,
CW313,(ESC T) XBT-V MESSAGE                                    Nb 9,,
CW314,(ESC T) XBT-V MESSAGE                                    Nb 9,,
CW315,(ESC T) XBT-V MESSAGE                                    Nb 9,,
CW316,(ESC T) XBT-V MESSAGE                                    Nb 9,,
CW317,(ESC T) XBT-V MESSAGE                                    Nb 9,,
CW318,(ESC T) XBT-V MESSAGE                                    Nb 9,,
CW319,(ESC T) XBT-V MESSAGE                                    Nb 9,,
CW320,(ESC T) XBT-V MESSAGE                                    Nb 10,,
CW321,(ESC T) XBT-V MESSAGE                                    Nb 10,,
CW322,(ESC T) XBT-V MESSAGE                                    Nb 10,,
CW323,(ESC T) XBT-V MESSAGE                                    Nb 10,,
CW324,(ESC T) XBT-V MESSAGE                                    Nb 10,,
CW325,(ESC T) XBT-V MESSAGE                                    Nb 10,,
CW326,(ESC T) XBT-V MESSAGE                                    Nb 10,,
CW327,(ESC T) XBT-V MESSAGE                                    Nb 10,,
CW328,(ESC T) XBT-V MESSAGE                                    Nb 10,,
CW329,(ESC T) XBT-V MESSAGE                                    Nb 10,,
CW330,(ESC T) XBT-V MESSAGE                                    Nb 10,,
CW331,(ESC T) XBT-V MESSAGE                                    Nb 10,,
CW332,(ESC T) XBT-V MESSAGE                                    Nb 10,,
CW333,(ESC T) XBT-V MESSAGE                                    Nb 10,,
CW334,(ESC T) XBT-V MESSAGE                                    Nb 11,,
CW335,(ESC T) XBT-V MESSAGE                                    Nb 11,,
CW336,(ESC T) XBT-V MESSAGE                                    Nb 11,,
CW337,(ESC T) XBT-V MESSAGE                                    Nb 11,,
CW338,(ESC T) XBT-V MESSAGE                                    Nb 11,,
CW339,(ESC T) XBT-V MESSAGE                                    Nb 11,,
CW340,(ESC T) XBT-V MESSAGE                                    Nb 11,,
CW341,(ESC T) XBT-V MESSAGE                                    Nb 11,,
CW342,(ESC T) XBT-V MESSAGE                                    Nb 11,,
CW343,(ESC T) XBT-V MESSAGE                                    Nb 11,,
CW344,(ESC T) XBT-V MESSAGE                                    Nb 11,,
CW345,(ESC T) XBT-V MESSAGE                                    Nb 11,,
CW346,(ESC T) XBT-V MESSAGE                                    Nb 11,,
CW347,(ESC T) XBT-V MESSAGE                                    Nb 11,,
CW348,,,
CW349,,,
CW350,,,
CW351,,,
CW352,,,
CW353,,,
CW354,,,
CW355,,,
CW356,,,
CW357,,,
CW358,,,
CW359,,,
CW360,,,
CW361,,,
CW362,,,
CW363,,,
CW364,,,
CW365,,,
CW366,,,
CW367,,,
CW368,,,
CW369,,,
CW370,,,
CW371,,,
CW372,,,
CW373,,,
CW374,,,
CW375,,,
CW376,,,
CW377,,,
CW378,,,
CW379,,,
CW380,,,
CW381,,,
CW382,,,
CW383,,,
CW384,,,
CW385,,,
CW386,,,
CW387,,,
CW388,,,
CW389,,,
CW390,,,
CW391,,,
CW392,,,
CW393,,,
CW394,,,
CW395,,,
CW396,,,
CW397,,,
CW398,,,
CW399,,,
CW400,ROLL DIAMETER MINI ,,W90
CW401,ROLL DIAMETER MAXI,,W91
CW402,CONTACT FORCE SETPOINT INC   STEP,,W101
CW403,100/INTEGRAL COEFFICIENT,,W144
CW404,,,W311
CW405,,,W312
CW406,,,W391
CW407,,,W392
CW408,,,W393
CW409,CORE SPEED MINI THRESHOLD ,,W608
CW410,TORQUE MOTOR COEFFICIENT,,W609
CW411,RADIUS DIFF. FOR INCREASE,,W611
CW412,MIN TORQUE DIFF FOR  CORRECTION,,W613
CW413,INCREASE TORQUE CORR. STEP,,W614
CW414,SPEED CONTROL SENSIBILITY,,W620
CW415,INCREASE RADUS . STEP,,W629
CW416,PROP.  CORR. TORQUE COEF. ,,W634
CW417,TORQUE --> CURRENT COEFFICIENT,,W639
CW418,NO LOAD CURRENT MINI SETPOINT ,,W643
CW419,TENSION THRESHOLD MINI FOR COPR.  ,,W644
CW420,CORE OVER SPEED COMPARE TO LINESPEED ,,W645
CW421,CORE SPEED MINI THRESHOLD ,,W708
CW422,TORQUE MOTOR COEFFICIENT,,W709
CW423,RADIUS DIFF. FOR INCREASE,,W711
CW424,MIN TORQUE DIFF FOR  CORRECTION,,W713
CW425,INCREASE TORQUE CORR. STEP,,W714
CW426,SPEED CONTROL SENSIBILITY,,W720
CW427,INCREASE RADIUS STEP,,W729
CW428,PROP.  CORR. TORQUE COEF. ,,W734
CW429,TORQUE --> CURRENT COEFFICIENT,,W739
CW430,NO LOAD CURRENT MINI SETPOINT ,,W743
CW431,TENSION THRESHOLD MINI FOR COPR.  ,,W744
CW432,CORE OVER SPEED COMPARE TO LINESPEED ,,W745
CW433,,,W1000
CW434,,,
CW435,,,
CW436,,,
CW437,,,
CW438,,,
CW439,CONTACT ROLL ,,
CW440,,,
CW441,,,
CW442,,,
CW443,,,
CW444,,,
CW445,,,
CW446,,,
CW447,,,
CW448,,,
CW449,,,
CW450,,,
CW451,,,
CW452,,,
CW453,,,
CW454,,,
CW455,,,
CW456,,,
CW457,,,
CW458,,,
CW459,,,
CW460,,,
CW461,,,
CW462,,,
CW463,,,
CW464,,,
CW465,,,
CW466,,,
CW467,,,
CW468,,,
CW469,,,
CW470,,,
CW471,,,
CW472,,,
CW473,,,
CW474,,,
CW475,,,
CW476,,,
CW477,,,
CW478,,,
CW479,,,
CW480,,,
CW481,,,
CW482,,,
CW483,,,
CW484,,,
CW485,,,
CW486,,,
CW487,,,
CW488,,,
CW489,,,
CW490,,,
CW491,,,
CW492,,,
CW493,,,
CW494,,,
CW495,,,
CW496,,,
CW497,,,
CW498,,,
CW499,,,
CW500,VALUES NUMBER (MIN=1   MAX=46)                SR8,,AVERAGE Nb 1
CW501,MEASURE ADDRESS                                       SR8,,AVERAGE Nb 1
CW502,RESULT ADDRESS                                          SR8,,AVERAGE Nb 1
CW503,VALUES NUMBER (MIN=1   MAX=46)                SR8,,AVERAGE Nb 2
CW504,MEASURE ADDRESS                                       SR8,,AVERAGE Nb 2
CW505,RESULT ADDRESS                                          SR8,,AVERAGE Nb 2
CW506,VALUES NUMBER (MIN=1   MAX=46)                SR8,,AVERAGE Nb 3
CW507,MEASURE ADDRESS                                       SR8,,AVERAGE Nb 3
CW508,RESULT ADDRESS                                          SR8,,AVERAGE Nb 3
CW509,VALUES NUMBER (MIN=1   MAX=46)                SR8,,AVERAGE Nb 4
CW510,MEASURE ADDRESS                                       SR8,,AVERAGE Nb 4
CW511,RESULT ADDRESS                                          SR8,,AVERAGE Nb 4
CW512,VALUES NUMBER (MIN=1   MAX=46)                SR8,,AVERAGE Nb 5
CW513,MEASURE ADDRESS                                       SR8,,AVERAGE Nb 5
CW514,RESULT ADDRESS                                          SR8,,AVERAGE Nb 5
CW515,VALUES NUMBER (MIN=1   MAX=46)                SR8,,AVERAGE Nb 6
CW516,MEASURE ADDRESS                                       SR8,,AVERAGE Nb 6
CW517,RESULT ADDRESS                                          SR8,,AVERAGE Nb 6
CW518,VALUES NUMBER (MIN=1   MAX=46)                SR8,,AVERAGE Nb 7
CW519,MEASURE ADDRESS                                       SR8,,AVERAGE Nb 7
CW520,RESULT ADDRESS                                          SR8,,AVERAGE Nb 7
CW521,VALUES NUMBER (MIN=1   MAX=46)                SR8,,AVERAGE Nb 8
CW522,MEASURE ADDRESS                                       SR8,,AVERAGE Nb 8
CW523,RESULT ADDRESS                                          SR8,,AVERAGE Nb 8
CW524,,,
CW525,,,
CW526,,,
CW527,,,
CW528,,,
CW529,,,
CW530,,,
CW531,,,
CW532,,,
CW533,,,
CW534,,,
CW535,,,
CW536,,,
CW537,,,
CW538,,,
CW539,,,
CW540,,,
CW541,,,
CW542,,,
CW543,,,
CW544,,,
CW545,,,
CW546,,,
CW547,,,
CW548,,,
CW549,,,
CW550,,,
CW551,,,
CW552,,,
CW553,,,
CW554,,,
CW555,,,
CW556,,,
CW557,,,
CW558,,,
CW559,,,
CW560,,,
CW561,,,
CW562,,,
CW563,,,
CW564,,,
CW565,,,
CW566,,,
CW567,,,
CW568,,,
CW569,,,
CW570,,,
CW571,,,
CW572,,,
CW573,,,
CW574,,,
CW575,,,
CW576,,,
CW577,,,
CW578,,,
CW579,,,
CW580,,,
CW581,,,
CW582,,,
CW583,,,
CW584,,,
CW585,,,
CW586,,,
CW587,,,
CW588,,,
CW589,,,
CW590,,,
CW591,,,
CW592,,,
CW593,,,
CW594,,,
CW595,,,
CW596,,,
CW597,,,
CW598,,,
CW599,,,
CW600,,,
CW601,,,
CW602,,,
CW603,,,
CW604,,,
CW605,,,
CW606,,,
CW607,,,
CW608,,,
CW609,,,
CW610,,,
CW611,,,
CW612,,,
CW613,,,
CW614,,,
CW615,,,
CW616,,,
CW617,,,
CW618,,,
CW619,,,
CW620,,,
CW621,,,
CW622,,,
CW623,,,
CW624,,,
CW625,,,
CW626,,,
CW627,,,
CW628,,,
CW629,,,
CW630,,,
CW631,,,
CW632,,,
CW633,,,
CW634,,,
CW635,,,
CW636,,,
CW637,,,
CW638,,,
CW639,,,
CW640,,,
CW641,,,
CW642,,,
CW643,,,
CW644,,,
CW645,,,
CW646,,,
CW647,,,
CW648,,,
CW649,,,
CW650,,,
CW651,,,
CW652,,,
CW653,,,
CW654,,,
CW655,,,
CW656,,,
CW657,,,
CW658,,,
CW659,,,
CW660,,,
CW661,,,
CW662,,,
CW663,,,
CW664,,,
CW665,,,
CW666,,,
CW667,,,
CW668,,,
CW669,,,
CW670,,,
CW671,,,
CW672,,,
CW673,,,
CW674,,,
CW675,,,
CW676,,,
CW677,,,
CW678,,,
CW679,,,
CW680,,,
CW681,,,
CW682,,,
CW683,,,
CW684,,,
CW685,,,
CW686,,,
CW687,,,
CW688,,,
CW689,,,
CW690,,,
CW691,,,
CW692,,,
CW693,,,
CW694,,,
CW695,,,
CW696,,,
CW697,,,
CW698,,,
CW699,,,
CW700,,,
CW701,,,
CW702,,,
CW703,,,
CW704,,,
CW705,,,
CW706,,,
CW707,,,
CW708,,,
CW709,,,
CW710,,,
CW711,,,
CW712,,,
CW713,,,
CW714,,,
CW715,,,
CW716,,,
CW717,,,
CW718,,,
CW719,,,
CW720,,,
CW721,,,
CW722,,,
CW723,,,
CW724,,,
CW725,,,
CW726,,,
CW727,,,
CW728,,,
CW729,,,
CW730,,,
CW731,,,
CW732,,,
CW733,,,
CW734,,,
CW735,,,
CW736,,,
CW737,,,
CW738,,,
CW739,,,
CW740,,,
CW741,,,
CW742,,,
CW743,,,
CW744,,,
CW745,,,
CW746,,,
CW747,,,
CW748,,,
CW749,,,
CW750,,,
CW751,,,
CW752,,,
CW753,,,
CW754,,,
CW755,,,
CW756,,,
CW757,,,
CW758,,,
CW759,,,
CW760,,,
CW761,,,
CW762,,,
CW763,,,
CW764,,,
CW765,,,
CW766,,,
CW767,,,
CW768,,,
CW769,,,
CW770,,,
CW771,,,
CW772,,,
CW773,,,
CW774,,,
CW775,,,
CW776,,,
CW777,,,
CW778,,,
CW779,,,
CW780,,,
CW781,,,
CW782,,,
CW783,,,
CW784,,,
CW785,,,
CW786,,,
CW787,,,
CW788,,,
CW789,,,
CW790,,,
CW791,,,
CW792,,,
CW793,,,
CW794,,,
CW795,,,
CW796,,,
CW797,,,
CW798,,,
CW799,,,
CW800,,,
CW801,,,
CW802,,,
CW803,,,
CW804,,,
CW805,,,
CW806,,,
CW807,,,
CW808,,,
CW809,,,
CW810,,,
CW811,,,
CW812,,,
CW813,,,
CW814,,,
CW815,,,
CW816,,,
CW817,,,
CW818,,,
CW819,,,
CW820,,,
CW821,,,
CW822,,,
CW823,,,
CW824,,,
CW825,,,
CW826,,,
CW827,,,
CW828,,,
CW829,,,
CW830,,,
CW831,,,
CW832,,,
CW833,,,
CW834,,,
CW835,,,
CW836,,,
CW837,,,
CW838,,,
CW839,,,
CW840,,,
CW841,,,
CW842,,,
CW843,,,
CW844,,,
CW845,,,
CW846,,,
CW847,,,
CW848,,,
CW849,,,
CW850,,,
CW851,,,
CW852,,,
CW853,,,
CW854,,,
CW855,,,
CW856,,,
CW857,,,
CW858,,,
CW859,,,
CW860,,,
CW861,,,
CW862,,,
CW863,,,
CW864,,,
CW865,,,
CW866,,,
CW867,,,
CW868,,,
CW869,,,
CW870,,,
CW871,,,
CW872,,,
CW873,,,
CW874,,,
CW875,,,
CW876,,,
CW877,,,
CW878,,,
CW879,,,
CW880,,,
CW881,,,
CW882,,,
CW883,,,
CW884,,,
CW885,,,
CW886,,,
CW887,,,
CW888,,,
CW889,,,
CW890,,,
CW891,,,
CW892,,,
CW893,,,
CW894,,,
CW895,,,
CW896,,,
CW897,,,
CW898,,,
CW899,,,
CW900,,,
CW901,,,
CW902,,,
CW903,,,
CW904,,,
CW905,,,
CW906,,,
CW907,,,
CW908,,,
CW909,,,
CW910,,,
CW911,,,
CW912,,,
CW913,,,
CW914,,,
CW915,,,
CW916,,,
CW917,,,
CW918,,,
CW919,,,
CW920,,,
CW921,,,
CW922,,,
CW923,,,
CW924,,,
CW925,,,
CW926,,,
CW927,,,
CW928,,,
CW929,,,
CW930,,,
CW931,,,
CW932,,,
CW933,,,
CW934,,,
CW935,,,
CW936,,,
CW937,,,
CW938,,,
CW939,,,
CW940,,,
CW941,,,
CW942,,,
CW943,,,
CW944,,,
CW945,,,
CW946,,,
CW947,,,
CW948,,,
CW949,,,
CW950,,,
CW951,,,
CW952,,,
CW953,,,
CW954,,,
CW955,,,
CW956,,,
CW957,,,
CW958,,,
CW959,,,
CW960,,,
CW961,,,
CW962,,,
CW963,,,
CW964,,,
CW965,,,
CW966,,,
CW967,,,
CW968,,,
CW969,,,
CW970,,,
CW971,,,
CW972,,,
CW973,,,
CW974,,,
CW975,,,
CW976,,,
CW977,,,
CW978,,,
CW979,,,
CW980,,,
CW981,,,
CW982,,,
CW983,,,
CW984,,,
CW985,,,
CW986,,,
CW987,,,
CW988,,,
CW989,,,
CW990,,,
CW991,,,
CW992,,,
CW993,,,
CW994,,,
CW995,,,
CW996,,,
CW997,,,
CW998,,,
CW999,,,
CW1000,,,
CW1001,,,
CW1002,,,
CW1003,,,
CW1004,,,
CW1005,,,
CW1006,,,
CW1007,,,
CW1008,,,
CW1009,,,
CW1010,,,
CW1011,,,
CW1012,CORE SPEED MINI THRESHOLD ,100,W608
CW1013,,,
CW1014,TORGUE MOTOR COEFFICIENT,1521,W609
CW1015,,,
CW1016,"RADIUS DIFFERENCE FOR INCREASE (0,1%)",200,W611
CW1017,,,
CW1018,MINIMUM TORGUE DIFFERENCE FOR CORRENT,5,W613
CW1019,,,
CW1020,INCREASE CORRECTION TORQUE STEP,1,W614
CW1021,,,
CW1022,SPEED CONTROL SENSIBILITY,205,W620
CW1023,,,
CW1024,INCREASE RADIUS STEP ,1,W629
CW1025,,,
CW1026,PROPORTIONAL CORRECTION TORGUE COEF. ,50,W634
CW1027,,,
CW1028,TORQUE ------->  CURRENT    COEFFICIENT,278,W639
CW1029,,,
CW1030,NO LOAD CURRENT MINI SETPOINT ,190,W643
CW1031,,,
CW1032,TENSION THRESHOLD MINI FOR CORRECTION,500,W644
CW1033,,,
CW1034,CORE  OVERSPEED COMPARED TO LINE SPEED ,7,W645
CW1035,,,
CW1036,"ROLL DIAMETER MINIUM (COPY OUT W90,W91)",,"W636,W637"
CW1037,,,
CW1038,,,
CW1039,,,
CW1040,,,
CW1041,,,
CW1042,,,
CW1043,,,
CW1044,,,
CW1045,,,
CW1046,,,
CW1047,,,
CW1048,,,
CW1049,,,
CW1050,,,
CW1051,,,
CW1052,,,
CW1053,,,
CW1054,,,
CW1055,,,
CW1056,,,
CW1057,,,
CW1058,,,
CW1059,,,
CW1060,,,
CW1061,,,
CW1062,,,
CW1063,,,
CW1064,,,
CW1065,,,
CW1066,,,
CW1067,,,
CW1068,,,
CW1069,,,
CW1070,,,
CW1071,,,
CW1072,,,
CW1073,,,
CW1074,,,
CW1075,,,
CW1076,,,
CW1077,,,
CW1078,,,
CW1079,,,
CW1080,,,
CW1081,,,
CW1082,,,
CW1083,,,
CW1084,,,
CW1085,,,
CW1086,,,
CW1087,,,
CW1088,,,
CW1089,,,
CW1090,,,
CW1091,,,
CW1092,,,
CW1093,,,
CW1094,,,
CW1095,,,
CW1096,,,
CW1097,,,
CW1098,,,
CW1099,,,
CW1100,,,
CW1101,,,
CW1102,,,
CW1103,,,
CW1104,,,
CW1105,,,
CW1106,,,
CW1107,,,
CW1108,,,
CW1109,,,
CW1110,,,
CW1111,,,
CW1112,CORE SPEED MINI THRESHOLD ,100,W708
CW1113,,,
CW1114,TOGURE MOTOR COEFFICIENT ,1521,W709
CW1115,,,
CW1116,"RADIUS DIFFERENCE FOR INCREASE  (0,1%)",200,W711
CW1117,,,
CW1118,MINIMUM TORGUE DIFFERENCE FOR CORRECT,5,W713
CW1119,,,
CW1120,INCREASE CORRECTION TORQUE STEP,1,W714
CW1121,,,
CW1122,SPEED CONTROL SENSIBILITY,209,W720
CW1123,,,
CW1124,INCREASE RADIUS STEP ,1,W729
CW1125,,,
CW1126,PROPORTIONAL CORRECTION TORQUE COEF.,50,W734
CW1127,,,
CW1128,TORQUE ------->  CURRENT    COEFFICIENT,278,W739
CW1129,,,
CW1130,TENSION THERSHOLD MINI FOR CORRECTION,190,W744
CW1131,,,
CW1132,CORE OVERSPEED COMPARED TO LINE SPEED ,500,W745
CW1133,,,
CW1134,,7,
CW1135,,,
CW1136,,,
CW1137,,,
CW1138,,,
CW1139,,,
CW1140,,,
CW1141,,,
CW1142,,,
