,F16\BIT.DOC,,
PLC ADR,COMMENT,,
B 0,,,
B 1,CONF SCM XBT 1,,
B 2,CONF SCM XBT 1,,
B 3,CONF SCM XBT 1,,
B 4,CONF SCM XBT 2,,
B 5,CONF SCM XBT 2,,
B 6,CONF SCM XBT 2,,
B 7,CONF SCM MODBUS,,
B 8,CONF SCM MODBUS,,
B 9,CONF SCM MODBUS,,
B 10,CONF SCM MODBUS,,
B 11,CONF SCM UT 1,,
B 12,CONF SCM UT 1,,
B 13,CONF SCM UT 1,,
B 14,CONF SCM UT 2,,
B 15,CONF SCM UT 2,,
B 16,CONF SCM UT 2,,
B 17,CONF SCM UT 3,,
B 18,CONF SCM UT 3,,
B 19,CONF SCM UT 3,,
B 20,RUN AEM 04,,
B 21,RUN AEM 05,,
B 22,FAULT AEM 04,,
B 23,FAULT AEM 05,,
B 24,"""OU"" FAULT AEM",,
B 25,,,
B 26,,,
B 27,,,
B 28,,,
B 29,,,
B 30,TEMPO T6 SR9 XBT,,
B 31,,,
B 32,,,
B 33,,,
B 34,,,
B 35,,,
B 36,,,
B 37,,,
B 38,,,
B 39,,,
B 40,SYNCRO SCM 2116 1,,
B 41,SYNCRO SCM 2116 2,,
B 42,SYNCRO SCM 2116 3,,
B 43,,,
B 44,,,
B 45,,,
B 46,,,
B 47,,,
B 48,,,
B 49,,,
B 50,,,
B 51,,,
B 52,,,
B 53,,,
B 54,,,
B 55,,,
B 56,,,
B 57,,,
B 58,,,
B 59,MDO SPEED REFERENCE (TW 2625) = 0,,MDO SPEED REFERENCE (TW 2625) = 0
B 60,XBT 1 DIALOG FAULT,,
B 61,XBT 1 KEY POSITION,,
B 62,,,
B 63,"XBT 1 ""SET"" KEY ON",,
B 64,4 PARTITION SEND,,
B 65,"XBT 1 ""S/P"" KEY ON",,
B 66,,,
B 67,,,
B 68,,,
B 69,,,
B 70,XBT 2 DIALOG FAULT,,
B 71,XBT 2 KEY POSITION,,
B 72,,,
B 73,"XBT 2 ""SET"" KEY ON",,
B 74,4 PARTITION SEND,,
B 75,,,
B 76,,,
B 77,,,
B 78,,,
B 79,,,
B 80,,,
B 81,,,
B 82,,,
B 83,,,
B 84,,,
B 85,,,
B 86,,,
B 87,,,
B 88,,,
B 89,,,
B 90,PRODUCTION MODE,,
B 91,LOW MODE,,
B 92,INTRODUCTION MODE,,
B 93,,,
B 94,EMERGENCY STOP MEMORY,,
B 95,POWER SUPPLY APPEARANCE,,
B 96,,,
B 97,,,
B 98,,,
B 99,,,
B 100,,,
B 101,POWER ON SPEED CONTROLLER EXT 1,,
B 102,POWER ON SPEED CONTROLLER EXT 2,,
B 103,POWER ON SPEED CONTROLLER SAT 1,,
B 104,POWER ON SPEED CONTROLLER SAT 2,,
B 105,POWER ON SPEED CONTROLLER CR,,
B 106,POWER ON SPEED CONTROLLER MDO 1,,
B 107,POWER ON SPEED CONTROLLER MDO 2,,
B 108,POWER ON SPEED CONTROLLER MDO 3,,
B 109,POWER ON SPEED CONTROLLER TDO,,
B 110,POWER ON SPEED CONTROLLER PRS 1,,
B 111,POWER ON SPEED CONTROLLER PRS 2,,
B 112,POWER ON SPEED CONTROLLER AUX 1,,
B 113,POWER ON SPEED CONTROLLER AUX 2,,
B 114,POWER ON SPEED CONTROLLER WINDER,,
B 115,,,
B 116,,,
B 117,,,
B 118,,,
B 119,,,
B 120,,,
B 121,UNLOCK SPEED CONTROLLER EXT 1,,
B 122,UNLOCK SPEED CONTROLLER EXT 2,,
B 123,UNLOCK SPEED CONTROLLER SAT 1,,
B 124,UNLOCK SPEED CONTROLLER SAT 2,,
B 125,UNLOCK SPEED CONTROLLER CR,,
B 126,UNLOCK SPEED CONTROLLER MDO 1,,
B 127,UNLOCK SPEED CONTROLLER MDO 2,,
B 128,UNLOCK SPEED CONTROLLER MDO 3,,
B 129,UNLOCK SPEED CONTROLLER TDO,,
B 130,UNLOCK SPEED CONTROLLER PRS 1,,
B 131,UNLOCK SPEED CONTROLLER PRS 2,,
B 132,UNLOCK SPEED CONTROLLER AUX 1,,
B 133,UNLOCK SPEED CONTROLLER AUX 2,,
B 134,UNLOCK SPEED CONTROLLER WINDER,,
B 135,,,
B 136,,,
B 137,,,
B 138,,,
B 139,,,
B 140,,,
B 141,STOP SEQUENCE MEMORY EXT 1,,
B 142,STOP SEQUENCE MEMORY EXT 2,,
B 143,STOP SEQUENCE MEMORY SAT 1,,
B 144,STOP SEQUENCE MEMORY SAT 2,,
B 145,STOP SEQUENCE MEMORY CR,,
B 146,STOP SEQUENCE MEMORY MDO 1,,
B 147,STOP SEQUENCE MEMORY MDO 2,,
B 148,STOP SEQUENCE MEMORY MDO 3,,
B 149,STOP SEQUENCE MEMORY TDO,,
B 150,STOP SEQUENCE MEMORY PRS 1,,
B 151,STOP SEQUENCE MEMORY PRS 2,,
B 152,STOP SEQUENCE MEMORY AUX 1,,
B 153,STOP SEQUENCE MEMORY AUX 2,,
B 154,STOP SEQUENCE MEMORY WINDER,,
B 155,,,
B 156,,,
B 157,STOP PRS 1,,
B 158,STOP PRS 2,,
B 159,STOP WINDER AUX,,
B 160,,,
B 161,START SEQUENCE MEMORY EXT 1,,
B 162,START SEQUENCE MEMORY EXT 2,,
B 163,START SEQUENCE MEMORY SAT 1,,
B 164,START SEQUENCE MEMORY SAT 2,,
B 165,START SEQUENCE MEMORY CR,,
B 166,START SEQUENCE MEMORY MDO 1,,
B 167,START SEQUENCE MEMORY MDO 2,,
B 168,START SEQUENCE MEMORY MDO 3,,
B 169,START SEQUENCE MEMORY TDO,,
B 170,START SEQUENCE MEMORY PRS 1,,
B 171,START SEQUENCE MEMORY PRS 2,,
B 172,START SEQUENCE MEMORY AUX 1,,
B 173,START SEQUENCE MEMORY AUX 2,,
B 174,START SEQUENCE MEMORY WINDER,,
B 175,,,
B 176,,,
B 177,,,
B 178,,,
B 179,,,
B 180,,,
B 181,DEFECT MEMORY EXT 1,,
B 182,DEFECT MEMORY EXT 2,,
B 183,DEFECT MEMORY SAT 1,,
B 184,DEFECT MEMORY SAT 2,,
B 185,DEFECT MEMORY CR,,
B 186,DEFECT MEMORY MDO 1,,
B 187,DEFECT MEMORY MDO 2,,
B 188,DEFECT MEMORY MDO 3,,
B 189,DEFECT MEMORY TDO,,
B 190,DEFECT MEMORY PRS 1,,
B 191,DEFECT MEMORY PRS 2,,
B 192,DEFECT MEMORY AUX 1,,
B 193,DEFECT MEMORY AUX 2,,
B 194,DEFECT MEMORY WINDER,,
B 195,,,
B 196,,,
B 197,,,
B 198,,,
B 199,,,
B 200,,,
B 201,,,
B 202,,,
B 203,,,
B 204,,,
B 205,FORWARD MANUAL CR,,
B 206,FORWARD MANUAL MDO 1,,
B 207,FORWARD MANUAL MDO 2,,
B 208,FORWARD MANUAL MDO 3,,
B 209,,,
B 210,FORWARD MANUAL PRS 1,,
B 211,FORWARD MANUAL PRS 2,,
B 212,,,
B 213,,,
B 214,,,
B 215,,,
B 216,,,
B 217,,,
B 218,,,
B 219,,,
B 220,,,
B 221,,,
B 222,,,
B 223,,,
B 224,,,
B 225,BACKWARD MANUAL CR,,
B 226,BACKWARD MANUAL MDO 1,,
B 227,BACKWARD MANUAL MDO 2,,
B 228,BACKWARD MANUAL MDO 3,,
B 229,,,
B 230,BACKWARD MANUAL PRS 1,,
B 231,BACKWARD MANUAL PRS 2,,
B 232,,,
B 233,,,
B 234,,,
B 235,,,
B 236,,,
B 237,,,
B 238,,,
B 239,,,
B 240,,,
B 241,,,
B 242,,,
B 243,,,
B 244,,,
B 245,MANUAL MEMORY CR,,
B 246,MANUAL MEMORY MDO 1,,
B 247,MANUAL MEMORY MDO 2,,
B 248,MANUAL MEMORY MDO 3,,
B 249,MANUAL MEMORY TDO,,
B 250,MANUAL MEMORY PRS 1,,
B 251,MANUAL MEMORY PRS 2,,
B 252,,,
B 253,,,
B 254,,,
B 255,,,
B 256,,,
B 257,,,
B 258,,,
B 259,,,
B 260,,,
B 261,,,
B 262,,,
B 263,,,
B 264,,,
B 265,REQUEST STOP IN MANUAL CR,,
B 266,REQUEST STOP IN MANUAL MDO 1,,
B 267,REQUEST STOP IN MANUAL MDO 2,,
B 268,REQUEST STOP IN MANUAL MDO 3,,
B 269,,,
B 270,REQUEST STOP IN MANUAL PRS 1,,
B 271,REQUEST STOP IN MANUAL PRS 2,,
B 272,,,
B 273,,,
B 274,,,
B 275,,,
B 276,,,
B 277,,,
B 278,,,
B 279,,,
B 280,,,
B 281,DEFECT + D.I EXT 1,,
B 282,DEFECT + D.I EXT 2,,
B 283,DEFECT + D.I SAT 1,,
B 284,DEFECT + D.I SAT 2,,
B 285,DEFECT + D.I CR,,
B 286,DEFECT + D.I MDO 1,,
B 287,DEFECT + D.I MDO 2,,
B 288,DEFECT + D.I MDO 3,,
B 289,DEFECT + D.I TDO,,
B 290,DEFECT + D.I PRS 1,,
B 291,DEFECT + D.I PRS 2,,
B 292,DEFECT + D.I AUX 1,,
B 293,DEFECT + D.I AUX 2,,
B 294,DEFECT + D.I WINDER,,
B 295,,,
B 296,,,
B 297,,,
B 298,,,
B 299,,,
B 300,NEGATIVE VALUE FROM PC (if < 0 then 0),,
B 301,NEGATIVE VALUE FROM PC (if < 0 then 0),,
B 302,NEGATIVE VALUE FROM PC (if < 0 then 0),,
B 303,NEGATIVE VALUE FROM PC (if < 0 then 0),,
B 304,NEGATIVE VALUE FROM PC (if < 0 then 0),,
B 305,NEGATIVE VALUE FROM PC (if < 0 then 0),,
B 306,NEGATIVE VALUE FROM PC (if < 0 then 0),,
B 307,NEGATIVE VALUE FROM PC (if < 0 then 0),,
B 308,NEGATIVE VALUE FROM PC (if < 0 then 0),,
B 309,NEGATIVE VALUE FROM PC (if < 0 then 0),,
B 310,NEGATIVE VALUE FROM PC (if < 0 then 0),,
B 311,NEGATIVE VALUE FROM PC (if < 0 then 0),,
B 312,NEGATIVE VALUE FROM PC (if < 0 then 0),,
B 313,NEGATIVE VALUE FROM PC (if < 0 then 0),,
B 314,NEGATIVE VALUE FROM PC (if < 0 then 0),,
B 315,NEGATIVE VALUE FROM PC (if < 0 then 0),,
B 316,VALUE > 10000 Pts (if > 10000 then 10000),,
B 317,VALUE > 10000 Pts (if > 10000 then 10000),,
B 318,VALUE > 10000 Pts (if > 10000 then 10000),,
B 319,VALUE > 10000 Pts (if > 10000 then 10000),,
B 320,VALUE > 10000 Pts (if > 10000 then 10000),,
B 321,VALUE > 10000 Pts (if > 10000 then 10000),,
B 322,VALUE > 10000 Pts (if > 10000 then 10000),,
B 323,VALUE > 10000 Pts (if > 10000 then 10000),,
B 324,VALUE > 10000 Pts (if > 10000 then 10000),,
B 325,VALUE > 10000 Pts (if > 10000 then 10000),,
B 326,VALUE > 10000 Pts (if > 10000 then 10000),,
B 327,VALUE > 10000 Pts (if > 10000 then 10000),,
B 328,VALUE > 10000 Pts (if > 10000 then 10000),,
B 329,VALUE > 10000 Pts (if > 10000 then 10000),,
B 330,VALUE > 10000 Pts (if > 10000 then 10000),,
B 331,VALUE > 10000 Pts (if > 10000 then 10000),,
B 332,,,
B 333,,,
B 334,,,
B 335,,,
B 336,,,
B 337,,,
B 338,,,
B 339,,,
B 340,,,
B 341,,,
B 342,,,
B 343,,,
B 344,,,
B 345,,,
B 346,,,
B 347,,,
B 348,,,
B 349,,,
B 350,,,
B 351,,,
B 352,,,
B 353,,,
B 354,,,
B 355,,,
B 356,,,
B 357,,,
B 358,,,
B 359,,,
B 360,ORDER RUN EXT 1,,
B 361,ORDER RUN EXT 2,,
B 362,ORDER RUN SAT 1,,
B 363,ORDER RUN SAT 2,,
B 364,ORDER RUN CR,,
B 365,ORDER RUN MDO 1,,
B 366,ORDER RUN MDO 2,,
B 367,ORDER RUN MDO 3,,
B 368,ORDER RUN TDO,,
B 369,ORDER RUN PRS 1,,
B 370,ORDER RUN PRS 2,,
B 371,,,
B 372,,,
B 373,,,
B 374,,,
B 375,,,
B 376,,,
B 377,,,
B 378,,,
B 379,,,
B 380,START MDO 1 + WARM ROLL,,
B 381,START MDO 2 + WARM ROLL,,
B 382,START MDO 3 + WARM ROLL,,
B 383,START TDO + WARM ROLL,,
B 384,,,
B 385,,,
B 386,,,
B 387,,,
B 388,,,
B 389,,,
B 390,INTRO STRETCHING,,
B 391,LOW STRETCHING,,
B 392,PROD STRETCHING,,
B 393,HOLD STRETCHING,,
B 394,,,
B 395,,,
B 396,,,
B 397,,,
B 398,,,
B 399,,,
B 400,,,
B 401,,,
B 402,,,
B 403,,,
B 404,,,
B 405,,,
B 406,,,
B 407,,,
B 408,,,
B 409,,,
B 410,,,
B 411,,,
B 412,,,
B 413,,,
B 414,,,
B 415,,,
B 416,,,
B 417,,,
B 418,,,
B 419,,,
B 420,,,
B 421,,,
B 422,,,
B 423,,,
B 424,,,
B 425,,,
B 426,,,
B 427,,,
B 428,,,
B 429,,,
B 430,COPY W102 ,,
B 431,COPY W102 SETPOINT AUTOMATIC,,
B 432,COPY W102 SPEED/PRESSURE EXT 1,,
B 433,COPY W102 SPEED/PRESSURE EXT 2,,
B 434,COPY W102 SPEED/PRESSURE SAT 1,,
B 435,COPY W102 SPEED/PRESSURE SAT 2,,
B 436,COPY W102 ,,
B 437,COPY W102 PURGE MODE EXT 1; EXT 2,,
B 438,COPY W102 PURGE MODE SAT 1,,
B 439,COPY W102 PURGE MODE SAT 2,,
B 440,COPY W102 ,,
B 441,COPY W102 ,,
B 442,COPY W102 ,,
B 443,COPY W102 ,,
B 444,COPY W102 ,,
B 445,COPY W102 ,,
B 446,,,
B 447,,,
B 448,,,
B 449,,,
B 450,,,
B 451,,,
B 452,,,
B 453,,,
B 454,,,
B 455,,,
B 456,,,
B 457,,,
B 458,,,
B 459,,,
B 460,,,
B 461,,,
B 462,,,
B 463,,,
B 464,,,
B 465,,,
B 466,,,
B 467,,,
B 468,,,
B 469,,,
B 470,,,
B 471,,,
B 472,,,
B 473,,,
B 474,,,
B 475,,,
B 476,,,
B 477,,,
B 478,,,
B 479,,,
B 480,,,
B 481,,,
B 482,,,
B 483,,,
B 484,,,
B 485,,,
B 486,,,
B 487,,,
B 488,,,
B 489,,,
B 490,,,
B 491,,,
B 492,,,
B 493,,,
B 494,,,
B 495,,,
B 496,,,
B 497,,,
B 498,,,
B 499,,,
B 500,INVERSE VIDEO PAGE 1      RATIO EXT 1 / EXT 2,,
B 501,INVERSE VIDEO PAGE 1      PRESSURE EXT 1,,
B 502,INVERSE VIDEO PAGE 1      SPEED EXT 2,,
B 503,INVERSE VIDEO PAGE 1      PRESSURE EXT 2,,
B 504,INVERSE VIDEO PAGE 1      SPEED CR,,
B 505,INVERSE VIDEO PAGE 1 ,,
B 506,INVERSE VIDEO PAGE 1 ,,
B 507,INVERSE VIDEO PAGE 1 ,,
B 508,INVERSE VIDEO PAGE 1 ,,
B 509,INVERSE VIDEO PAGE 1 ,,
B 510,INVERSE VIDEO PAGE 1 ,,
B 511,INVERSE VIDEO PAGE 1 ,,
B 512,INVERSE VIDEO PAGE 1 ,,
B 513,INVERSE VIDEO PAGE 1 ,,
B 514,INVERSE VIDEO PAGE 1 ,,
B 515,INVERSE VIDEO PAGE 1 ,,
B 516,INVERSE VIDEO PAGE 2      SPEED SAT 1,,
B 517,INVERSE VIDEO PAGE 2      PRESSURE SAT 1,,
B 518,INVERSE VIDEO PAGE 2      SPEED CR,,
B 519,INVERSE VIDEO PAGE 2      PRESSURE SAT 2,,
B 520,INVERSE VIDEO PAGE 2      SPEED SAT 2,,
B 521,INVERSE VIDEO PAGE 2 ,,
B 522,INVERSE VIDEO PAGE 2 ,,
B 523,INVERSE VIDEO PAGE 2 ,,
B 524,INVERSE VIDEO PAGE 2 ,,
B 525,INVERSE VIDEO PAGE 2 ,,
B 526,INVERSE VIDEO PAGE 2 ,,
B 527,INVERSE VIDEO PAGE 2 ,,
B 528,INVERSE VIDEO PAGE 2 ,,
B 529,INVERSE VIDEO PAGE 2 ,,
B 530,INVERSE VIDEO PAGE 2 ,,
B 531,INVERSE VIDEO PAGE 2 ,,
B 532,INVERSE VIDEO PAGE 3      SPEED CR,,
B 533,INVERSE VIDEO PAGE 3      FRICTION MDO 1 / CR,,
B 534,INVERSE VIDEO PAGE 3      FRICTION TDO / MDO 3,,
B 535,INVERSE VIDEO PAGE 3      GAUGE TDO / MDO 3,,
B 536,INVERSE VIDEO PAGE 3 ,,
B 537,INVERSE VIDEO PAGE 3 ,,
B 538,INVERSE VIDEO PAGE 3 ,,
B 539,INVERSE VIDEO PAGE 3 ,,
B 540,INVERSE VIDEO PAGE 3 ,,
B 541,INVERSE VIDEO PAGE 3 ,,
B 542,INVERSE VIDEO PAGE 3 ,,
B 543,INVERSE VIDEO PAGE 3 ,,
B 544,INVERSE VIDEO PAGE 3 ,,
B 545,INVERSE VIDEO PAGE 3 ,,
B 546,INVERSE VIDEO PAGE 3 ,,
B 547,INVERSE VIDEO PAGE 3 ,,
B 548,INVERSE VIDEO PAGE 4      FRICTION PRS 2 / PRS 1,,
B 549,INVERSE VIDEO PAGE 4      FRICTION PRS 1 / TDO,,
B 550,INVERSE VIDEO PAGE 4 ,,
B 551,INVERSE VIDEO PAGE 4 ,,
B 552,INVERSE VIDEO PAGE 4 ,,
B 553,INVERSE VIDEO PAGE 4 ,,
B 554,INVERSE VIDEO PAGE 4 ,,
B 555,INVERSE VIDEO PAGE 4 ,,
B 556,INVERSE VIDEO PAGE 4 ,,
B 557,INVERSE VIDEO PAGE 4 ,,
B 558,INVERSE VIDEO PAGE 4 ,,
B 559,INVERSE VIDEO PAGE 4 ,,
B 560,INVERSE VIDEO PAGE 4 ,,
B 561,INVERSE VIDEO PAGE 4 ,,
B 562,INVERSE VIDEO PAGE 4 ,,
B 563,INVERSE VIDEO PAGE 4 ,,
B 564,,,
B 565,,,
B 566,,,
B 567,,,
B 568,,,
B 569,,,
B 570,RUN VARIATOR FOR DISPLAY EXT 1,,
B 571,RUN VARIATOR FOR DISPLAY EXT 2,,
B 572,RUN VARIATOR FOR DISPLAY SAT 1,,
B 573,RUN VARIATOR FOR DISPLAY SAT 2,,
B 574,RUN VARIATOR FOR DISPLAY CR,,
B 575,RUN VARIATOR FOR DISPLAY MDO 1,,
B 576,RUN VARIATOR FOR DISPLAY MDO 2,,
B 577,RUN VARIATOR FOR DISPLAY MDO 3,,
B 578,RUN VARIATOR FOR DISPLAY TDO,,
B 579,RUN VARIATOR FOR DISPLAY PRS 1,,
B 580,RUN VARIATOR FOR DISPLAY PRS 2,,
B 581,,,
B 582,,,
B 583,,,
B 584,,,
B 585,,,
B 586,,,
B 587,,,
B 588,,,
B 589,,,
B 590,DEFECT VARIATOR FOR DISPLAY EXT 1,,
B 591,DEFECT VARIATOR FOR DISPLAY EXT 2,,
B 592,DEFECT VARIATOR FOR DISPLAY SAT 1,,
B 593,DEFECT VARIATOR FOR DISPLAY SAT 2,,
B 594,DEFECT VARIATOR FOR DISPLAY CR,,
B 595,DEFECT VARIATOR FOR DISPLAY MDO 1,,
B 596,DEFECT VARIATOR FOR DISPLAY MDO 2,,
B 597,DEFECT VARIATOR FOR DISPLAY MDO 3,,
B 598,DEFECT VARIATOR FOR DISPLAY TDO,,
B 599,DEFECT VARIATOR FOR DISPLAY PRS 1,,
B 600,DEFECT VARIATOR FOR DISPLAY PRS 2,,
B 601,,,
B 602,,,
B 603,,,
B 604,,,
B 605,,,
B 606,,,
B 607,,,
B 608,,,
B 609,,,
B 610,PRESSURE MODE EXT 1,,
B 611,PRESSURE MODE EXT 2,,
B 612,PRESSURE MODE SAT 1,,
B 613,PRESSURE MODE SAT 2,,
B 614,,,
B 615,PRESSURE MODE PERMITTED EXT 1,,
B 616,PRESSURE MODE PERMITTED EXT 2,,
B 617,PRESSURE MODE PERMITTED SAT 1,,
B 618,PRESSURE MODE PERMITTED SAT 2,,
B 619,DISPLAY ON XBT S -> P EXT 1,,
B 620,DISPLAY ON XBT S -> P EXT 2,,
B 621,DISPLAY ON XBT S -> P SAT 1,,
B 622,DISPLAY ON XBT S -> P SAT 2,,
B 623,,,
B 624,,,
B 625,PURGE MODE EXT 1 / EXT 2,,
B 626,ORDER PRESSURE MODE EXT 1,,
B 627,,,
B 628,ORDER PRESSURE MODE EXT 2,,
B 629,PURGE MODE SAT 1,,
B 630,ORDER PRESSURE MODE SAT 1,,
B 631,PURGE MODE SAT 2,,
B 632,ORDER PRESSURE MODE SAT 2,,
B 633,,,
B 634,GAUGE IN REGULATION,,
B 635,BIT FOR STRETCHING,,
B 636,BIT FOR STRETCHING,,
B 637,BIT FOR STRETCHING,,
B 638,,,
B 639,,,
B 640,AUTOMATIC MODE FOR SPEED EXT,,
B 641,AUTOMATIC MODE FOR SPEED SAT 1,,
B 642,AUTOMATIC MODE FOR SPEED SAT 2,,
B 643,AUTOMATIC MODE PERMITTED EXT,,
B 644,AUTOMATIC MODE PERMITTED SAT 1,,
B 645,AUTOMATIC MODE PERMITTED SAT 2,,
B 646,"""OR"" AUTOMATIC MODE PERMITTED",,
B 647,,,
B 648,MDO DANCING ROLL,,
B 649,TDO DANCING ROLL,,
B 650,ORDER AUTOMATIC MODE EXT,,
B 651,ORDER AUTOMATIC MODE SAT 1,,
B 652,ORDER AUTOMATIC MODE SAT 2,,
B 653,,,
B 654,,,
B 655,,,
B 656,,,
B 657,,,
B 658,,,
B 659,,,
B 660,LOW SPEED SAT 1 if BREAK,,
B 661,LOW SPEED SAT 2 if BREAK,,
B 662,,,
B 663,,,
B 664,,,
B 665,,,
B 666,,,
B 667,,,
B 668,,,
B 669,,,
B 670,,,
B 671,,,
B 672,,,
B 673,,,
B 674,,,
B 675,,,
B 676,,,
B 677,,,
B 678,,,
B 679,,,
B 680,,,
B 681,,,
B 682,,,
B 683,,,
B 684,,,
B 685,,,
B 686,,,
B 687,,,
B 688,,,
B 689,,,
B 690,,,
B 691,,,
B 692,,,
B 693,,,
B 694,,,
B 695,,,
B 696,,,
B 697,,,
B 698,,,
B 699,,,
,,,
,,,
