,F12\BIT.DOC
B 0,
B 1,1 SEC PULSE
B 2,1 SEC PULSE BIT
B 3,100 MS PULSE
B 4,100 MS SYSTEM BIT
B 5,
B 6,
B 7,
B 8,
B 9,
B 10,CONFIGURATION CARD AEM 413 RACK 0-1 TXT0
B 11,CONFIGURATION CARD AEM 413 RACK 0-2 TXT1
B 12,CONFIGURATION CARD AEM 413 RACK 0-3 TXT2
B 13,CONFIGURATION CARD AEM 413 RACK 0-4 TXT3
B 14,CONFIGURATION CARD AEM 413 RACK 0-5 TXT4
B 15,CONFIGURATION CARD AEM 413 RACK 0-6 TXT5
B 16,CONFIGURATION CARD AEM 413 RACK 0-7 TXT6
B 17,
B 18,
B 19,
B 20,CONFIGURATION CARD AEM 413 RACK 4-0 TXT7
B 21,CONFIGURATION CARD AEM 413 RACK 4-1 TXT8
B 22,CONFIGURATION CARD AEM 413 RACK 4-2 TXT9
B 23,CONFIGURATION CARD AEM 413 RACK 4-3 TXT10
B 24,CONFIGURATION CARD AEM 413 RACK 4-4 TXT11
B 25,CONFIGURATION CARD AEM 413 RACK 4-5 TXT12
B 26,CONFIGURATION CARD AEM 413 RACK 4-6 TXT13
B 27,CONFIGURATION CARD AEM 413 RACK 4-7 TXT14
B 28,
B 29,
B 30,
B 31,
B 32,CONFIGURATION CARD AEM 811 RACK 6-2 TXT17
B 33,CONFIGURATION CARD AEM 811 RACK 6-2 TXT17
B 34,CONFIGURATION CARD AEM 811 RACK 6-3 TXT18
B 35,CONFIGURATION CARD AEM 811 RACK 6-3 TXT18
B 36,CONFIGURATION CARD AEM 811 RACK 6-3 TXT19
B 37,CONFIGURATION CARD AEM 811 RACK 6-3 TXT19
B 38,
B 39,
B 40,
B 41,
B 42,MODBUS CONFIGURED CARD SCM 2222 CHANNEL OK
B 43,COLD START AND WARM START
B 44,MODULE CONFIGURED
B 45,MODULE VALUES
B 46,
B 47,EXCHANGE BLOCK TEXT FINISHED WITHOUT DEFECT
B 48,BIT DEFECT
B 49,RECEPTION MESSAGE
B 50,
B 51,
B 52,
B 53,
B 54,
B 55,
B 56,
B 57,
B 58,
B 59,
B 60,
B 61,
B 62,
B 63,
B 64,
B 65,
B 66,
B 67,
B 68,
B 69,
B 70,
B 71,
B 72,
B 73,
B 74,
B 75,
B 76,
B 77,
B 78,
B 79,
B 80,BIT RELEASE DEFECT
B 81,
B 82,
B 83,
B 84,
B 85,
B 86,
B 87,
B 88,
B 89,
B 90,
B 91,
B 92,
B 93,
B 94,
B 95,
B 96,
B 97,
B 98,
B 99,
B 100,LOW LEVEL ALARM SATELLITE EXT1
B 101,LOW LEVEL ALARM SATELLITE EXT1
B 102,LOW LEVEL ALARM SATELLITE EXT1
B 103,DIFFERENTIAL HIGH PRESSURE ALARM SATELLITE EXT1
B 104,DIFFERENTIAL HIGH PRESSURE ALARM SATELLITE EXT1
B 105,DIFFERENTIAL HIGH PRESSURE ALARM SATELLITE EXT1
B 106,DIFFERENTIAL HIGH PRESSURE ALARM SATELLITE EXT1
B 107,DIFFERENTIAL HIGH PRESSURE ALARM SATELLITE EXT1
B 108,DIFFERENTIAL HIGH PRESSURE ALARM SATELLITE EXT1
B 109,LOW PRESSURE ALARM SATELLITE EXT1
B 110,LOW PRESSURE ALARM SATELLITE EXT1
B 111,LOW PRESSURE ALARM SATELLITE EXT1
B 112,LOW FLOW ALARM SATELLITE EXT1
B 113,LOW FLOW ALARM SATELLITE EXT1
B 114,LOW FLOW ALARM SATELLITE EXT1
B 115,SATELLITE EXT1 HYDRAULIC GROUP
B 116,SATELLITE EXT1 HYDRAULIC GROUP
B 117,SAT EXT1 HEATER E100
B 118,SAT EXT1 HEATER E100
B 119,SAT EXT1 HEATER E100
B 120,SAT EXT1 HEATER E101
B 121,SAT EXT1 HEATER E101
B 122,SAT EXT1 HEATER E101
B 123,SAT EXT1 HEATER E102
B 124,SAT EXT1 HEATER E102
B 125,SAT EXT1 HEATER E102
B 126,SAT EXT1 HEATER E103
B 127,SAT EXT1 HEATER E103
B 128,SAT EXT1 HEATER E103
B 129,SAT EXT1 HEATER E104
B 130,SAT EXT1 HEATER E104
B 131,SAT EXT1 HEATER E104
B 132,SAT EXT1 HEATER E105
B 133,SAT EXT1 HEATER E105
B 134,SAT EXT1 HEATER E105
B 135,SAT EXT1 HEATER E106
B 136,SAT EXT1 HEATER E106
B 137,SAT EXT1 HEATER E106
B 138,SAT EXT1 ADAPTER E107
B 139,SAT EXT1 ADAPTER E107
B 140,SAT EXT1 ADAPTER E107
B 141,SAT EXT1 FILTER E108
B 142,SAT EXT1 FILTER E108
B 143,SAT EXT1 FILTER E108
B 144,SAT EXT1 BLOWER ZONE 1
B 145,SAT EXT1 BLOWER ZONE 1
B 146,SAT EXT1 BLOWER ZONE 2
B 147,SAT EXT1 BLOWER ZONE 2
B 148,SAT EXT1 BLOWER ZONE 3
B 149,SAT EXT1 BLOWER ZONE 3
B 150,SAT EXT1 BLOWER ZONE 4
B 151,SAT EXT1 BLOWER ZONE 4
B 152,SAT EXT1 BLOWER ZONE 5
B 153,SAT EXT1 BLOWER ZONE 5
B 154,SAT EXT1 BLOWER ZONE 6
B 155,SAT EXT1 BLOWER ZONE 6
B 156,SAT EXT1 BLOWER ZONE 7
B 157,SAT EXT1 BLOWER ZONE 7
B 158,SAT EXT1 INTERLOCK FOR DC DRIVE STEP 0
B 159,SAT EXT1 INTERLOCK FOR DC DRIVE STEP 1
B 160,
B 161,
B 162,
B 163,
B 164,
B 165,
B 166,
B 167,
B 168,
B 169,
B 170,
B 171,
B 172,
B 173,
B 174,
B 175,
B 176,
B 177,
B 178,
B 179,
B 180,
B 181,
B 182,
B 183,
B 184,
B 185,
B 186,
B 187,
B 188,
B 189,
B 190,
B 191,
B 192,
B 193,
B 194,
B 195,
B 196,
B 197,
B 198,
B 199,
B 200,DIFFERENTIAL HIGH PRESSURE ALARM SAT EXT2 DPSH STEP 0
B 201,DIFFERENTIAL HIGH PRESSURE ALARM SAT EXT2 DPSH STEP 1
B 202,DIFFERENTIAL HIGH PRESSURE ALARM SAT EXT2 DPSH STEP 2
B 203,DIFFERENTIAL HIGH PRESSURE ALARM SAT EXT2 DPSH STEP 0
B 204,DIFFERENTIAL HIGH PRESSURE ALARM SAT EXT2 DPSH STEP 1
B 205,DIFFERENTIAL HIGH PRESSURE ALARM SAT EXT2 DPSH STEP 2
B 206,LOW FLOW ALARM SAT EXT2
B 207,LOW FLOW ALARM SAT EXT2
B 208,LOW FLOW ALARM SAT EXT2
B 209,LOW PRESSURE ALARM SAT EXT2
B 210,LOW PRESSURE ALARM SAT EXT2
B 211,LOW PRESSURE ALARM SAT EXT2
B 212,SAT EXT2 HYDRAULIC GROUP
B 213,SAT EXT2 HYDRAULIC GROUP
B 214,SAT EXT2 HEATER E110
B 215,SAT EXT2 HEATER E110
B 216,SAT EXT2 HEATER E110
B 217,SAT EXT2 HEATER E111
B 218,SAT EXT2 HEATER E111
B 219,SAT EXT2 HEATER E111
B 220,SAT EXT2 HEATER E112
B 221,SAT EXT2 HEATER E112
B 222,SAT EXT2 HEATER E112
B 223,SAT EXT2 HEATER E113
B 224,SAT EXT2 HEATER E113
B 225,SAT EXT2 HEATER E113
B 226,SAT EXT2 HEATER E114
B 227,SAT EXT2 HEATER E114
B 228,SAT EXT2 HEATER E114
B 229,SAT EXT2 HEATER E115
B 230,SAT EXT2 HEATER E115
B 231,SAT EXT2 HEATER E115
B 232,SAT EXT2 HEATER E116
B 233,SAT EXT2 HEATER E116
B 234,SAT EXT2 HEATER E116
B 235,SAT EXT2 ADAPTER HEATER E117
B 236,SAT EXT2 ADAPTER HEATER E117
B 237,SAT EXT2 ADAPTER HEATER E117
B 238,SAT EXT2 FILTER HEATER E118
B 239,SAT EXT2 FILTER HEATER E118
B 240,SAT EXT2 FILTER HEATER E118
B 241,SAT EXT2 BLOWER ZONE 1
B 242,SAT EXT2 BLOWER ZONE 1
B 243,SAT EXT2 BLOWER ZONE 2
B 244,SAT EXT2 BLOWER ZONE 2
B 245,SAT EXT2 BLOWER ZONE 3
B 246,SAT EXT2 BLOWER ZONE 3
B 247,SAT EXT2 BLOWER ZONE 4
B 248,SAT EXT2 BLOWER ZONE 4
B 249,SAT EXT2 BLOWER ZONE 5
B 250,SAT EXT2 BLOWER ZONE 5
B 251,SAT EXT2 BLOWER ZONE 6
B 252,SAT EXT2 BLOWER ZONE 6
B 253,SAT EXT2 BLOWER ZONE 7
B 254,SAT EXT2 BLOWER ZONE 7
B 255,LOW LEVEL ALARM SAT EXT2
B 256,LOW LEVEL ALARM SAT EXT2
B 257,INTERLOCK SAT EXT2 NOT OK
B 258,INTERLOCK SAT EXT2 NOT OK
B 259,SAT EXT2 INTERLOCK OK
B 260,LSL 1124.03 RESET
B 261,LSL 1124.03 SET
B 262,LSL 1124.03 LAST FOR (T42) TIME
B 263,
B 264,
B 265,
B 266,
B 267,
B 268,
B 269,
B 270,
B 271,
B 272,
B 273,
B 274,
B 275,
B 276,
B 277,
B 278,
B 279,
B 280,
B 281,
B 282,
B 283,
B 284,
B 285,
B 286,
B 287,
B 288,
B 289,
B 290,
B 291,
B 292,
B 293,
B 294,
B 295,
B 296,
B 297,
B 298,
B 299,
B 300,DIFFERENTIAL HIGH PRESSURE ALARM STEP 0
B 301,DIFFERENTIAL HIGH PRESSURE ALARM STEP 1
B 302,DIFFERENTIAL HIGH PRESSURE ALARM STEP 2
B 303,DIFFERENTIAL HIGH PRESSURE ALARM STEP 0
B 304,DIFFERENTIAL HIGH PRESSURE ALARM STEP 1
B 305,DIFFERENTIAL HIGH PRESSURE ALARM STEP 2
B 306,LOW FLOW ALARM
B 307,LOW FLOW ALARM
B 308,LOW FLOW ALARM    
B 309,LOW PRESSURE ALARM
B 310,LOW PRESSURE ALARM
B 311,LOW PRESSURE ALARM
B 312,VALVE SV 1200.00
B 313,VALVE SV 1200.00
B 314,VALVE SV 1200.00
B 315,HYDRAULIC GROUP
B 316,HYDRAULIC GROUP
B 317,RELEASE DEFECT FSL 1200.25
B 318,MAIN EXT1 COOLING PUMP RUNNING             M1200.05
B 319,MAIN EXT1 COOLING PUMP RUNNING FOR (T14)
B 320,LOW LEVEL ALARM LSL FROM HOPPER
B 321,LOW LEVEL ALARM LSL FROM HOPPER
B 322,LOW LEVEL ALARM LSL FROM HOPPER
B 323,MAIN EXT1 HEATER E120 STEP 0
B 324,MAIN EXT1 HEATER E120 STEP 1
B 325,MAIN EXT1 HEATER E120 STEP 2
B 326,MAIN EXT1 HEATER E121
B 327,MAIN EXT1 HEATER E121
B 328,MAIN EXT1 HEATER E121
B 329,MAIN EXT1 HEATER E122
B 330,MAIN EXT1 HEATER E122
B 331,MAIN EXT1 HEATER E122
B 332,MAIN EXT1 HEATER E123
B 333,MAIN EXT1 HEATER E123
B 334,MAIN EXT1 HEATER E123
B 335,MAIN EXT1 HEATER E124
B 336,MAIN EXT1 HEATER E124
B 337,MAIN EXT1 HEATER E124
B 338,MAIN EXT1 HEATER E125
B 339,MAIN EXT1 HEATER E125
B 340,MAIN EXT1 HEATER E125
B 341,MAIN EXT1 HEATER E126
B 342,MAIN EXT1 HEATER E126
B 343,MAIN EXT1 HEATER E126
B 344,MAIN EXT1 HEATER E127
B 345,MAIN EXT1 HEATER E127
B 346,MAIN EXT1 HEATER E127
B 347,MAIN EXT1 MELT LINE E130
B 348,MAIN EXT1 MELT LINE E130
B 349,MAIN EXT1 MELT LINE E130
B 350,MAIN EXT1 HEATER E131
B 351,MAIN EXT1 HEATER E131
B 352,MAIN EXT1 HEATER E131
B 353,MAIN EXT1 HEATER E132
B 354,MAIN EXT1 HEATER E132
B 355,MAIN EXT1 HEATER E132
B 356,MAIN EXT1 HEATER E133
B 357,MAIN EXT1 HEATER E133
B 358,MAIN EXT1 HEATER E133
B 359,MAIN EXT1 PUMP E168
B 360,MAIN EXT1 PUMP E168
B 361,MAIN EXT INTERLOCK NOT OK
B 362,MAIN EXT INTERLOCK OK
B 363,MAIN EXT1 LOW LEVEL ALARM FROM HOPPER
B 364,MAIN EXT1 LSH LEVEL ALARM FROM HOPPER
B 365,LSL MELT LINE
B 366,LSL MELT LINE
B 367,LSL MELT LINE
B 368,PRI LOST INTERLOACK WHILE RUNNING 
B 369,SEC LOST INTERLOACK WHILE RUNNING
B 370,
B 371,
B 372,
B 373,
B 374,
B 375,
B 376,
B 377,
B 378,
B 379,
B 380,
B 381,
B 382,
B 383,
B 384,
B 385,
B 386,
B 387,
B 388,
B 389,
B 390,
B 391,
B 392,
B 393,
B 394,
B 395,
B 396,
B 397,
B 398,
B 399,
B 400,LOW LEVEL ALARM FSL STEP 0
B 401,LOW LEVEL ALARM FSL STEP 1
B 402,LOW LEVEL ALARM FSL STEP 2
B 403,LOW PRESSURE ALARM PSL
B 404,LOW PRESSURE ALARM PSL
B 405,LOW PRESSURE ALARM PSL
B 406,DIFFERENTIAL HIGH PRESSURE ALARM DPSH
B 407,DIFFERENTIAL HIGH PRESSURE ALARM DPSH
B 408,DIFFERENTIAL HIGH PRESSURE ALARM DPSH
B 409,DIFFERENTIAL HIGH PRESSURE ALARM DPSH
B 410,DIFFERENTIAL HIGH PRESSURE ALARM DPSH
B 411,DIFFERENTIAL HIGH PRESSURE ALARM DPSH
B 412,LOW FLOW ALARM FSL
B 413,LOW FLOW ALARM FSL
B 414,LOW FLOW ALARM FSL
B 415,MAIN EXT2 HEATER E140
B 416,MAIN EXT2 HEATER E140
B 417,MAIN EXT2 HEATER E140
B 418,MAIN EXT2 HEATER E141
B 419,MAIN EXT2 HEATER E141
B 420,MAIN EXT2 HEATER E141
B 421,MAIN EXT2 HEATER E142
B 422,MAIN EXT2 HEATER E142
B 423,MAIN EXT2 HEATER E142
B 424,MAIN EXT2 HEATER E143
B 425,MAIN EXT2 HEATER E143
B 426,MAIN EXT2 HEATER E143
B 427,MAIN EXT2 HEATER E144
B 428,MAIN EXT2 HEATER E144
B 429,MAIN EXT2 HEATER E144
B 430,MAIN EXT2 HEATER E145
B 431,MAIN EXT2 HEATER E145
B 432,MAIN EXT2 HEATER E145
B 433,MAIN EXT2 HEATER E146
B 434,MAIN EXT2 HEATER E146
B 435,MAIN EXT2 HEATER E146
B 436,MAIN EXT2 HEATER E147
B 437,MAIN EXT2 HEATER E147
B 438,MAIN EXT2 HEATER E147
B 439,MAIN EXT2 HEATER E149
B 440,MAIN EXT2 HEATER E149
B 441,MAIN EXT2 HEATER E149
B 442,MAIN EXT2 HEATER E150
B 443,MAIN EXT2 HEATER E150
B 444,MAIN EXT2 HEATER E150
B 445,MAIN EXT2 HEATER E151
B 446,MAIN EXT2 HEATER E151
B 447,MAIN EXT2 HEATER E151
B 448,MAIN EXT2 HEATER E153
B 449,MAIN EXT2 HEATER E153
B 450,MAIN EXT2 HEATER E153
B 451,MAIN EXT2 HEATER E154
B 452,MAIN EXT2 HEATER E154
B 453,MAIN EXT2 HEATER E154
B 454,MAIN EXT2 HEATER E155
B 455,MAIN EXT2 HEATER E155
B 456,MAIN EXT2 HEATER E155
B 457,MAIN EXT2 HEATER E156
B 458,MAIN EXT2 HEATER E156
B 459,MAIN EXT2 HEATER E156
B 460,MAIN EXT2 HEATER E157
B 461,MAIN EXT2 HEATER E157
B 462,MAIN EXT2 HEATER E157
B 463,MAIN EXT2 HEATER E158
B 464,MAIN EXT2 HEATER E158
B 465,MAIN EXT2 HEATER E158
B 466,MAIN EXT2 HEATER E159
B 467,MAIN EXT2 HEATER E159
B 468,MAIN EXT2 HEATER E159
B 469,MAIN EXT2 INTERLOCK NOT OK
B 470,MAIN EXT2 INTERLOCK OK
B 471,HYDRAULIC STEP 0
B 472,HYDRAULIC STEP 1
B 473,
B 474,
B 475,FAULT OF HYDRAULIC PUMP FOR MAIN EXT2           M1231.01
B 476,M1231.01 -> START
B 477,
B 478,
B 479,
B 480,"COPY FROM B780, START ""SAT EXT1"" EQUIPMENTS"
B 481,"COPY FROM B781, START ""EXT1 FILTER"" EQUIPMENTS"
B 482,"COPY FROM B786, START ""MAIN EXT1"" EQUIPMENTS"
B 483,"COPY FROM B788, START ""EXT1 MELT LINE"" EQUIPMENTS"
B 484,"COPY FROM B789, START ""MAIN EXT2"" EQUIPMENTS"
B 485,"COPY FROM B791, START ""MAIN EXT2 MELT LINE"" EQUIPMENTS"
B 486,"COPY FROM B792, START ""DIE"" EQUIPMENTS"
B 487,
B 488,
B 489,
B 490,STOP MAIN EXT SV 1200.00
B 491,
B 492,MAIN EXT1 -> NOT RUNNING
B 493,ALL EXT NOT RUNNING
B 494,
B 495,
B 496,
B 497,
B 498,
B 499,
B 500,TEMPERATURE OK SAT EXT1 ZONE 1
B 501,TEMPERATURE OK SAT EXT1 ZONE 2
B 502,TEMPERATURE OK SAT EXT1 ZONE 3
B 503,TEMPERATURE OK SAT EXT1 ZONE 4
B 504,TEMPERATURE OK SAT EXT1 ZONE 5
B 505,TEMPERATURE OK SAT EXT1 ZONE 6
B 506,TEMPERATURE OK SAT EXT1 ZONE 7
B 507,TEMPERATURE OK SAT EXT1 ADAPTER
B 508,TEMPERATURE OK SAT EXT1 FILTER
B 509,TEMPERATURE OK SAT EXT1 MELT LINE
B 510,TEMPERATURE OK SAT EXT2 ZONE 1
B 511,TEMPERATURE OK SAT EXT2 ZONE 2
B 512,TEMPERATURE OK SAT EXT2 ZONE 3
B 513,TEMPERATURE OK SAT EXT2 ZONE 4
B 514,TEMPERATURE OK SAT EXT2 ZONE 5
B 515,TEMPERATURE OK SAT EXT2 ZONE 6
B 516,TEMPERATURE OK SAT EXT2 ZONE 7
B 517,TEMPERATURE OK SAT EXT2 ADAPTER
B 518,TEMPERATURE OK SAT EXT2 FILTER
B 519,TEMPERATURE OK SAT EXT2 MELT LINE
B 520,TEMPERATURE OK MAIN EXT1 ZONE 1
B 521,TEMPERATURE OK MAIN EXT1 ZONE 2
B 522,TEMPERATURE OK MAIN EXT1 ZONE 3
B 523,TEMPERATURE OK MAIN EXT1 ZONE 4
B 524,TEMPERATURE OK MAIN EXT1 ADAPTER
B 525,TEMPERATURE OK MAIN EXT1 ADAPTER
B 526,TEMPERATURE OK MAIN EXT1 FILTER
B 527,TEMPERATURE OK MAIN EXT1 ADAPTER
B 528,
B 529,
B 530,TEMP MAIN EXT1 MELT LINE R330
B 531,TEMP MAIN EXT1 MELT LINE R331
B 532,TEMP MAIN EXT1 MELT LINE R332
B 533,TEMP MAIN EXT1 MELT LINE R333
B 534,
B 535,
B 536,
B 537,
B 538,
B 539,
B 540,TEMPERATURE OK MAIN EXT2 ZONE 1
B 541,TEMPERATURE OK MAIN EXT2 ZONE 2
B 542,TEMPERATURE OK MAIN EXT2 ZONE 3
B 543,TEMPERATURE OK MAIN EXT2 ZONE 4
B 544,TEMPERATURE OK MAIN EXT2 ADAPTER
B 545,TEMPERATURE OK MAIN EXT2 ADAPTER
B 546,TEMPERATURE OK MAIN EXT2 FILTER
B 547,TEMPERATURE OK MAIN EXT2 ADAPTER
B 548,TEMPERATURE OK MAIN EXT2 MELT LINE
B 549,TEMPERATURE OK MAIN EXT2 MELT LINE
B 550,TEMP OK MAIN EXT2 STATIC MIXER
B 551,TEMP OK MAIN EXT2 STATIC MIXER CONNECTION
B 552,
B 553,
B 554,TEMP OK MAIN EXT2              R352
B 555,TEMP OK DIE ZONE 1
B 556,TEMP OK DIE ZONE 2
B 557,TEMP OK DIE ZONE 3
B 558,TEMP OK DIE ZONE 4
B 559,TEMP OK DIE ZONE 5
B 560,TEMP OK DIE ZONE 6
B 561,TEMP OK DIE ZONE 7
B 562,
B 563,
B 564,
B 565,
B 566,
B 567,
B 568,
B 569,
B 570,SAT1 TEMP OK
B 571,SAT2 TEMP OK
B 572,MAIN EXT1 TEMP OK
B 573,MAIN EXT2 TEMP OK
B 574,DIE TEMP OK
B 575,
B 576,
B 577,
B 578,
B 579,
B 580,
B 581,
B 582,
B 583,
B 584,
B 585,
B 586,
B 587,
B 588,
B 589,
B 590,
B 591,
B 592,
B 593,
B 594,
B 595,
B 596,
B 597,
B 598,
B 599,
B 600,
B 601,
B 602,
B 603,
B 604,
B 605,
B 606,
B 607,LSH 1123.02 LEVEL SWITCH HIGH
B 608,LEVEL SWITCH HIGH LAST FOR (T72) TIME
B 609,
B 610,
B 611,
B 612,
B 613,
B 614,
B 615,"NOT LSH 1104.02, HOMO DRYING HOPPER HIGH LEVEL"
B 616,"LSH 1104.02, HOMO DRYING HOPPER HIGH LEVEL"
B 617,"LSH 1104.02, LAST FOR (T76) TIME"
B 618,
B 619,
B 620,
B 621,"NOT LSH 1104.04, RECLAIM DRYING HOPPER HIGH LEVEL"
B 622,"LSH 1104.04, RECLAIM DRYING HOPPER HIGH LEVEL"
B 623,"LSH 1104.04, LAST FOR (T77) TIME"
B 624,MIXING HOPPER FEEDING VALVE CLOSE
B 625,MIXING HOPPER FEEDING VALVE OPEN
B 626,
B 627,
B 628,
B 629,
B 630,
B 631,ADDITIVE PUMP OFF                M1107.01
B 632,ADDITIVE PUMP ON                 M1107.01
B 633,
B 634,
B 635,
B 636,
B 637,
B 638,
B 639,
B 640,
B 641,
B 642,
B 643,
B 644,
B 645,
B 646,
B 647,
B 648,
B 649,
B 650,
B 651,
B 652,
B 653,
B 654,
B 655,
B 656,
B 657,
B 658,
B 659,
B 660,
B 661,
B 662,
B 663,
B 664,
B 665,
B 666,
B 667,
B 668,
B 669,
B 670,
B 671,
B 672,
B 673,
B 674,
B 675,
B 676,
B 677,
B 678,
B 679,
B 680,
B 681,
B 682,
B 683,
B 684,
B 685,
B 686,
B 687,
B 688,
B 689,
B 690,
B 691,
B 692,
B 693,
B 694,
B 695,
B 696,
B 697,
B 698,
B 699,
B 700,ALARM H                P501
B 701,ALARM H                P503
B 702,ALARM H                P505
B 703,ALARM H                P507
B 704,ALARM H                P511
B 705,ALARM H                P512
B 706,ALARM H                P514
B 707,ALARM H                P516
B 708,
B 709,
B 710,
B 711,
B 712,
B 713,
B 714,
B 715,
B 716,
B 717,
B 718,
B 719,
B 720,
B 721,
B 722,
B 723,
B 724,
B 725,
B 726,
B 727,
B 728,
B 729,
B 730,
B 731,
B 732,
B 733,
B 734,
B 735,
B 736,
B 737,
B 738,
B 739,
B 740,
B 741,
B 742,
B 743,
B 744,
B 745,
B 746,
B 747,
B 748,
B 749,
B 750,
B 751,
B 752,
B 753,
B 754,
B 755,
B 756,
B 757,
B 758,
B 759,
B 760,BIT END OF STARTING SAT EXT1 EQUIP
B 761,BIT END OF STARTING SAT EXT1 FILTER
B 762,BIT END OF STARTING SAT EXT1 MELT LINE
B 763,BIT END OF STARTING SAT EXT2 EQUIP
B 764,BIT END OF STARTING SAT EXT2 FILTER
B 765,BIT END OF STARTING SAT EXT2 MELT LINE
B 766,BIT END OF STARTING MAIN EXT1 EQUIP
B 767,BIT END OF STARTING MAIN EXT1 FILTER
B 768,BIT END OF STARTING MAIN EXT1 MELT LINE
B 769,BIT END OF STARTING MAIN EXT2 EQUIP
B 770,BIT END OF STARTING MAIN EXT2 FILTER
B 771,BIT END OF STARTING MAIN EXT2 MELT LINE
B 772,BIT END OF STARTING DIE EQUIP
B 773,
B 774,
B 775,
B 776,
B 777,
B 778,
B 779,
B 780,BIT START SAT EXT1 EQUIP
B 781,BIT START SAT EXT1 FILTER
B 782,BIT START SAT EXT1 MELT LINE
B 783,BIT START SAT EXT2 EQUIP
B 784,BIT START SAT EXT2 FILTER
B 785,BIT START SAT EXT2 MELT LINE
B 786,BIT START MAIN EXT1 EQUIP
B 787,BIT START MAIN EXT1 FILTER
B 788,BIT START MAIN EXT1 MELT LINE
B 789,BIT START MAIN EXT2 EQUIP
B 790,BIT START MAIN EXT2 FILTER
B 791,BIT START MAIN EXT2 MELT LINE 
B 792,BIT START DIE EQUIP
B 793,BIT START FOR MAIN MELT LINE
B 794,
B 795,
B 796,
B 797,
B 798,
B 799,
B 800,BIT START SAT EXT1 E100
B 801,BIT START SAT EXT1 E101
B 802,BIT START SAT EXT1 E102
B 803,BIT START SAT EXT1 E103
B 804,BIT START SAT EXT1 E104
B 805,BIT START SAT EXT1 E105
B 806,BIT START SAT EXT1 E106
B 807,BIT START SAT EXT1 E107
B 808,BIT START SAT EXT1 E108
B 809,
B 810,BIT START SAT EXT2 E110
B 811,BIT START SAT EXT2 E111
B 812,BIT START SAT EXT2 E112
B 813,BIT START SAT EXT2 E113
B 814,BIT START SAT EXT2 E114
B 815,BIT START SAT EXT2 E115
B 816,BIT START SAT EXT2 E116
B 817,BIT START SAT EXT2 E117
B 818,BIT START SAT EXT2 E118
B 819,
B 820,BIT START MAIN EXT1 E120
B 821,BIT START MAIN EXT1 E121
B 822,BIT START MAIN EXT1 E122
B 823,BIT START MAIN EXT1 E123
B 824,BIT START MAIN EXT1 E124
B 825,BIT START MAIN EXT1 E125
B 826,BIT START MAIN EXT1 E126
B 827,BIT START MAIN EXT1 E127
B 828,BIT START MAIN EXT1 E128
B 829,
B 830,BIT START MAIN EXT1 E130
B 831,BIT START MAIN EXT1 E131
B 832,BIT START MAIN EXT1 E132
B 833,BIT START MAIN EXT1 E133
B 834,BIT START BOILER E134
B 835,
B 836,
B 837,
B 838,
B 839,
B 840,BIT START MAIN EXT2 E140
B 841,BIT START MAIN EXT2 E141
B 842,BIT START MAIN EXT2 E142
B 843,BIT START MAIN EXT2 E143
B 844,BIT START MAIN EXT2 E144
B 845,BIT START MAIN EXT2 E145
B 846,BIT START MAIN EXT2 E146
B 847,BIT START MAIN EXT2 E147
B 848,BIT START MAIN EXT2 E148
B 849,BIT START MAIN EXT2 E149
B 850,BIT START MAIN EXT2 E150
B 851,BIT START MAIN EXT2 E151
B 852,
B 853,BIT START DIE HEATER ZONE 1 E153
B 854,BIT START DIE HEATER ZONE 2 E154
B 855,BIT START DIE HEATER ZONE 3 E155
B 856,BIT START DIE HEATER ZONE 4 E156
B 857,BIT START DIE HEATER ZONE 5 E157
B 858,BIT START DIE HEATER ZONE 6 E158
B 859,BIT START DIE HEATER ZONE 7 E159
B 860,
B 861,
B 862,BIT START VALVE SV SAT EXT1 R309
B 863,BIT START VALVE SV SAT EXT2 R310
B 864,BIT START VALVE SV SAT EXT2 R348
B 865,BIT START VALVE SV SAT EXT2 R349
B 866,FREE
B 867,FREE
B 868,FREE
B 869,FREE
B 870,FREE
B 871,FREE
B 872,FREE
B 873,FREE
B 874,FREE
B 875,FREE
B 876,FREE
B 877,FREE
B 878,FREE
B 879,FREE
B 880,FREE
B 881,FREE
B 882,FREE
B 883,FREE
B 884,FREE
B 885,FREE
B 886,FREE
B 887,FREE
B 888,FREE
B 889,FREE
B 890,FREE
B 891,FREE
B 892,FREE
B 893,FREE
B 894,FREE
B 895,FREE
B 896,FREE
B 897,FREE
B 898,FREE
B 899,FREE
B 900,FREE
B 901,FREE
B 902,FREE
B 903,FREE
B 904,FREE
B 905,FREE
B 906,FREE
B 907,FREE
B 908,FREE
B 909,FREE
B 910,FREE
B 911,FREE
B 912,FREE
B 913,FREE
B 914,FREE
B 915,FREE
B 916,FREE
B 917,FREE
B 918,FREE
B 919,FREE
B 920,FREE
B 921,FREE
B 922,FREE
B 923,FREE
B 924,FREE
B 925,FREE
B 926,FREE
B 927,FREE
B 928,FREE
B 929,FREE
B 930,PRI EXT IS NOT RUNNING 
B 931,SEC EXT IS NOT RUNNING 
B 932,SAT1 EXT IS NOT RUNNING
B 933,SAT2 EXT IS NOT RUNNING
B 934,FREE
B 935,FREE
B 936,FREE
B 937,FREE
B 938,FREE
B 939,FREE
B 940,FREE
B 941,FREE
B 942,FREE
B 943,FREE
B 944,FREE
B 945,FREE
B 946,FREE
B 947,FREE
B 948,FREE
B 949,FREE
B 950,FREE
B 951,FREE
B 952,FREE
B 953,FREE
B 954,FREE
B 955,FREE
B 956,FREE
B 957,FREE
B 958,FREE
B 959,FREE
B 960,FREE
B 961,FREE
B 962,FREE
B 963,FREE
B 964,FREE
B 965,FREE
B 966,FREE
B 967,FREE
B 968,FREE
B 969,FREE
B 970,FREE
B 971,FREE
B 972,FREE
B 973,FREE
B 974,FREE
B 975,FREE
B 976,FREE
B 977,FREE
B 978,FREE
B 979,FREE
B 980,FREE
B 981,FREE
B 982,FREE
B 983,FREE
B 984,FREE
B 985,FREE
B 986,FREE
B 987,FREE
B 988,FREE
B 989,FREE
B 990,FREE
B 991,FREE
B 992,FREE
B 993,FREE
B 994,FREE
B 995,FREE
B 996,FREE
B 997,FREE
B 998,FREE
B 999,FREE
B 1000,FREE
B 1001,HOPPER #1 AUGER MOTOR RUN           CONAIR BLENDER
B 1002,HOPPER #2 AUGER MOTOR RUN           AFTER B1001
B 1003,HOPPER #3 AUGER MOTOR RUN 
B 1004,HOPPER #4 AUGER MOTOR RUN 
B 1005,HOPPER #5 AUGER MOTOR RUN 
B 1006,
B 1007,
B 1008,
B 1009,
B 1010,
B 1011,HOPPER #1 CALLING RESIN
B 1012,HOPPER #2 CALLING RESIN
B 1013,HOPPER #3 CALLING RESIN
B 1014,HOPPER #4 CALLING RESIN
B 1015,HOPPER #5 CALLING RESIN
B 1016,MIXING  HOPPER  FULL 
B 1071,START SYSTEM FOR HOPPER #1
B 1072,START SYSTEM FOR HOPPER #2
B 1073,START SYSTEM FOR HOPPER #3
B 1074,START SYSTEM FOR HOPPER #4
B 1075,START SYSTEM FOR HOPPER #5
,
B 1100,START SYSTEM WHEN IS AUTO START
B 1101,AUTO START THE SYSTEM
B 1102,SYSTEM RUNNING MAX. SPEED
B 1103,SYSTEM RUNNING LINE SPEED
B 1104,SYSTEM RUNNING MIN. SPEED
B 1105,RUNNING LINE SPEED
B 1106,STOP SYSTEM
,
B 1111,HOPPER #1 IS FILLING
B 1112,HOPPER #2 IS FILLING
B 1113,HOPPER #3 IS FILLING
B 1114,HOPPER #4 IS FILLING
B 1115,HOPPER #5 IS FILLING
,
B 1121,HOPPER #1 IS CALLING RESIN WHILE OVER 100 LBS
B 1122,HOPPER #2 IS CALLING RESIN WHILE OVER 100 LBS
B 1123,HOPPER #3 IS CALLING RESIN WHILE OVER 100 LBS
B 1124,HOPPER #4 IS CALLING RESIN WHILE OVER 100 LBS
B 1125,HOPPER #5 IS CALLING RESIN WHILE OVER 100 LBS
,
B 1211,HOPPER #1 VACUUM VALVE OPEN
B 1212,HOPPER #1 DUMP VALVE OPEN
B 1213,HOPPER #2 VACUUM VALVE OPEN
B 1214,HOPPER #2 DUMP VALVE OPEN
B 1215,HOPPER #3 VACUUM VALVE OPEN
B 1216,HOPPER #3 DUMP VALVE OPEN
B 1217,HOPPER #4 VACUUM VALVE OPEN
B 1218,HOPPER #4 DUMP VALVE OPEN
B 1219,HOPPER #5 VACUUM VALVE OPEN
B 1220,HOPPER #5 DUMP VALVE OPEN
,
B 1400,HOPPER #1 IS CALLING RESIN
B 1401,HOPPER #2 IS CALLING RESIN
B 1402,HOPPER #3 IS CALLING RESIN
B 1403,HOPPER #4 IS CALLING RESIN
B 1404,HOPPER #5 IS CALLING RESIN
,
B 1410,HOPPER #1 IS CALLING RESIN
B 1411,HOPPER #2 IS CALLING RESIN
B 1412,HOPPER #3 IS CALLING RESIN
B 1413,HOPPER #4 IS CALLING RESIN
B 1414,HOPPER #5 IS CALLING RESIN
B 1415,TOP VIEW ALARM
,
B 1950,RUN SYSTEM
B 1990,CALIBRATION
,
,
,TEMPERATURE CONTROL 16 BIT
,
B 2000,"AUTO/MANU (MANU -> ""1"")"
B 2001,LOCKED
B 2002,ALARM H+ OR L- (TEMPERATURE CONTROL OUT OF RANGE)
B 2003,ALARM H
B 2004,ALARM L
B 2005,DEFECT MEASURE
B 2006,
B 2007,FAULT CONTROL LOOP
B 2008,
B 2009,SAMPLE TIME SELECT (60 OR 1)
B 2010,START CONTROL LOOP
B 2011,REVERSE CONTROL LOOP
B 2012,
B 2013,BIT OUTPUT 100;-100
B 2014,
B 2015,TEMPERATURE NO DEFECT (OK)
,
,
,
B 2200,AUTHORIZATION TO START SCREW AND ROTATING ARM
B 2201,OUTPUT % OF R200 IS >70% OR <45%
,
,
,
,
,
,
,
,
,
,
,
