PLC ADR,ALIAS TO ,DESCRIPTION,UNIT,,
CW[0],,CONFIGURATION SCM XBT1,H'0801',,
CW[1],,CONFIGURATION SCM XBT1,H'9600',,
CW[2],,CONFIGURATION SCM XBT1,0,,
CW[3],,CONFIGURATION SCM XBT1,0,,
CW[4],,CONFIGURATION SCM XBT1,1011,,
CW[5],,CONFIGURATION SCM XBT1,H'0D0A',,
CW[6],,CONFIGURATION SCM XBT1,0,,
CW[7],,CONFIGURATION SCM XBT1,0,,
CW[8],,FREE,,,
CW[9],,FREE,,,
CW[10],,CONFIGURATION SCM XBT2,H'0801',,
CW[11],,CONFIGURATION SCM XBT2,H'9600',,
CW[12],,CONFIGURATION SCM XBT2,0,,
CW[13],,CONFIGURATION SCM XBT2,0,,
CW[14],,CONFIGURATION SCM XBT2,1011,,
CW[15],,CONFIGURATION SCM XBT2,H'0D0A',,
CW[16],,CONFIGURATION SCM XBT2,0,,
CW[17],,CONFIGURATION SCM XBT2,0,,
CW[18],,FREE,,,
CW[19],,FREE,,,
CW[20],,CONFIGURATION SCM MODBUS,H'2821',,
CW[21],,CONFIGURATION SCM MODBUS,H'1920',,
CW[22],,CONFIGURATION SCM MODBUS,1,,
CW[23],,CONFIGURATION SCM MODBUS,0,,
CW[24],,CONFIGURATION SCM MODBUS,0,,
CW[25],,CONFIGURATION SCM MODBUS,0,,
CW[26],,CONFIGURATION SCM MODBUS,0,,
CW[27],,CONFIGURATION SCM MODBUS,0,,
CW[28],,CONFIGURATION SCM MODBUS,0,,
CW[29],,CONFIGURATION SCM MODBUS,1000,,
CW[30],,CONFIGURATION SCM MODBUS,200,,
CW[31],,CONFIGURATION SCM MODBUS,1,,
CW[32],,CONFIGURATION SCM MODBUS,0,,
CW[33],,CONFIGURATION SCM MODBUS,0,,
CW[34],,CONFIGURATION SCM MODBUS,0,,
CW[35],,FREE,,,
CW[36],,FREE,,,
CW[37],,FREE,,,
CW[38],,FREE,,,
CW[39],,FREE,,,
CW[40],,PRESET TIME FOR STOP SEQUENCE EXT1,100 ms,,
CW[41],,PRESET TIME FOR STOP SEQUENCE EXT2,100 ms,,
CW[42],,PRESET TIME FOR STOP SEQUENCE SAT1,100 ms,,
CW[43],,PRESET TIME FOR STOP SEQUENCE SAT2,100 ms,,
CW[44],,PRESET TIME FOR STOP SEQUENCE CR,100 ms,,
CW[45],,PRESET TIME FOR STOP SEQUENCE MDO1,100 ms,,
CW[46],,PRESET TIME FOR STOP SEQUENCE MDO2,100 ms,,
CW[47],,PRESET TIME FOR STOP SEQUENCE MDO3,100 ms,,
CW[48],,PRESET TIME FOR STOP SEQUENCE TDO,100 ms,,
CW[49],,PRESET TIME FOR STOP SEQUENCE PRS1,100 ms,,
CW[50],,PRESET TIME FOR STOP SEQUENCE PRS2,100 ms,,
CW[51],,PRESET TIME FOR STOP SEQUENCE AUX1,100 ms,,
CW[52],,PRESET TIME FOR STOP SEQUENCE AUX2,100 ms,,
CW[53],,PRESET TIME FOR STOP SEQUENCE WINDER AUX,100 ms,,
CW[54],,FREE,,,
CW[55],,FREE,,,
CW[56],,FREE,,,
CW[57],,FREE,,,
CW[58],,FREE,,,
CW[59],,FREE,,,
CW[60],,CONFIGURATION AEM 811/04,pg 66,,
CW[61],,,,,
CW[62],,,,,
CW[63],,,,,
CW[64],,,,,
CW[65],,,,,
CW[66],,,,,
CW[67],,,,,
CW[68],,,,,
CW[69],,,,,
CW[70],,,,,
CW[71],,,,,
CW[72],,,,,
CW[73],,,,,
CW[74],,,,,
CW[75],,,,,
CW[70],,,,,
CW[70],,,,,
CW[70],,,,,
CW[70],,,,,
,,,,,
,,,,,
,,,,,
,,,,,
,,,,,
,,,,,
,,,,,
,,,,,
,,,,,
,,,,,
,,,,,
,,,,,
,,,,,
,,,,,
,,,,,
,,,,,
CW[79],,CONFIGURATION AEM 811/05,pg 66,,
CW[98],,FREE,,,
CW[99],,FREE,,,
CW[100],,FREE,,,
CW[101],,FREE,,,
CW[102],,FREE,,,
CW[103],,FREE,,,
CW[104],,FREE,,,
CW[105],,FREE,,,
CW[106],,FREE,,,
CW[107],,FREE,,,
CW[108],,FREE,,,
CW[109],,FREE,,,
CW[110],,FREE,,,
CW[111],,FREE,,,
CW[112],,FREE,,,
CW[113],,FREE,,,
CW[114],,FREE,,,
CW[115],,FREE,,,
CW[116],,FREE,,,
CW[117],,FREE,,,
CW[118],,FREE,,,
CW[119],,FREE,pg 67,,
CW[135],,FREE,,,
CW[136],,FREE,,,
CW[137],,FREE,,,
CW[138],,FREE,,,
CW[139],,FREE,,,
CW[140],,"SEND FOR U-T-1,2,3",H'0668',,
CW[143],,FREE,85,"SEND FOR U-T-1,2,3",
CW[144],,FREE,5,"SEND FOR U-T-1,2,3",
CW[145],,FREE,,,
CW[146],,FREE,,,
CW[147],,FREE,,,
CW[148],,FREE,,,
CW[149],,FREE,,,
CW[150],,FREE,,,
CW[151],,FREE,,,
CW[152],,FREE,,,
CW[153],,FREE,,,
CW[154],,FREE,,,
CW[155],,FREE,,,
CW[156],,FREE,,,
CW[157],,FREE,,,
CW[158],,FREE,,,
CW[159],,FREE,pg 68,,
CW[162],,FREE,,,
CW[163],,FREE,,,
CW[164],,FREE,,,
CW[165],,FREE,,,
CW[166],,FREE,,,
CW[167],,FREE,,,
CW[168],,FREE,,,
CW[170],,PRESET TIME FOR STOP PRS1,,,
CW[171],,PRESET TIME FOR STOP PRS2,,,
CW[172],,PRESET TIME FOR STOP WINDER AUX,,,
CW[173],,FREE,,,
CW[174],,FREE,,,
CW[175],,FREE,,,
CW[176],,FREE,,,
CW[177],,FREE,,,
CW[178],,FREE,,,
CW[179],,FREE,,,
CW[180],,FREE,,,
CW[181],,FREE,,,
CW[182],,FREE,,,
CW[183],,FREE,,,
CW[184],,FREE,,,
CW[185],,FREE,,,
CW[186],,FREE,,,
CW[187],,FREE,,,
CW[188],,FREE,,,
CW[189],,FREE,,,
CW[190],,FREE,,,
CW[191],,FREE,,,
CW[192],,FREE,,,
CW[193],,FREE,,,
CW[194],,FREE,,,
CW[195],,FREE,,,
CW[196],,FREE,,,
CW[197],,FREE,,,
CW[198],,FREE,,,
CW[199],,FREE,,,
CW[200],,FREE,,,
CW[201],,FREE,,,
CW[202],,FREE,,,
CW[203],,FREE,,,
CW[204],,FREE,,,
CW[205],,FREE,,,
CW[206],,FREE,,,
CW[207],,FREE,,,
CW[208],,FREE,,,
CW[209],,FREE,,,
CW[210],,SCALE DIVIDER FOR SPEED EXT1,RpM -> .1RpM,,pg 69
CW[211],,SCALE DIVIDER FOR SPEED EXT2,RpM -> .1RpM,,
CW[212],,SCALE DIVIDER FOR SPEED SAT1,RpM -> .1RpM,,
CW[213],,SCALE DIVIDER FOR SPEED SAT2,RpM -> .1RpM,,
CW[214],,SCALE DIVIDER FOR SPEED CR,RpM -> .1FpM,,
CW[215],,SCALE DIVIDER FOR SPEED MDO1,RpM -> .1FpM,,
CW[216],,SCALE DIVIDER FOR SPEED MDO2,RpM -> FpM,,
CW[217],,SCALE DIVIDER FOR SPEED MDO3,RpM -> FpM,,
CW[218],,SCALE DIVIDER FOR SPEED TDO,RpM -> FpM,,
CW[219],,SCALE DIVIDER FOR SPEED PRS1,RpM -> FpM,,
CW[220],,SCALE DIVIDER FOR SPEED PRS2,RpM -> FpM,,
CW[221],,SCALE DIVIDER FOR CURRENT EXT1,AmP -> AmP,,
CW[222],,SCALE DIVIDER FOR CURRENT EXT2,AmP -> AmP,,
CW[223],,SCALE DIVIDER FOR CURRENT SAT1,AmP -> AmP,,
CW[224],,SCALE DIVIDER FOR CURRENT SAT2,AmP -> AmP,,
CW[225],,SCALE DIVIDER FOR CURRENT CR,.1AmP -> .1AmP,,
CW[226],,SCALE DIVIDER FOR CURRENT MDO1,AmP -> .1AmP,,
CW[227],,SCALE DIVIDER FOR CURRENT MDO2,AmP -> AmP,,
CW[228],,SCALE DIVIDER FOR CURRENT MDO3,AmP -> AmP,,
CW[229],,SCALE DIVIDER FOR CURRENT TDO,AmP -> AmP,,
CW[230],,SCALE DIVIDER FOR CURRENT PRS1,.1AmP -> .1AmP,,
CW[231],,SCALE DIVIDER FOR CURRENT PRS2,AmP -> .1AmP,,
CW[232],,FREE,,,
CW[233],,FREE,,,
CW[234],,FREE,,,
CW[235],,FREE,,,
CW[236],,FREE,,,
CW[237],,FREE,,,
CW[238],,FREE,,,
CW[239],,FREE,,,
CW[240],,FREE,,,
CW[241],,FREE,,,
CW[242],,FREE,,,
CW[243],,FREE,,,
CW[244],,FREE,,,
CW[245],,FREE,,,
CW[246],,OFFSET AEM /04,pg 70,,
CW[254],,NUMERATOR AEM /04,,,
CW[262],,DENOMINATOR AEM /04,,,
CW[270],,OFFSET AEM /05,,,
CW[278],,NUMERATOR AEM /05,,,
CW[286],,DENOMINATOR AEM /05,,,
CW[294],,FREE,,,
CW[295],,FREE,,,
CW[296],,FREE,,,
CW[297],,FREE,,,
CW[298],,FREE,,,
CW[299],,FREE,,,
CW[300],,FREE,pg 71-74,,
CW[460],,FREE,,,
CW[461],,FREE,,,
CW[462],,FREE,,,
CW[463],,FREE,,,
CW[464],,FREE,,,
CW[465],,FREE,,,
CW[466],,FREE,,,
CW[467],,FREE,,,
CW[468],,FREE,,,
CW[469],,FREE,,,
CW[470],,FREE,,,
CW[471],,FREE,,,
CW[472],,FREE,,,
CW[473],,FREE,,,
CW[474],,FREE,,,
CW[475],,FREE,,,
CW[476],,FREE,,,
CW[477],,FREE,,,
CW[478],,FREE,,,
CW[479],,FREE,,,
CW[480],,FREE,,,
CW[481],,FREE,,,
CW[482],,FREE,,,
CW[483],,FREE,,,
CW[484],,FREE,,,
CW[485],,FREE,,,
CW[486],,FREE,,,
CW[487],,FREE,,,
CW[488],,FREE,,,
CW[489],,FREE,,,
CW[490],,FREE,,,
CW[491],,FREE,,,
CW[492],,FREE,,,
CW[493],,FREE,,,
CW[494],,FREE,,,
CW[495],,FREE,,,
CW[496],,FREE,,,
CW[497],,FREE,,,
CW[498],,FREE,,,
CW[499],,FREE,,,
CW[500],,VALIDATION RUN ORDER FROM SUPERVISOR,pg 75,,
CW[505],,VALIDATION RUN ORDER FROM XBT1 PAGE 5,,,
CW[510],,VALIDATION STOP ORDER FROM XBT1 PAGE 5,,,
CW[515],,VALIDATION RUN ORDER FROM XBT2 PAGE 5,,,
CW[521],,VALIDATION STOP ORDER FROM SUPERVISOR,,,
CW[522],,FREE,,,
CW[523],,FREE,,,
CW[524],,FREE,,,
CW[525],,FREE,,,
CW[526],,FREE,,,
CW[527],,FREE,,,
CW[528],,FREE,,,
CW[529],,FREE,,,
CW[530],,FREE,,,
CW[531],,FREE,,,
CW[532],,FREE,,,
CW[533],,FREE,,,
CW[534],,FREE,,,
CW[535],,FREE,,,
CW[536],,FREE,,,
CW[537],,FREE,,,
CW[538],,FREE,,,
CW[539],,FREE,,,
CW[540],,FREE,,,
CW[541],,FREE,,,
CW[542],,FREE,,,
CW[543],,FREE,,,
CW[544],,FREE,,,
CW[545],,FREE,,,
CW[546],,FREE,,,
CW[547],,FREE,,,
CW[548],,FREE,,,
CW[549],,FREE,,,
CW[550],,FREE,,,
CW[551],,FREE,,,
CW[552],,FREE,,,
CW[553],,FREE,,,
CW[554],,FREE,,,
CW[555],,FREE,,,
CW[556],,FREE,,,
CW[557],,FREE,,,
CW[558],,FREE,,,
CW[559],,FREE,,,
CW[560],,FREE,,,
CW[561],,FREE,,,
CW[562],,FREE,,,
CW[563],,FREE,,,
CW[564],,FREE,,,
CW[565],,FREE,,,
CW[566],,FREE,,,
CW[567],,FREE,,,
CW[568],,FREE,,,
CW[569],,FREE,,,
CW[570],,FREE,,,
CW[571],,FREE,,,
CW[572],,FREE,,,
CW[573],,FREE,,,
CW[574],,FREE,,,
CW[575],,FREE,,,
CW[576],,FREE,,,
CW[577],,FREE,,,
CW[578],,FREE,,,
CW[579],,FREE,,,
CW[580],,FREE,,,
CW[581],,FREE,,,
CW[582],,FREE,,,
CW[583],,FREE,,,
CW[584],,FREE,,,
CW[585],,FREE,,,
CW[586],,FREE,,,
CW[587],,FREE,,,
CW[588],,FREE,,,
CW[589],,FREE,,,
CW[590],,FREE,,,
CW[591],,FREE,,,
CW[592],,FREE,,,
CW[593],,FREE,,,
CW[594],,FREE,,,
CW[595],,FREE,,,
CW[596],,FREE,,,
CW[597],,FREE,,,
CW[598],,FREE,,,
CW[599],,FREE,,,
CW[600],,DIVIDER PRESSURE MEASURE FOR XBT DISPLAY (SR16),Pts -> PSI,pg 77,
CW[608],,FREE,,,
CW[609],,FREE,,,
CW[610],,FREE,,,
CW[611],,FREE,,,
CW[612],,FREE,,,
CW[613],,FREE,,,
CW[614],,FREE,,,
CW[615],,FREE,,,
CW[616],,FREE,,,
CW[617],,FREE,,,
CW[618],,FREE,,,
CW[619],,FREE,,,
CW[620],,FREE,,,
CW[621],,FREE,,,
CW[622],,FREE,,,
CW[623],,FREE,,,
CW[624],,FREE,,,
CW[625],,FREE,,,
CW[626],,FREE,,,
CW[627],,FREE,,,
CW[628],,FREE,,,
CW[629],,FREE,,,
CW[630],,FREE,,,
CW[631],,FREE,,,
CW[632],,FREE,,,
CW[633],,FREE,,,
CW[634],,FREE,,,
CW[635],,FREE,,,
CW[636],,FREE,,,
CW[637],,FREE,,,
CW[638],,FREE,,,
CW[639],,FREE,,,
CW[640],,FREE,,,
CW[641],,FREE,,,
CW[642],,FREE,,,
CW[643],,FREE,,,
CW[644],,FREE,,,
CW[645],,FREE,,,
CW[646],,FREE,,,
CW[647],,FREE,,,
CW[648],,FREE,,,
CW[649],,FREE,,,
CW[650],,FREE,,,
CW[651],,FREE,,,
CW[652],,FREE,,,
CW[653],,FREE,,,
CW[654],,FREE,,,
CW[655],,FREE,,,
CW[656],,FREE,,,
CW[657],,FREE,,,
CW[658],,FREE,,,
CW[659],,FREE,,,
CW[660],,FREE,,,
CW[661],,FREE,,,
CW[662],,FREE,,,
CW[663],,FREE,,,
CW[664],,FREE,,,
CW[665],,FREE,,,
CW[666],,FREE,,,
CW[667],,FREE,,,
CW[668],,FREE,,,
CW[669],,FREE,,,
CW[670],,FREE,,,
CW[671],,FREE,,,
CW[672],,FREE,,,
CW[673],,FREE,,,
CW[674],,FREE,,,
CW[675],,FREE,,,
CW[676],,FREE,,,
CW[677],,FREE,,,
CW[678],,FREE,,,
CW[679],,FREE,,,
CW[680],,ADDRESS FOR XBT PARTITION (CW) STATUT PAGE 0,pg 78,,
CW[695],,FREE,,,
CW[696],,FREE,,,
CW[697],,FREE,,,
CW[698],,FREE,,,
CW[699],,FREE,pg 79-90,,
CW[1300],,FREE,,,
CW[1301],,FREE,,,
CW[1302],,FREE,,,
CW[1303],,FREE,,,
CW[1304],,FREE,,,
CW[1305],,FREE,,,
CW[1306],,FREE,,,
CW[1307],,FREE,,,
CW[1308],,FREE,,,
CW[1309],,FREE,,,
CW[1310],,FREE,,,
CW[1311],,FREE,,,
CW[1312],,FREE,,,
CW[1313],,FREE,,,
CW[1314],,FREE,,,
CW[1315],,FREE,,,
CW[1316],,FREE,,,
CW[1317],,FREE,,,
CW[1318],,FREE,,,
CW[1319],,FREE,,,
CW[1320],,FREE,,,
CW[1321],,FREE,,,
CW[1322],,FREE,,,
CW[1323],,FREE,,,
CW[1324],,FREE,,,
CW[1325],,FREE,,,
CW[1326],,FREE,,,
CW[1327],,FREE,,,
CW[1328],,FREE,,,
CW[1329],,FREE,,,
CW[1330],,FREE,,,
CW[1331],,FREE,,,
CW[1332],,FREE,,,
CW[1333],,FREE,,,
CW[1334],,FREE,,,
CW[1335],,FREE,,,
CW[1336],,FREE,,,
CW[1337],,FREE,,,
CW[1338],,FREE,,,
CW[1339],,FREE,,,
CW[1340],,FREE,,,
CW[1341],,FREE,,,
CW[1342],,FREE,,,
CW[1343],,FREE,,,
CW[1344],,FREE,,,
CW[1345],,FREE,,,
CW[1346],,FREE,,,
CW[1347],,FREE,,,
CW[1348],,FREE,,,
CW[1349],,FREE,,,
CW[1350],,FREE,,,
CW[1351],,FREE,,,
CW[1352],,FREE,,,
CW[1353],,FREE,,,
CW[1354],,FREE,,,
CW[1355],,FREE,,,
CW[1356],,FREE,,,
CW[1357],,FREE,,,
CW[1358],,FREE,,,
CW[1359],,FREE,,,
CW[1360],,FREE,,,
CW[1361],,FREE,,,
CW[1362],,FREE,,,
CW[1363],,FREE,,,
CW[1364],,FREE,,,
CW[1365],,FREE,,,
CW[1366],,FREE,,,
CW[1367],,FREE,,,
CW[1368],,FREE,,,
CW[1369],,FREE,,,
CW[1370],,FREE,,,
CW[1371],,FREE,,,
CW[1372],,FREE,,,
CW[1373],,FREE,,,
CW[1374],,FREE,,,
CW[1375],,FREE,,,
CW[1376],,FREE,,,
CW[1377],,FREE,,,
CW[1378],,FREE,,,
CW[1379],,FREE,,,
CW[1380],,FREE,,,
CW[1381],,FREE,,,
CW[1382],,FREE,,,
CW[1383],,FREE,,,
CW[1384],,FREE,,,
CW[1385],,FREE,,,
CW[1386],,FREE,,,
CW[1387],,FREE,,,
CW[1388],,FREE,,,
CW[1389],,FREE,,,
CW[1390],,FREE,,,
CW[1391],,FREE,,,
CW[1392],,FREE,,,
CW[1393],,FREE,,,
CW[1394],,FREE,,,
CW[1395],,FREE,,,
CW[1396],,FREE,,,
CW[1397],,FREE,,,
CW[1398],,FREE,,,
CW[1399],,FREE,pg 91,,
CW[1425],,FREE,,,
CW[1426],,FREE,,,
CW[1427],,FREE,,,
CW[1428],,FREE,,,
CW[1429],,FREE,,,
CW[1430],,FREE,,,
CW[1431],,FREE,,,
CW[1432],,FREE,,,
CW[1433],,FREE,,,
CW[1434],,FREE,,,
CW[1435],,FREE,,,
CW[1436],,FREE,,,
CW[1437],,FREE,,,
CW[1438],,FREE,,,
CW[1439],,FREE,pg 91-92,,
CW[1465],,FREE,,,
CW[1466],,FREE,,,
CW[1467],,FREE,,,
CW[1468],,FREE,,,
CW[1469],,FREE,,,
CW[1470],,FREE,,,
CW[1471],,FREE,,,
CW[1472],,FREE,,,
CW[1473],,FREE,,,
CW[1474],,FREE,,,
CW[1475],,FREE,,,
CW[1476],,FREE,,,
CW[1477],,FREE,,,
CW[1478],,FREE,,,
CW[1479],,FREE,pg 92,,
CW[1500],,PRIMAY SPEED DISPLAY,,,
CW[1501],,SECONDARY SPEED DISPLAY,,,
CW[1502],,SAT 1 SPEED DISPLAY,,,
CW[1503],,SAT 2 SPEED DISPLAY,,,
CW[1504],,CR SPEED DISPLAY,,,
CW[1505],,MDO1 SPEED DISPLAY,,,
CW[1506],,MDO 2 SPEED DISPLAY,,,
CW[1507],,MDO 3 SPEED DISPLAY,,,
CW[1508],,TDO SPEED DISPLAY,,,
CW[1509],,PRS1 SPEED DISPLAY,,,
CW[1510],,PRS2 SPEED DISPLAY,,,
CW[1511],,SPAN OF PRS1 #1 CHROME ROLL,,,
CW[1512],,SPAN OF PRS1 #2 CHROME ROLL,,,
CW[1513],,SPAN OF PRS2 #1 CORONA ROLL,,,
CW[1514],,SPAN OF PRS2 FLAME TREATER ROLL,,,
CW[1515],,SPAN OF PRS2 #2 CORONA ROLL,,,
CW[1516],,SPAN OF PRS2  CHROME ROLL,,,
CW[1517],,OFFSET OF PRS1 #1 CHROME ROLL,,,
CW[1518],,OFFSET OF PRS1 #2 CHROME ROLL,,,
CW[1519],,OFFSET OF PRS2 #1 CORONA ROLL,,,
CW[1520],,OFFSET OF PRS2 FLAME TREATER ROLL,,,
CW[1521],,OFFSET OF PRS2 #2CORONA ROLL,,,
CW[1522],,OFFSET OF PRS2  LAST CHROME ROLL (#3),,,
CW[1530],,SPAN OF EDGE TRIM BLOWER M1 FLUFF,,,
CW[1531],,SPAN OF EDGE TRIM GRINDER M2,,,
CW[1532],,SPAN OF EDGE TRIM BLOWER M3 EAST,,,
CW[1533],,SPAN OF EDGE TRIM BLOWER M4 WEST,,,
CW[1534],,SPAN OF OFF LINE GRINDER,,,
CW[1535],,SPAN OF OFF LINE BLOWER,,,
CW[1536],,SPAN OF FLAKE STAND BLOWER,,,
CW[1537],,SPAN OF NORTH GRINDER,,,
CW[1538],,SPAN OF FLUFF BLOWER,,,
CW[1539],,FREE,,,
CW[1540],,OFFSET OF EDGE TRIM BLOWER M1 FLUFF,,,
CW[1541],,OFFSET OF EDGE TRIM GRINDER M2,,,
CW[1542],,OFFSET OF EDGE TRIM BLOWER M3 EAST,,,
CW[1543],,OFFSET OF EDGE TRIM BLOWER M4 WEST,,,
CW[1544],,OFFSET OF OFF LINE GRINDER,,,
CW[1545],,OFFSET OF OFF LINE BLOWER,,,
CW[1546],,OFFSET OF FLAKE STAND BLOWER,,,
CW[1547],,OFFSET OF NORTH GRINDER,,,
CW[1548],,OFFSET OF FLUFF BLOWER,,,
CW[1549],,FREE,,,
CW[1550],,FREE,,,
CW[1551],,FREE,,,
CW[1552],,FREE,,,
CW[1553],,FREE,,,
CW[1554],,FREE,,,
CW[1555],,FREE,,,
CW[1556],,FREE,,,
CW[1557],,FREE,,,
CW[1558],,FREE,,,
CW[1559],,FREE,,,
CW[1560],,FREE,,,
CW[1561],,FREE,,,
CW[1562],,FREE,,,
CW[1563],,FREE,,,
CW[1564],,FREE,,,
CW[1565],,FREE,,,
CW[1566],,FREE,,,
CW[1567],,FREE,,,
CW[1568],,FREE,,,
CW[1569],,FREE,,,
CW[1570],,FREE,,,
CW[1571],,FREE,,,
CW[1572],,FREE,,,
CW[1573],,FREE,,,
CW[1574],,FREE,,,
CW[1575],,FREE,,,
CW[1576],,FREE,,,
CW[1577],,FREE,,,
CW[1578],,FREE,,,
CW[1579],,FREE,,,
CW[1580],,FREE,,,
CW[1581],,FREE,,,
CW[1582],,FREE,,,
CW[1583],,FREE,,,
CW[1584],,FREE,,,
CW[1585],,FREE,,,
CW[1586],,FREE,,,
CW[1587],,FREE,,,
CW[1588],,FREE,,,
CW[1589],,FREE,,,
CW[1590],,FREE,,,
CW[1591],,FREE,,,
CW[1592],,FREE,,,
CW[1593],,FREE,,,
CW[1594],,FREE,,,
CW[1595],,FREE,,,
CW[1596],,FREE,,,
CW[1597],,FREE,,,
CW[1598],,FREE,,,
CW[1599],,FREE,,,
CW[1600],,FREE,,,
CW[1601],,FREE,,,
CW[1602],,FREE,,,
CW[1603],,FREE,,,
CW[1604],,FREE,,,
CW[1605],,FREE,,,
CW[1606],,FREE,,,
CW[1607],,FREE,,,
CW[1608],,FREE,,,
CW[1609],,FREE,,,
CW[1610],,FREE,,,
CW[1611],,FREE,,,
CW[1612],,FREE,,,
CW[1613],,FREE,,,
CW[1614],,FREE,,,
CW[1615],,FREE,,,
CW[1616],,FREE,,,
CW[1617],,FREE,,,
CW[1618],,FREE,,,
CW[1619],,FREE,,,
CW[1620],,FREE,,,
CW[1621],,FREE,,,
CW[1622],,FREE,,,
CW[1623],,FREE,,,
CW[1624],,FREE,,,
CW[1625],,FREE,,,
CW[1626],,FREE,,,
CW[1627],,FREE,,,
CW[1628],,FREE,,,
CW[1629],,FREE,,,
CW[1630],,FREE,,,
CW[1631],,FREE,,,
CW[1632],,FREE,,,
CW[1633],,FREE,,,
CW[1634],,FREE,,,
CW[1635],,FREE,,,
CW[1636],,FREE,,,
CW[1637],,FREE,,,
CW[1638],,FREE,,,
CW[1639],,FREE,,,
CW[1640],,FREE,,,
CW[1641],,FREE,,,
CW[1642],,FREE,,,
CW[1643],,FREE,,,
CW[1644],,FREE,,,
CW[1645],,FREE,,,
CW[1646],,FREE,,,
CW[1647],,FREE,,,
CW[1648],,FREE,,,
CW[1650],,FREE,,,
CW[1651],,FREE,,,
CW[1652],,FREE,,,
CW[1653],,FREE,,,
CW[1654],,FREE,,,
CW[1655],,FREE,,,
CW[1656],,FREE,,,
CW[1657],,FREE,,,
CW[1658],,FREE,,,
CW[1659],,FREE,,,
CW[1660],,FREE,,,
CW[1661],,FREE,,,
CW[1662],,FREE,,,
CW[1663],,FREE,,,
CW[1664],,FREE,,,
CW[1665],,FREE,,,
CW[1666],,FREE,,,
CW[1667],,FREE,,,
CW[1668],,FREE,,,
CW[1669],,FREE,,,
CW[1670],,FREE,,,
CW[1671],,FREE,,,
CW[1672],,FREE,,,
CW[1673],,FREE,,,
CW[1674],,FREE,,,
CW[1675],,FREE,,,
CW[1676],,FREE,,,
CW[1677],,FREE,,,
CW[1678],,FREE,,,
CW[1679],,FREE,,,
CW[1680],,FREE,,,
CW[1681],,FREE,,,
CW[1682],,FREE,,,
CW[1683],,FREE,,,
CW[1684],,FREE,,,
CW[1685],,FREE,,,
CW[1686],,FREE,,,
CW[1687],,FREE,,,
CW[1688],,FREE,,,
CW[1689],,FREE,,,
CW[1690],,FREE,,,
CW[1691],,FREE,,,
CW[1692],,FREE,,,
CW[1693],,FREE,,,
CW[1694],,FREE,,,
CW[1695],,FREE,,,
CW[1696],,FREE,,,
CW[1697],,FREE,,,
CW[1698],,FREE,,,
CW[1699],,FREE,,,
CW[1700],,FREE,,,
CW[1701],,FREE,,,
CW[1702],,FREE,,,
CW[1703],,FREE,,,
CW[1704],,FREE,,,
CW[1705],,FREE,,,
CW[1706],,FREE,,,
CW[1707],,FREE,,,
CW[1708],,FREE,,,
CW[1709],,FREE,,,
CW[1710],,FREE,,,
CW[1711],,FREE,,,
CW[1712],,FREE,,,
CW[1713],,FREE,,,
CW[1714],,FREE,,,
CW[1715],,FREE,,,
CW[1716],,FREE,,,
CW[1717],,FREE,,,
CW[1718],,FREE,,,
CW[1719],,FREE,,,
CW[1720],,FREE,,,
CW[1721],,FREE,,,
CW[1722],,FREE,,,
CW[1723],,FREE,,,
CW[1724],,FREE,,,
CW[1725],,FREE,,,
CW[1726],,FREE,,,
CW[1727],,FREE,,,
CW[1728],,FREE,,,
CW[1729],,FREE,,,
CW[1730],,FREE,,,
CW[1731],,FREE,,,
CW[1732],,FREE,,,
CW[1733],,FREE,,,
CW[1734],,FREE,,,
CW[1735],,FREE,,,
CW[1736],,FREE,,,
CW[1737],,FREE,,,
CW[1738],,FREE,,,
CW[1739],,FREE,,,
CW[1740],,FREE,,,
CW[1741],,FREE,,,
CW[1742],,FREE,,,
CW[1743],,FREE,,,
CW[1744],,FREE,,,
CW[1745],,FREE,,,
CW[1746],,FREE,,,
CW[1747],,FREE,,,
CW[1748],,FREE,,,
CW[1749],,FREE,,,
CW[1750],,FREE,,,
CW[1751],,FREE,,,
CW[1752],,FREE,,,
CW[1753],,FREE,,,
CW[1754],,FREE,,,
CW[1755],,FREE,,,
CW[1756],,FREE,,,
CW[1757],,FREE,,,
CW[1758],,FREE,,,
CW[1759],,FREE,,,
CW[1760],,FREE,,,
CW[1761],,FREE,,,
CW[1762],,FREE,,,
CW[1763],,FREE,,,
CW[1764],,FREE,,,
CW[1765],,FREE,,,
CW[1766],,FREE,,,
CW[1767],,FREE,,,
CW[1768],,FREE,,,
CW[1769],,FREE,,,
CW[1770],,FREE,,,
CW[1771],,FREE,,,
CW[1772],,FREE,,,
CW[1773],,FREE,,,
CW[1774],,FREE,,,
CW[1775],,FREE,,,
CW[1776],,FREE,,,
CW[1777],,FREE,,,
CW[1778],,FREE,,,
CW[1779],,FREE,,,
CW[1780],,FREE,,,
CW[1781],,FREE,,,
CW[1782],,FREE,,,
CW[1783],,FREE,,,
CW[1784],,FREE,,,
CW[1785],,FREE,,,
CW[1786],,FREE,,,
CW[1787],,FREE,,,
CW[1788],,FREE,,,
CW[1789],,FREE,,,
CW[1790],,FREE,,,
CW[1791],,FREE,,,
CW[1792],,FREE,,,
CW[1793],,FREE,,,
CW[1794],,FREE,,,
CW[1795],,FREE,,,
CW[1796],,FREE,,,
CW[1797],,FREE,,,
CW[1798],,FREE,,,
CW[1799],,FREE,,,
CW[1800],,FREE,,,
CW[1801],,FREE,,,
CW[1802],,FREE,,,
CW[1803],,FREE,,,
CW[1804],,FREE,,,
CW[1805],,FREE,,,
CW[1806],,FREE,,,
CW[1807],,FREE,,,
CW[1808],,FREE,,,
CW[1809],,FREE,,,
CW[1810],,FREE,,,
CW[1811],,FREE,,,
CW[1812],,FREE,,,
CW[1813],,FREE,,,
CW[1814],,FREE,,,
CW[1815],,FREE,,,
CW[1816],,FREE,,,
CW[1817],,FREE,,,
CW[1818],,FREE,,,
CW[1819],,FREE,,,
CW[1820],,FREE,,,
CW[1821],,FREE,,,
CW[1822],,FREE,,,
CW[1823],,FREE,,,
CW[1824],,FREE,,,
CW[1825],,FREE,,,
CW[1826],,FREE,,,
CW[1827],,FREE,,,
CW[1828],,FREE,,,
CW[1829],,FREE,,,
CW[1830],,FREE,,,
CW[1831],,FREE,,,
CW[1832],,FREE,,,
CW[1833],,FREE,,,
CW[1834],,FREE,,,
CW[1835],,FREE,,,
CW[1836],,FREE,,,
CW[1837],,FREE,,,
CW[1838],,FREE,,,
CW[1839],,FREE,,,
CW[1840],,FREE,,,
CW[1841],,FREE,,,
CW[1842],,FREE,,,
CW[1843],,FREE,,,
CW[1844],,FREE,,,
CW[1845],,FREE,,,
CW[1846],,FREE,,,
CW[1847],,FREE,,,
CW[1848],,FREE,,,
CW[1849],,FREE,,,
CW[1850],,FREE,,,
CW[1851],,FREE,,,
CW[1852],,FREE,,,
CW[1853],,FREE,,,
CW[1854],,FREE,,,
CW[1855],,FREE,,,
CW[1856],,FREE,,,
CW[1857],,FREE,,,
CW[1858],,FREE,,,
CW[1859],,FREE,,,
CW[1860],,FREE,,,
CW[1861],,FREE,,,
CW[1862],,FREE,,,
CW[1863],,FREE,,,
CW[1864],,FREE,,,
CW[1865],,FREE,,,
CW[1866],,FREE,,,
CW[1867],,FREE,,,
CW[1868],,FREE,,,
CW[1869],,FREE,,,
CW[1870],,FREE,,,
CW[1871],,FREE,,,
CW[1872],,FREE,,,
CW[1873],,FREE,,,
CW[1874],,FREE,,,
CW[1875],,FREE,,,
CW[1876],,FREE,,,
CW[1877],,FREE,,,
CW[1878],,FREE,,,
CW[1879],,FREE,,,
CW[1880],,FREE,,,
CW[1881],,FREE,,,
CW[1882],,FREE,,,
CW[1883],,FREE,,,
CW[1884],,FREE,,,
CW[1885],,FREE,,,
CW[1886],,FREE,,,
CW[1887],,FREE,,,
CW[1888],,FREE,,,
CW[1889],,FREE,,,
CW[1890],,FREE,,,
CW[1891],,FREE,,,
CW[1892],,FREE,,,
CW[1893],,FREE,,,
CW[1894],,FREE,,,
CW[1895],,FREE,,,
CW[1896],,FREE,,,
CW[1897],,FREE,,,
CW[1898],,FREE,,,
CW[1899],,FREE,,,
CW[1900],,FREE,,,
CW[1901],,FREE,,,
CW[1902],,FREE,,,
CW[1903],,FREE,,,
CW[1904],,FREE,,,
CW[1905],,FREE,,,
CW[1906],,FREE,,,
CW[1907],,FREE,,,
CW[1908],,FREE,,,
CW[1909],,FREE,,,
CW[1910],,FREE,,,
CW[1911],,FREE,,,
CW[1912],,FREE,,,
CW[1913],,FREE,,,
CW[1914],,FREE,,,
CW[1915],,FREE,,,
CW[1916],,FREE,,,
CW[1917],,FREE,,,
CW[1918],,FREE,,,
CW[1919],,FREE,,,
CW[1920],,FREE,,,
CW[1921],,FREE,,,
CW[1922],,FREE,,,
CW[1923],,FREE,,,
CW[1924],,FREE,,,
CW[1925],,FREE,,,
CW[1926],,FREE,,,
CW[1927],,FREE,,,
CW[1928],,FREE,,,
CW[1929],,FREE,,,
CW[1930],,FREE,,,
CW[1931],,FREE,,,
CW[1932],,FREE,,,
CW[1933],,FREE,,,
CW[1934],,FREE,,,
CW[1935],,FREE,,,
CW[1936],,FREE,,,
CW[1937],,FREE,,,
CW[1938],,FREE,,,
CW[1939],,FREE,,,
CW[1940],,FREE,,,
CW[1941],,FREE,,,
CW[1942],,FREE,,,
CW[1943],,FREE,,,
CW[1944],,FREE,,,
CW[1945],,FREE,,,
CW[1946],,FREE,,,
CW[1947],,FREE,,,
CW[1948],,FREE,,,
CW[1949],,FREE,,,
CW[1950],,FREE,,,
CW[1951],,FREE,,,
CW[1952],,FREE,,,
CW[1953],,FREE,,,
CW[1954],,FREE,,,
CW[1955],,FREE,,,
CW[1956],,FREE,,,
CW[1957],,FREE,,,
CW[1958],,FREE,,,
CW[1959],,FREE,,,
CW[1960],,FREE,,,
CW[1961],,FREE,,,
CW[1962],,FREE,,,
CW[1963],,FREE,,,
CW[1964],,FREE,,,
CW[1965],,FREE,,,
CW[1966],,FREE,,,
CW[1967],,FREE,,,
CW[1968],,FREE,,,
CW[1969],,FREE,,,
CW[1970],,FREE,,,
CW[1971],,FREE,,,
CW[1972],,FREE,,,
CW[1973],,FREE,,,
CW[1974],,FREE,,,
CW[1975],,FREE,,,
CW[1976],,FREE,,,
CW[1977],,FREE,,,
CW[1978],,FREE,,,
CW[1979],,FREE,,,
CW[1980],,FREE,,,
CW[1981],,FREE,,,
CW[1982],,FREE,,,
CW[1983],,FREE,,,
CW[1984],,FREE,,,
CW[1985],,FREE,,,
CW[1986],,FREE,,,
CW[1987],,FREE,,,
CW[1988],,FREE,,,
CW[1989],,FREE,,,
CW[1990],,FREE,,,
CW[1991],,FREE,,,
CW[1992],,FREE,,,
CW[1993],,FREE,,,
CW[1994],,FREE,,,
CW[1995],,FREE,,,
CW[1996],,FREE,,,
CW[1997],,FREE,,,
CW[1998],,FREE,,,
CW[1999],,FREE,,,
CW[2000],,FREE,,,
CW[2001],,FREE,,,
CW[2002],,FREE,,,
CW[2003],,FREE,,,
CW[2004],,FREE,,,
CW[2005],,FREE,,,
CW[2006],,FREE,,,
CW[2007],,FREE,,,
CW[2008],,FREE,,,
CW[2009],,FREE,,,
CW[2010],,FREE,,,
CW[2011],,FREE,,,
CW[2012],,FREE,,,
CW[2013],,FREE,,,
CW[2014],,FREE,,,
CW[2015],,FREE,,,
CW[2016],,FREE,,,
CW[2017],,FREE,,,
CW[2018],,FREE,,,
CW[2019],,FREE,,,
CW[2020],,FREE,,,
CW[2021],,FREE,,,
CW[2022],,FREE,,,
CW[2023],,FREE,,,
CW[2024],,FREE,,,
CW[2025],,FREE,,,
CW[2026],,FREE,,,
CW[2027],,FREE,,,
CW[2028],,FREE,,,
CW[2029],,FREE,,,
CW[2030],,FREE,,,
CW[2031],,FREE,,,
CW[2032],,FREE,,,
CW[2033],,FREE,,,
CW[2034],,FREE,,,
CW[2035],,FREE,,,
CW[2036],,FREE,,,
CW[2037],,FREE,,,
CW[2038],,FREE,,,
CW[2039],,FREE,,,
CW[2040],,FREE,,,
CW[2041],,FREE,,,
CW[2042],,FREE,,,
CW[2043],,FREE,,,
CW[2044],,FREE,,,
CW[2045],,FREE,,,
CW[2046],,FREE,,,
CW[2047],,FREE,,,
CW[2048],,FREE,,,
CW[2049],,FREE,,,
CW[2050],,FREE,,,
CW[2051],,FREE,,,
CW[2052],,FREE,,,
CW[2053],,FREE,,,
CW[2054],,FREE,,,
CW[2055],,FREE,,,
CW[2056],,FREE,,,
CW[2057],,FREE,,,
CW[2058],,FREE,,,
CW[2059],,FREE,,,
CW[2060],,FREE,,,
CW[2061],,FREE,,,
CW[2062],,FREE,,,
CW[2063],,FREE,,,
CW[2064],,FREE,,,
CW[2065],,FREE,,,
CW[2066],,FREE,,,
CW[2067],,FREE,,,
CW[2068],,FREE,,,
CW[2069],,FREE,,,
CW[2070],,FREE,,,
CW[2071],,FREE,,,
CW[2072],,FREE,,,
CW[2073],,FREE,,,
CW[2074],,FREE,,,
CW[2075],,FREE,,,
CW[2076],,FREE,,,
CW[2077],,FREE,,,
CW[2078],,FREE,,,
CW[2079],,FREE,,,
CW[2080],,FREE,,,
CW[2081],,FREE,,,
CW[2082],,FREE,,,
CW[2083],,FREE,,,
CW[2084],,FREE,,,
CW[2085],,FREE,,,
CW[2086],,FREE,,,
CW[2087],,FREE,,,
CW[2088],,FREE,,,
CW[2089],,FREE,,,
CW[2090],,FREE,,,
CW[2091],,FREE,,,
CW[2092],,FREE,,,
CW[2093],,FREE,,,
CW[2094],,FREE,,,
CW[2095],,FREE,,,
CW[2096],,FREE,,,
CW[2097],,FREE,,,
CW[2098],,FREE,,,
CW[2099],,FREE,,,
CW[2100],,SPEED EXT1 PURGE MODE,pts,,
CW[2101],,SPEED EXT2 PURGE MODE,pts,,
CW[2102],,SPEED SAT1 PURGE MODE,pts,,
CW[2103],,SPEED SAT2 PURGE MODE,pts,,
CW[2104],,FREE,,,
CW[2105],,FREE,,,
CW[2106],,FREE,,,
CW[2107],,FREE,,,
CW[2108],,FREE,,,
CW[2109],,FREE,,,
CW[2110],,THRESHOLD FOR SPEED TO PRESSURE EXT1 Range (60),psi,,
CW[2111],,THRESHOLD FOR SPEED TO PRESSURE EXT2,psi,,
CW[2112],,THRESHOLD FOR SPEED TO PRESSURE SAT1,psi,,
CW[2113],,THRESHOLD FOR SPEED TO PRESSURE SAT2,psi,,
CW[2114],,THRESHOLD FOR SPEED TO PRESSURE CR,pts,,
CW[2115],,FREE,,,
CW[2116],,FREE,,,
CW[2117],,FREE,,,
CW[2118],,FREE,,,
CW[2119],,FREE,,,
CW[2120],,THRESHOLD FOR SPEED CR AUTO -> MANU,"xxx,x fpm",,
CW[2121],,THRESHOLD FOR SPEED EXT AUTO -> MANU,"x,xxx",,
CW[2122],,THRESHOLD FOR SPEED SAT1 AUTO -> MANU,"x,xxx",,
CW[2123],,THRESHOLD FOR SPEED SAT2 AUTO -> MANU,"x,xxx",,
CW[2124],,FREE,,,
CW[2125],,FREE,,,
CW[2126],,FREE,,,
CW[2127],,FREE,,,
CW[2128],,FREE,,,
CW[2129],,FREE,,,
CW[2130],,FREE,,,
CW[2131],,FREE,,,
CW[2132],,FREE,,,
CW[2133],,FREE,,,
CW[2134],,FREE,,,
CW[2135],,FREE,,,
CW[2136],,FREE,,,
CW[2137],,FREE,,,
CW[2138],,FREE,,,
CW[2139],,FREE,,,
CW[2140],,FREE,,,
CW[2141],,FREE,,,
CW[2142],,FREE,,,
CW[2143],,FREE,,,
CW[2144],,FREE,,,
CW[2145],,FREE,,,
CW[2146],,FREE,,,
CW[2147],,FREE,,,
CW[2148],,FREE,,,
CW[2149],,FREE,,,
CW[2150],,THRESHOLD FOR SPEED #0 CR,"xxx,x fpm",,
CW[2151],,THRESHOLD FOR SPEED #0 MDO1,"xxx,x fpm",,
CW[2152],,THRESHOLD FOR SPEED #0 MDO2,xxxx fpm,,
CW[2153],,THRESHOLD FOR SPEED #0 MDO3,xxxx fpm,,
CW[2154],,FREE,,,
CW[2155],,FREE,,,
CW[2156],,FREE,,,
CW[2157],,FREE,,,
CW[2158],,FREE,,,
CW[2159],,FREE,,,
CW[2160],,THRESHOLD FOR PRESSURE MODE EXT1,xxxx psi,,
CW[2161],,THRESHOLD FOR PRESSURE MODE EXT2,xxxx psi,,
CW[2162],,THRESHOLD FOR PRESSURE MODE SAT1,xxxx psi,,
CW[2163],,THRESHOLD FOR PRESSURE MODE SAT2,xxxx psi,,
CW[2164],,FREE,,,
CW[2165],,FREE,,,
CW[2166],,FREE,,,
CW[2167],,FREE,,,
CW[2168],,FREE,,,
CW[2169],,FREE,,,
CW[2170],,LOW SPEED CR,pts,,
CW[2171],,LOW SPEED MDO1,pts,,
CW[2172],,LOW SPEED MDO2,pts,,
CW[2173],,LOW SPEED MDO3,pts,,
CW[2174],,LOW SPEED TDO,pts,,
CW[2175],,LOW SPEED PRS1,pts,,
CW[2176],,LOW SPEED PRS2,pts,,
CW[2177],,FREE,,,
CW[2178],,FREE,,,
CW[2179],,FREE,,,
CW[2180],,SPEED FOR WARM ROLL MDO1,pts,,
CW[2181],,SPEED FOR WARM ROLL MDO2,pts,,
CW[2182],,SPEED FOR WARM ROLL MDO3,pts,,
CW[2183],,SPEED FOR WARM ROLL TDO,pts,,
CW[2184],,FREE,,,
CW[2185],,FREE,,,
CW[2186],,FREE,,,
CW[2187],,FREE,,,
CW[2188],,FREE,,,
CW[2189],,FREE,,,
CW[2190],,INDEPENDANTE SPEED TDO,,,
CW[2191],,FREE,,,
CW[2192],,FREE,,,
CW[2193],,FREE,,,
CW[2194],,FREE,,,
CW[2195],,FREE,,,
CW[2196],,FREE,,,
CW[2197],,FREE,,,
CW[2198],,FREE,,,
CW[2199],,FREE,,,
CW[2200],,SAG MDO1,pts,,
CW[2201],,SAG TDO,pts,,
CW[2202],,SAG PRS1,pts,,
CW[2203],,SAG PRS2,pts,,
CW[2204],,FREE,,,
CW[2205],,FREE,,,
CW[2206],,FREE,,,
CW[2207],,FREE,,,
CW[2208],,FREE,,,
CW[2209],,FREE,,,
CW[2210],,FREE,,,
CW[2211],,FREE,,,
CW[2212],,FREE,,,
CW[2213],,FREE,,,
CW[2214],,FREE,,,
CW[2215],,FREE,,,
CW[2216],,FREE,,,
CW[2217],,FREE,,,
CW[2218],,FREE,,,
CW[2219],,FREE,,,
CW[2220],,SCALE DIVIDER FOR SET POINT PRESSURE EXT1,psi -> pts,,
CW[2221],,SCALE DIVIDER FOR SET POINT PRESSURE EXT2,psi -> pts,,
CW[2222],,SCALE DIVIDER FOR SET POINT PRESSURE SAT1,psi -> pts,,
CW[2223],,SCALE DIVIDER FOR SET POINT PRESSURE SAT2,psi -> pts,,
CW[2224],,SCALE DIVIDER FOR SET POINT SPEED EXT2,0.1 rpm -> pts,,
CW[2225],,SCALE DIVIDER FOR SET POINT SPEED SAT1,0.1 rpm -> pts,,
CW[2226],,SCALE DIVIDER FOR SET POINT SPEED SAT2,0.1 rpm -> pts,,
CW[2227],,SCALE DIVIDER FOR SET POINT SPEED C.R.,0.1 rpm -> pts,,
CW[2228],,SCALE DIVIDER FOR SET POINT FRICTION EXT1/EXT2,"x,xxx -> pts",,
CW[2229],,SCALE DIVIDER FOR SET POINT SPEED EXT1,,,
CW[2230],,SCALE DIVIDER FOR SET POINT FRICTION MDO1/CR,1/1000,,
CW[2231],,SCALE DIVIDER FOR SET POINT FRICTION TDO/MDO3,1/1000,,
CW[2232],,SCALE DIVIDER FOR SET POINT FRICTION PRS1/TDO,1/1000,,
CW[2233],,SCALE DIVIDER FOR SET POINT FRICTION PRS2/PRS1,1/1000,,
CW[2234],,SCALE DIVIDER FOR INTRO MDO2/MDO1,1/1000,,
CW[2235],,SCALE DIVIDER FOR INTRO MDO3/MDO2,1/1000,,
CW[2236],,SCALE DIVIDER FOR LOW MDO2/MDO1,1/1000,,
CW[2237],,SCALE DIVIDER FOR LOW MDO3/MDO2,1/1000,,
CW[2238],,SCALE DIVIDER FOR PROD MDO2/MDO1,1/1000,,
CW[2239],,SCALE DIVIDER FOR PROD MDO3/MDO2,1/1000,,
CW[2240],,SCALE DIVIDER FOR SET POINT GAUGE TDO/MDO3,xxx lb -> pts,,
CW[2241],,SCALE DIVIDER FOR SET POINT MDO1,,,
CW[2242],,SCALE DIVIDER FOR SET POINT MDO2,,,
CW[2243],,SCALE DIVIDER FOR SET POINT MDO3,,,
CW[2244],,SCALE DIVIDER FOR SET POINT TDO,,,
CW[2245],,SCALE DIVIDER FOR SET POINT PRS1,,,
CW[2246],,SCALE DIVIDER FOR SET POINT PRS2,,,
CW[2247],,SCALE DIVIDER FOR SET POINT AUX1,,,
CW[2248],,SCALE DIVIDER FOR SET POINT AUX2,,,
CW[2249],,SCALE DIVIDER FOR SET POINT WINDER AUX,,,
CW[2250],,SCALE DIVIDER FOR SET POINT WINDER,,,
CW[2251],,SCALE DIVIDER FOR SET POINT MEASUREX,,,
CW[2252],,FREE,,,
CW[2253],,FREE,,,
CW[2254],,FREE,,,
CW[2255],,FREE,,,
CW[2256],,FREE,,,
CW[2257],,FREE,,,
CW[2258],,FREE,,,
CW[2259],,FREE,,,
CW[2260],,FREE,,,
CW[2261],,FREE,,,
CW[2262],,FREE,,,
CW[2263],,FREE,,,
CW[2264],,FREE,,,
CW[2265],,FREE,,,
CW[2266],,FREE,,,
CW[2267],,FREE,,,
CW[2268],,FREE,,,
CW[2269],,FREE,,,
CW[2270],,FREE,,,
CW[2271],,FREE,,,
CW[2272],,FREE,,,
CW[2273],,FREE,,,
CW[2274],,FREE,,,
CW[2275],,FREE,,,
CW[2276],,FREE,,,
CW[2277],,FREE,,,
CW[2278],,FREE,,,
CW[2279],,FREE,,,
CW[2280],,FREE,,,
CW[2281],,FREE,,,
CW[2282],,FREE,,,
CW[2283],,FREE,,,
CW[2284],,FREE,,,
CW[2285],,FREE,,,
CW[2286],,FREE,,,
CW[2287],,FREE,,,
CW[2288],,FREE,,,
CW[2289],,FREE,,,
CW[2290],,FREE,,,
CW[2291],,FREE,,,
CW[2292],,FREE,,,
CW[2293],,FREE,,,
CW[2294],,FREE,,,
CW[2295],,FREE,,,
CW[2296],,FREE,,,
CW[2297],,FREE,,,
CW[2298],,FREE,,,
CW[2299],,FREE,,,
CW[2300],,FREE,pg 97,,
CW[2301],,FREE,,,
CW[2302],,FREE,,,
CW[2303],,FREE,,,
CW[2304],,FREE,,,
CW[2305],,FREE,,,
CW[2306],,FREE,,,
CW[2307],,FREE,,,
CW[2308],,ACCELERATION,,,
CW[2309],,DECELERATION,,,
CW[2310],,PROPORTIONAL GAIN 1/P PRESSURE EXT1,,,
CW[2311],,INTEGRAL GAIN,,,
CW[2312],,INTEGRAL GAIN,,,
CW[2313],,DERIVATIVE GAIN,,,
CW[2314],,DERIVATIVE GAIN,,,
CW[2315],,OVERALL LOOP GAIN,,,
CW[2316],,SAMPLE TIME,,,
CW[2317],,% MAXI CORRECTION,,,
CW[2318],,ACCELERATION,,,
CW[2319],,DECELERATION,,,
CW[2320],,PROPORTIONAL GAIN 1/P PRESSURE EXT1,,,
CW[2321],,INTEGRAL GAIN,,,
CW[2322],,INTEGRAL GAIN,,,
CW[2323],,DERIVATIVE GAIN,,,
CW[2324],,DERIVATIVE GAIN,,,
CW[2325],,OVERALL LOOP GAIN,,,
CW[2326],,SAMPLE TIME,,,
CW[2327],,% MAXI CORRECTION,,,
CW[2328],,ACCELERATION,,,
CW[2329],,DECELERATION,,,
CW[2330],,PROPORTIONAL GAIN 1/P PRESSURE EXT1,,,
CW[2331],,INTEGRAL GAIN,,,
CW[2332],,INTEGRAL GAIN,,,
CW[2333],,DERIVATIVE GAIN,,,
CW[2334],,DERIVATIVE GAIN,,,
CW[2335],,OVERALL LOOP GAIN,,,
CW[2336],,SAMPLE TIME,,,
CW[2337],,% MAXI CORRECTION,,,
CW[2338],,ACCELERATION,,,
CW[2339],,DECELERATION,,,
CW[2340],,PROPORTIONAL GAIN 1/P PRESSURE EXT1,,,
CW[2341],,INTEGRAL GAIN,,,
CW[2342],,INTEGRAL GAIN,,,
CW[2343],,DERIVATIVE GAIN,,,
CW[2344],,DERIVATIVE GAIN,,,
CW[2345],,OVERALL LOOP GAIN,,,
CW[2346],,SAMPLE TIME,,,
CW[2347],,% MAXI CORRECTION,,,
CW[2348],,ACCELERATION,,,
CW[2349],,DECELERATION,,,
CW[2350],,PROPORTIONAL GAIN 1/P PRESSURE EXT1,,,
CW[2351],,INTEGRAL GAIN,,,
CW[2352],,INTEGRAL GAIN,,,
CW[2353],,DERIVATIVE GAIN,,,
CW[2354],,DERIVATIVE GAIN,,,
CW[2355],,OVERALL LOOP GAIN,,,
CW[2356],,SAMPLE TIME,,,
CW[2357],,% MAXI CORRECTION,,,
CW[2358],,ACCELERATION,,,
CW[2359],,DECELERATION,,,
CW[2360],,PROPORTIONAL GAIN 1/P PRESSURE EXT1,,,
CW[2361],,INTEGRAL GAIN,,,
CW[2362],,INTEGRAL GAIN,,,
CW[2363],,DERIVATIVE GAIN,,,
CW[2364],,DERIVATIVE GAIN,,,
CW[2365],,OVERALL LOOP GAIN,,,
CW[2366],,SAMPLE TIME,,,
CW[2367],,% MAXI CORRECTION,,,
CW[2368],,ACCELERATION,,,
CW[2369],,DECELERATION,,,
CW[2370],,PROPORTIONAL GAIN 1/P PRESSURE EXT1,,,
CW[2371],,INTEGRAL GAIN,,,
CW[2372],,INTEGRAL GAIN,,,
CW[2373],,DERIVATIVE GAIN,,,
CW[2374],,DERIVATIVE GAIN,,,
CW[2375],,OVERALL LOOP GAIN,,,
CW[2376],,SAMPLE TIME,,,
CW[2377],,% MAXI CORRECTION,,,
CW[2378],,ACCELERATION,,,
CW[2379],,DECELERATION,,,
CW[2380],,PROPORTIONAL GAIN 1/P PRESSURE EXT1,,,
CW[2381],,INTEGRAL GAIN,,,
CW[2382],,INTEGRAL GAIN,,,
CW[2383],,DERIVATIVE GAIN,,,
CW[2384],,DERIVATIVE GAIN,,,
CW[2385],,OVERALL LOOP GAIN,,,
CW[2386],,SAMPLE TIME,,,
CW[2387],,% MAXI CORRECTION,,,
CW[2388],,ACCELERATION,,,
CW[2389],,DECELERATION,,,
CW[2390],,PROPORTIONAL GAIN 1/P PRESSURE EXT1,,,
CW[2391],,INTEGRAL GAIN,,,
CW[2392],,INTEGRAL GAIN,,,
CW[2393],,DERIVATIVE GAIN,,,
CW[2394],,DERIVATIVE GAIN,,,
CW[2395],,OVERALL LOOP GAIN,,,
CW[2396],,SAMPLE TIME,,,
CW[2397],,% MAXI CORRECTION,,,
CW[2398],,ACCELERATION,,,
CW[2399],,DECELERATION,,,
CW[2400],,PROPORTIONAL GAIN 1/P PRESSURE EXT1,,,
CW[2401],,INTEGRAL GAIN,,,
CW[2402],,INTEGRAL GAIN,,,
CW[2403],,DERIVATIVE GAIN,,,
CW[2404],,DERIVATIVE GAIN,,,
CW[2405],,OVERALL LOOP GAIN,,,
CW[2406],,SAMPLE TIME,,,
CW[2407],,% MAXI CORRECTION,,,
CW[2408],,ACCELERATION,,,
CW[2409],,DECELERATION,,,
CW[2410],,PROPORTIONAL GAIN 1/P PRESSURE EXT1,50,,
CW[2411],,INTEGRAL GAIN,10000,,
CW[2412],,INTEGRAL GAIN,0,,
CW[2413],,DERIVATIVE GAIN,0,,
CW[2414],,DERIVATIVE GAIN,0,,
CW[2415],,OVERALL LOOP GAIN,70,,
CW[2416],,SAMPLE TIME,100,,
CW[2417],,% MAXI CORRECTION,20,,
CW[2418],,ACCELERATION,1,,
CW[2419],,DECELERATION,1,,
CW[2420],,PROPORTIONAL GAIN 1/P PRESSURE EXT2,0,,
CW[2421],,INTEGRAL GAIN,,,
CW[2422],,INTEGRAL GAIN,,,
CW[2423],,DERIVATIVE GAIN,,,
CW[2424],,DERIVATIVE GAIN,,,
CW[2425],,OVERALL LOOP GAIN,,,
CW[2426],,SAMPLE TIME,,,
CW[2427],,% MAXI CORRECTION,,,
CW[2428],,ACCELERATION,,,
CW[2429],,DECELERATION,,,
CW[2430],,PROPORTIONAL GAIN 1/P PRESSURE SAT1,,,
CW[2431],,INTEGRAL GAIN,,,
CW[2432],,INTEGRAL GAIN,,,
CW[2433],,DERIVATIVE GAIN,,,
CW[2434],,DERIVATIVE GAIN,,,
CW[2435],,OVERALL LOOP GAIN,,,
CW[2436],,SAMPLE TIME,,,
CW[2437],,% MAXI CORRECTION,,,
CW[2438],,ACCELERATION,,,
CW[2439],,DECELERATION,,,
CW[2440],,PROPORTIONAL GAIN 1/P PRESSURE SAT2,,,
CW[2441],,INTEGRAL GAIN,,,
CW[2442],,INTEGRAL GAIN,,,
CW[2443],,DERIVATIVE GAIN,,,
CW[2444],,DERIVATIVE GAIN,,,
CW[2445],,OVERALL LOOP GAIN,,,
CW[2446],,SAMPLE TIME,,,
CW[2447],,% MAXI CORRECTION,,,
CW[2448],,ACCELERATION,,,
CW[2449],,DECELERATION,,,
CW[2450],,PROPORTIONAL GAIN 1/P PRESSURE MDO1/CR,,,
CW[2451],,INTEGRAL GAIN,,,
CW[2452],,INTEGRAL GAIN,,,
CW[2453],,DERIVATIVE GAIN,,,
CW[2454],,DERIVATIVE GAIN,,,
CW[2455],,OVERALL LOOP GAIN,,,
CW[2456],,SAMPLE TIME,,,
CW[2457],,% MAXI CORRECTION,,,
CW[2458],,ACCELERATION,,,
CW[2459],,DECELERATION,,,
CW[2460],,PROPORTIONAL GAIN 1/P DANCING ROLL TDO,,,
CW[2461],,INTEGRAL GAIN,,,
CW[2462],,INTEGRAL GAIN,,,
CW[2463],,DERIVATIVE GAIN,,,
CW[2464],,DERIVATIVE GAIN,,,
CW[2465],,OVERALL LOOP GAIN,,,
CW[2466],,SAMPLE TIME,,,
CW[2467],,% MAXI CORRECTION,,,
CW[2468],,ACCELERATION,,,
CW[2469],,DECELERATION,,,
CW[2470],,PROPORTIONAL GAIN 1/P DANCING ROLL TDO,,,
CW[2471],,INTEGRAL GAIN,,,
CW[2472],,INTEGRAL GAIN,,,
CW[2473],,DERIVATIVE GAIN,,,
CW[2474],,DERIVATIVE GAIN,,,
CW[2475],,OVERALL LOOP GAIN,,,
CW[2476],,SAMPLE TIME,,,
CW[2477],,% MAXI CORRECTION,,,
CW[2478],,ACCELERATION,,,
CW[2479],,DECELERATION,,,
CW[2480],,FREE,,,
CW[2481],,FREE,,,
CW[2482],,FREE,,,
CW[2483],,FREE,,,
CW[2484],,FREE,,,
CW[2485],,FREE,,,
CW[2486],,FREE,,,
CW[2487],,FREE,,,
CW[2488],,FREE,,,
CW[2489],,FREE,,,
CW[2490],,FREE,,,
CW[2491],,FREE,,,
CW[2492],,FREE,,,
CW[2493],,FREE,,,
CW[2494],,FREE,,,
CW[2495],,FREE,,,
CW[2496],,FREE,,,
CW[2497],,FREE,,,
CW[2498],,FREE,,,
CW[2499],,FREE,,,
