PLC ADR,ALIAS TO ,DESCRIPTION,UNIT,,,,,
W[0],,FREE,,,,,,
W[1],,FREE,,,,,,
W[2],,FREE,,,,,,
W[3],,FREE,,,,,,
W[4],,FREE,,,,,,
W[5],,INC FOR READ & WRITE MODBUS,,,,,,
W[6],,INCREMENT FOR SR4,,,,,,
W[7],,FREE,,,,,,
W[8],,FREE,,,,,,
W[9],,FREE,,,,,,
W[10],,FREE,,,,,,
W[11],,FREE,,,,,,
W[12],,FREE,,,,,,
W[13],,FREE,,,,,,
W[14],,FREE,,,,,,
W[15],,FREE,,,,,,
W[16],,FREE,,,,,,
W[17],,FREE,,,,,,
W[18],,FREE,,,,,,
W[19],,"CONF AEM NUM OF TXT4,M",,,,,,
W[20],,INC FOR CONF AEM,,,,,,
W[21],,BUFFER TO SEND CW OR W,,,,,,
W[22],,BUFFER ADDRESS TO SEND,,,,,,
W[23],,BUFFER LENGTH TO SEND,,,,,,
W[24],,RECEIVE,,,,,,
W[25],,FREE,,,,,,
W[26],,FREE,,,,,,
W[27],,FREE,,,,,,
W[28],,COPY SW20,,,,,,
W[29],,FREE,,,,,,
W[30],,SPEED EXT1 VALUE BEFORE TRAITEMENT,tr/min,,,,,
W[31],,SPEED EXT2 VALUE BEFORE TRAITEMENT,tr/min,,,,,
W[32],,SPEED SAT1 VALUE BEFORE TRAITEMENT,tr/min,,,,,
W[33],,SPEED SAT2 VALUE BEFORE TRAITEMENT,tr/min,,,,,
W[34],,SPEED CR VALUE BEFORE TRAITEMENT,tr/min,,,,,
W[35],,SPEED MDO1 VALUE BEFORE TRAITEMENT,tr/min,,,,,
W[36],,SPEED MDO2 VALUE BEFORE TRAITEMENT,tr/min,,,,,
W[37],,SPEED MDO3 VALUE BEFORE TRAITEMENT,tr/min,,,,,
W[38],,SPEED TDO VALUE BEFORE TRAITEMENT,tr/min,,,,,
W[39],,SPEED PRS1 VALUE BEFORE TRAITEMENT,tr/min,,,,,
W[40],,SPEED PRS2 VALUE BEFORE TRAITEMENT,tr/min,,,,,
W[41],,CURRENT EXT1 VALUE BEFORE TRAITEMENT,Amp,,,,,
W[42],,CURRENT EXT2 VALUE BEFORE TRAITEMENT,Amp,,,,,
W[43],,CURRENT SAT1 VALUE BEFORE TRAITEMENT,Amp,,,,,
W[44],,CURRENT SAT2 VALUE BEFORE TRAITEMENT,Amp,,,,,
W[45],,CURRENT CR VALUE BEFORE TRAITEMENT,"0,1 Amp",,,,,
W[46],,CURRENT MDO1 VALUE BEFORE TRAITEMENT,Amp,,,,,
W[47],,CURRENT MDO2 VALUE BEFORE TRAITEMENT,Amp,,,,,
W[48],,CURRENT MDO3 VALUE BEFORE TRAITEMENT,Amp,,,,,
W[49],,CURRENT TDO VALUE BEFORE TRAITEMENT,Amp,,,,,
W[50],,CURRENT PRS1 VALUE BEFORE TRAITEMENT,"0,1 Amp",,,,,
W[51],,CURRENT PRS2 VALUE BEFORE TRAITEMENT,Amp,,,,,
W[52],,FREE,,,,,,
W[53],,FREE,,,,,,
W[54],,VALUE BEFORE TRAITEMENT FREE,,,,,,
W[55],,VALUE BEFORE TRAITEMENT FREE,,,,,,
W[56],,VALUE BEFORE TRAITEMENT FREE,,,,,,
W[57],"IW4,3",VALUE BEFORE TRAITEMENT FREE,,,,,,
W[58],"IW4,4",MX MD SPEED CONTROL  GAUGE --> CR,0-10000pts,,,,,
W[59],"IW4,5",MDO1 DANCER ROLL,0-10000pts,,,,,
W[60],,FREE,,,,,,
W[61],"IW4,6",TDO GAUGE,0-10000pts,,,,,
W[62],"IW5,3",VALUE BEFORE TRAITEMENT PRES EXT1 B/F  P511,4-20mA,,,,,
W[63],"IW5,4",VALUE BEFORE TRAITEMENT PRES EXT1 A/F  P512,4-20mA,,,,,
W[64],"IW5,5",VALUE BEFORE TRAITEMENT PRES EXT2 B/F,4-20mA,,,,,
W[65],"IW5,6",VALUE BEFORE TRAITEMENT PRES EXT2 A/F,4-20mA,,,,,
W[66],,VALUE BEFORE TRAITEMENT PRES SAT1 B/F,4-20mA,,,,,
W[67],,VALUE BEFORE TRAITEMENT PRES SAT1 A/F,4-20mA,,,,,
W[68],,VALUE BEFORE TRAITEMENT PRES SAT2 B/F,4-20mA,,,,,
W[69],,VALUE BEFORE TRAITEMENT PRES SAT2 A/F,4-20mA,,,,,
W[70],,FREE,,,,,,
W[71],,FREE,,,,,,
W[72],,FREE,,,,,,
W[73],,FREE,,,,,,
W[74],,FREE,,,,,,
W[75],,FREE,,,,,,
W[76],,FREE,,,,,,
W[77],,FREE,,,,,,
W[78],,FREE,,,,,,
W[79],,FREE,,,,,,
W[80],,FREE,,,,,,
W[81],,FREE,,,,,,
W[82],,FREE,,,,,,
W[83],,FREE,,,,,,
W[84],,FREE,,,,,,
W[85],,FREE,,,,,,
W[86],,FREE,,,,,,
W[87],,FREE,,,,,,
W[88],,FREE,,,,,,
W[89],,FREE,,,,,,
W[90],,DEFECT MAST,,,,,,
W[91],,DEFECT MAST,,,,,,
W[92],,INTERNAL WORD FOR PID,,,,,,
W[93],,INTERNAL WORD FOR PID,,,,,,
W[94],,FREE,,,,,,
W[95],,FREE,,,,,,
W[96],,FREE,,,,,,
W[97],,FREE,,,,,,
W[98],,FREE,,,,,,
W[99],,FREE,,,,,,
W[100],,START ORDER,,,,,,
W[101],,STOP ORDER,,,,,,
W[102],,MODE ORDER,,,,,,
W[102].1,,set point automatic,,,,,,
W[102].2,,speed/pressure ext1,,,,,,
W[102].3,,speed/pressure ext2,,,,,,
W[102].4,,speed/pressure sat1,,,,,,
W[102].5,,speed/pressure sat2,,,,,,
W[102].7,,purge mode ext1; ext2,,,,,,
W[102].8,,purge mode sat1,,,,,,
W[102].9,,purge mode sat2,,,,,,
W[103],,FREE,,,,,,
W[104],,FREE,,,,,,
W[105],,PRESSURE SET POINT EXT1,xxxxPsi,,,,,
W[106],,PRESSURE SET POINT EXT2,xxxxPsi,,,,,
W[107],,PRESSURE SET POINT SAT1,xxxxPsi,,,,,
W[108],,PRESSURE SET POINT SAT2,xxxxPsi,,,,,
W[109],,FREE,,,,,,
W[110],,SPEED MAXI EXT2,"xxx,xRpm",,,,,
W[111],,SPEED MAXI SAT1,"xxx,xRpm",,,,,
W[112],,SPEED MAXI SAT2,"xxx,xRpm",,,,,
W[113],,SPEED MAXI CR,"xxx,xRpm",,,,,
W[114],,RATIO MAXI EXT1/EXT2,"x,xxx",,,,,
W[115],,FREE,,,,,,
W[116],,FREE,,,,,,
W[117],,SPEED SET POINT EXT2,"xxx,xRpm",,,,,
W[118],,SPEED SET POINT SAT1,"xxx,xRpm",,,,,
W[119],,SPEED SET POINT SAT2,"xxx,xRpm",,,,,
W[120],,SPEED SET POINT CR,"xxx,xRpm",,,,,
W[121],,FRICTION RATIO EXT1/EXT2,"x,xxx",,,,,
W[122],,FRICTION MDO1/CR,"x,xxx",,,,,
W[123],,FRICTION TDO/MDO3,"x,xxx",,,,,
W[124],,FRICTION PRS1/TDO,"x,xxx",,,,,
W[125],,FRICTION PRS2/PRS1,"x,xxx",,,,,
W[126],,INTRO STRETCHING MDO2MDO1,"x,xxx",,,,,
W[127],,INTRO STRETCHING MDO3/MDO2,"x,xxx",,,,,
W[128],,LOW STRETCHING MDO2/MDO1,"x,xxx",,,,,
W[129],,LOW STRETCHING MDO3/MDO2,"x,xxx",,,,,
W[130],,PROD STRETCHING MDO2/MDO1,"x,xxx",,,,,
W[131],,PROD STRETCHING MDO3/MDO2,"x,xxx",,,,,
W[132],,SET POINT GAUGE TDO/MDO3,xxxLb,,,,,
W[133],,SET POINT RATIO CR/EXT,"x,xxx",,,,,
W[134],,SET POINT RATIO CR/SAT1,"x,xxx",,,,,
W[135],,SET POINT RATIO CR/SAT2,"x,xxx",,,,,
W[136],,FREE,,,,,,
W[137],,FREE,,,,,,
W[138],,FREE,,,,,,
W[139],,FREE,,,,,,
W[140],,FREE,,,,,,
W[141],,FREE,,,,,,
W[142],,FREE,,,,,,
W[143],,FREE,,,,,,
W[144],,FREE,,,,,,
W[145],,FREE,,,,,,
W[146],,FREE,,,,,,
W[147],,FREE,,,,,,
W[148],,FREE,,,,,,
W[149],,FREE,,,,,,
W[150],,MODE ORDER,,,,,,
W[150].0,,INTRODUCTION MODE,,,,,,
W[150].1,,LOW MODE,,,,,,
W[150].2,,PRODUCTION MODE,,,,,,
W[150].3,,HOLD STRETCHING,,,,,,
W[150].5,,$QOU$QFAULT AEM,,,,,,
W[150].6,,GAUGE IN REGULATION,,,,,,
W[150].7,,$QOR$Q AUTOMATIC MODE PERMITTED,,,,,,
W[150].8,,PRESSURE MODE EXT1,,,,,,
W[150].9,,PRESSURE MODE EXT2,,,,,,
W[150].10,,PRESSURE MODE SAT1,,,,,,
W[150].11,,PRESSURE MODE SAT2,,,,,,
W[150].12,,PRESSURE MODE PERMITTED EXT1,,,,,,
W[150].13,,PRESSURE MODE PERMITTED EXT2,,,,,,
W[150].14,,PRESSURE MODE PERMITTED SAT1,,,,,,
W[150].15,,PRESSURE MODE PERMITTED SAT2,,,,,,
W[151],,RUNNING ORDER,,,,,,
W[151].0,,ON/OFF EXT1,,,,,,
W[151].1,,ON/OFF EXT2,,,,,,
W[151].2,,ON/OFF SAT1,,,,,,
W[151].3,,ON/OFF SAT2,,,,,,
W[151].4,,ON/OFF CR,,,,,,
W[151].5,,ON/OFF MDO1,,,,,,
W[151].6,,ON/OFF MDO2,,,,,,
W[151].7,,ON/OFF MDO3,,,,,,
W[151].8,,ON/OFF TDO,,,,,,
W[151].9,,ON/OFF PRS1,,,,,,
W[151].10,,ON/OFF PRS2,,,,,,
W[151].11,,ON/OFF AUX1,,,,,,
W[151].12,,ON/OFF AUX2,,,,,,
W[151].13,,ON/OFF AUX WINDER,,,,,,
W[152],,FAULT ORDER,,,,,,
W[152].0,,DEFECT EXT1,,,,,,
W[152].1,,DEFECT EXT2,,,,,,
W[152].2,,DEFECT SAT1,,,,,,
W[152].3,,DEFECT SAT2,,,,,,
W[152].4,,DEFECT CR,,,,,,
W[152].5,,DEFECT MDO1,,,,,,
W[152].6,,DEFECT MDO2,,,,,,
W[152].7,,DEFECT MDO3,,,,,,
W[152].8,,DEFECT TDO,,,,,,
W[152].9,,DEFECT PRS1,,,,,,
W[152].10,,DEFECT PRS2,,,,,,
W[153],,FREE,,,,,,
W[154],,FREE,,,,,,
W[155],,SPEED MEASURE EXT1,"xxx,xRpm",,,,,
W[156],,SPEED MEASURE EXT2,"xxx,xRpm",,,,,
W[157],,SPEED MEASURE SAT1,"xxx,xRpm",,,,,
W[158],,SPEED MEASURE SAT2,"xxx,xRpm",,,,,
W[159],,SPEED MEASURE CR,"xxx,xFpm",,,,,
W[160],,SPEED MEASURE MDO1,"xxx,xFpm",,,,,
W[161],,SPEED MEASURE MDO2,"xxx,xFpm",,,,,
W[162],,SPEED MEASURE MDO3,"xxx,xFpm",,,,,
W[163],,SPEED MEASURE TDO,"xxx,xFpm",,,,,
W[164],,SPEED MEASURE PRS1,"xxx,xFpm",,,,,
W[165],,SPEED MEASURE PRS2,"xxx,xFpm",,,,,
W[166],,CURRENT MEASURE EXT1,xxxxAmp,,,,,
W[167],,CURRENT MEASURE EXT2,xxxxAmp,,,,,
W[168],,CURRENT MEASURE SAT1,xxxAmp,,,,,
W[169],,CURRENT MEASURE SAT2,xxxAmp,,,,,
W[170],,CURRENT MEASURE CR,"xx,xAmp",,,,,
W[171],,CURRENT MEASURE MDO1,"xx,xAmp",,,,,
W[172],,CURRENT MEASURE MDO2,xxxAmp,,,,,
W[173],,CURRENT MEASURE MDO3,xxxAmp,,,,,
W[174],,CURRENT MEASURE TDO,xxxAmp,,,,,
W[175],,CURRENT MEASURE PRS1,"xx,xAmp",,,,,
W[176],,CURRENT MEASURE PRS2,"xx,xAmp",,,,,
W[177],,FREE,,,,,,
W[178],,FREE,,,,,,
W[179],,FREE,,,,,,
W[180],,FRICTION MDO1/CR,"x,xxx",,,,,
W[181],,FRICTION TDO/MDO3,"x,xxx",,,,,
W[182],,FRICTION PRS1/TDO,"x,xxx",,,,,
W[183],,FRICTION PRS2/PRS1,"x,xxx",,,,,
W[184],,FRICTION EXT1/EXT2,"x,xxx",,,,,
W[185],,GAUGE MDO3/TDO,xxxLb,,,,,
W[186],,RATIO CR/EXT,"x,xxx",,,,,
W[187],,RATIO CR/SAT1,"x,xxx",,,,,
W[188],,RATIO CR/SAT2,"x,xxx",,,,,
W[189],,FREE,,,,,,
W[190],,STRETCHING MDO2/MDO1,"x,xxx",,,,,
W[191],,STRETCHING MDO3/MDO2,"x,xxx",,,,,
W[192],,FREE,,,,,,
W[193],,FREE,,,,,,
W[194],,FREE,,,,,,
W[195],,FREE,,,,,,
W[196],,FREE,,,,,,
W[197],,FREE,,,,,,
W[198],,FREE,,,,,,
W[199],,FREE,,,,,,
W[200],,FREE,,,,,,
W[201],,FREE,,,,,,
W[202],,FREE,,,,,,
W[203],,FREE,,,,,,
W[204],,FREE,,,,,,
W[205],,FREE,,,,,,
W[206],,FREE,,,,,,
W[207],,FREE,,,,,,
W[208],,FREE,,,,,,
W[209],,FREE,,,,,,
W[210],,FREE,,,,,,
W[211],,FREE,,,,,,
W[212],,FREE,,,,,,
W[213],,FREE,,,,,,
W[214],,FREE,,,,,,
W[215],,FREE,,,,,,
W[216],,FREE,,,,,,
W[217],,FREE,,,,,,
W[218],,FREE,,,,,,
W[219],,FREE,,,,,,
W[220],,FREE,,,,,,
W[221],,FREE,,,,,,
W[222],,FREE,,,,,,
W[223],,FREE,,,,,,
W[224],,AEM04 AFTER SCALE TRAITEMENT FREE,,,,,,
W[225],,AEM04 AFTER SCALE TRAITEMENT FREE,,,,,,
W[226],,AEM04 AFTER SCALE TRAITEMENT FREE,,,,,,
W[227],,AEM04 AFTER SCALE TRAITEMENT FREE,,,,,,
W[228],,AFTER SCALE TRAITEMENT DANCER GAUGE -> CR,0-10000pts,,,,,
W[229],,AFTER SCALE TRAITEMENT DANCER ROLL MDO1,0-10000pts,,,,,
W[230],,FREE,0-10000pts,,,,,
W[231],,AFTER SCALE TRAITEMENT DANCER ROLL TDO,0-10000pts,,,,,
W[232],,AFTER SCALE TRAITEMENT PRE B/F EXT1,0-10000pts,,,,,
W[233],,AFTER SCALE TRAITEMENT PRE A/F EXT1,0-10000pts,,,,,
W[234],,AFTER SCALE TRAITEMENT PRE B/F EXT2,0-10000pts,,,,,
W[235],,AFTER SCALE TRAITEMENT PRE A/F EXT2,0-10000pts,,,,,
W[236],,AFTER SCALE TRAITEMENT PRE B/F SAT1,0-10000pts,,,,,
W[237],,AFTER SCALE TRAITEMENT PRE A/F SA1,0-10000pts,,,,,
W[238],,AFTER SCALE TRAITEMENT PRE B/F SAT2,0-10000pts,,,,,
W[239],,AFTER SCALE TRAITEMENT PRE A/F SAT2,0-10000pts,,,,,
W[240],,AFTER SCALE TRAITEMENT SPEED EXT1,"0,1trm",,,,,
W[241],,AFTER SCALE TRAITEMENT SPEED EXT2,"0,1trm",,,,,
W[242],,AFTER SCALE TRAITEMENT SPEED SAT1,"0,1trm",,,,,
W[243],,AFTER SCALE TRAITEMENT SPEED SAT2,"0,1trm",,,,,
W[244],,AFTER SCALE TRAITEMENT SPEED CR,"0,1Fpm",,,,,
W[245],,AFTER SCALE TRAITEMENT SPEED MDO1,"0,1Fpm",,,,,
W[246],,AFTER SCALE TRAITEMENT SPEED MDO2,Fpm,,,,,
W[247],,AFTER SCALE TRAITEMENT SPEED MDO3,Fpm,,,,,
W[248],,AFTER SCALE TRAITEMENT SPEED TDO,Fpm,,,,,
W[249],,AFTER SCALE TRAITEMENT SPEED PRS1,Fpm,,,,,
W[250],,AFTER SCALE TRAITEMENT SPEED PRS2,Fpm,,,,,
W[251],,AFTER SCALE TRAITEMENT CURRENT EXT1,xxxxAmp,,,,,
W[252],,AFTER SCALE TRAITEMENT CURRENT EXT2,xxxxAmp,,,,,
W[253],,AFTER SCALE TRAITEMENT CURRENT SAT1,xxxAmp,,,,,
W[254],,AFTER SCALE TRAITEMENT CURRENT SAT2,xxxAmp,,,,,
W[255],,AFTER SCALE TRAITEMENT CURRENT CR,"xx,xAmp",,,,,
W[256],,AFTER SCALE TRAITEMENT CURRENT MDO1,"xx,xAmp",,,,,
W[257],,AFTER SCALE TRAITEMENT CURRENT MDO2,xxxAmp,,,,,
W[258],,AFTER SCALE TRAITEMENT CURRENT MDO3,xxxAmp,,,,,
W[259],,AFTER SCALE TRAITEMENT CURRENT TDO,xxxAmp,,,,,
W[260],,AFTER SCALE TRAITEMENT CURRENT PRS1,"xx,xAmp",,,,,
W[261],,AFTER SCALE TRAITEMENT CURRENT PRS2,"xx,xAmp",,,,,
W[262],,FREE,,,,,,
W[263],,FREE,,,,,,
W[264],,FREE,,,,,,
W[265],,FREE,,,,,,
W[266],,FREE,,,,,,
W[267],,FREE,,,,,,
W[268],,FREE,,,,,,
W[269],,FREE,,,,,,
W[270],,ORDERS FOR ANALOG OUTPUT EXT1,0-10000pts,,,,,
W[271],,ORDERS FOR ANALOG OUTPUT EXT2,0-10000pts,,,,,
W[272],,ORDERS FOR ANALOG OUTPUT SAT1,0-10000pts,,,,,
W[273],,ORDERS FOR ANALOG OUTPUT SAT2,0-10000pts,,,,,
W[274],,ORDERS FOR ANALOG OUTPUT CR,0-10000pts,,,,,
W[275],,ORDERS FOR ANALOG OUTPUT MDO1,0-10000pts,,,,,
W[276],,ORDERS FOR ANALOG OUTPUT MDO2,0-10000pts,,,,,
W[277],,ORDERS FOR ANALOG OUTPUT MDO3,0-10000pts,,,,,
W[278],,ORDERS FOR ANALOG OUTPUT TDO,0-10000pts,,,,,
W[279],,ORDERS FOR ANALOG OUTPUT PRS1,0-10000pts,,,,,
W[280],,ORDERS FOR ANALOG OUTPUT PRS2,0-10000pts,,,,,
W[281],,ORDERS FOR ANALOG OUTPUT AUX1,0-10000pts,,,,,
W[282],,ORDERS FOR ANALOG OUTPUT AUX2,0-10000pts,,,,,
W[283],,ORDERS FOR ANALOG OUTPUT WINDER AUX,0-10000pts,,,,,
W[284],,FREE,,,,,,
W[285],,FREE,,,,,,
W[286],,FREE,,,,,,
W[287],,FREE,,,,,,
W[288],,FREE,,,,,,
W[289],,FREE,,,,,,
W[290],,FREE,,,,,,
W[291],,SPEED OF PRS1 #1 CHROME ROLL,,,,,,
W[292],,SPEED OF PRS1 #2 CHROME ROLL,,,,,,
W[293],,SPEED OF PRS2 #1 CORONA ROLL,,,,,,
W[294],,SPEED OF PRS2 FLAME TREATER ROLL,,,,,,
W[295],,SPEED OF PRS2 #2 CORONA ROLL,,,,,,
W[296],,SPEED OF PRS2 CHROME ROLL,,,,,,
W[297],,FREE,,,,,,
W[298],,FREE,,,,,,
W[299],,FREE,,,,,,
W[300],,$QOU$Q RUN ORDER XBT1 XBT2,,,,,,
W[301],,$QOU$Q STOP ORDER XBT1 XBT2,,,,,,
W[302],,FREE,,,,,,
W[303],,KEY XBT1 (1 TO 15),,,,,,
W[304],,KEY XBT2 (1 TO 15),,,,,,
W[305],,RUN ORDER XBT1,,,,,,
W[306],,RUN ORDER XBT2,,,,,,
W[307],,STOP ORDER XBT1,,,,,,
W[308],,STOP ORDER XBT2,,,,,,
W[309],,FREE,,,,,,
W[310],,MOTORS START ORDER,,,,,,
W[310].0,,ORDER RUN EXT1,,,,,,
W[310].1,,ORDER RUN EXT2,,,,,,
W[310].2,,ORDER RUN SAT1,,,,,,
W[310].3,,ORDER RUN SAT2,,,,,,
W[310].4,,ORDER RUN CR,,,,,,
W[310].5,,ORDER RUN MDO1,,,,,,
W[310].6,,ORDER RUN MDO2,,,,,,
W[310].7,,ORDER RUN MDO3,,,,,,
W[310].8,,ORDER RUN TDO,,,,,,
W[310].9,,ORDER RUN PRS1,,,,,,
W[310].10,,ORDER RUN PRS2,,,,,,
W[311],,MEMORY RUN ORDER XBT1 XBT2,,,,,,
W[312],,MEMORY STOP ORDER XBT1 XBT2,,,,,,
W[313],,FREE,,,,,,
W[314],,FREE,,,,,,
W[315],,SUPERVISOR STOP ORDER,,,,,,
W[316],,SUPERVISOR RUN ORDER,,,,,,
W[317],,FREE,,,,,,
W[318],,FREE,,,,,,
W[319],,FREE,,,,,,
W[320],,MASK RUNNING ORDER SUPERVISOR,,,,,,
W[321],,MASK RUNNING ORDER XBT1,,,,,,
W[322],,MASK RUNNING ORDER XBT2,,,,,,
W[323],,MASK STOP ORDER XBT1,,,,,,
W[324],,MASK STOP ORDER XBT2,,,,,,
W[325],,MASK STOP ORDER SUPERVISOR,,,,,,
W[326],,FREE,,,,,,
W[327],,FREE,,,,,,
W[328],,FREE,,,,,,
W[329],,FREE,,,,,,
W[330],,ORDER LEDS PAGE 1,,,,,,
W[331],,ORDER MESSAGE NP PAGE 1,,,,,,
W[332],,ORDER LEDS PAGE 2,,,,,,
W[333],,ORDER MESSAGE NP PAGE 2,,,,,,
W[334],,ORDER LEDS PAGE 3,,,,,,
W[335],,ORDER MESSAGE NP PAGE 3,,,,,,
W[336],,ORDER LEDS PAGE 4,,,,,,
W[337],,ORDER MESSAGE NP PAGE 4,,,,,,
W[338],,FREE,,,,,,
W[339],,FREE,,,,,,
W[340],,AFTER SCALE  TRAITEMENT EDGE TRIM BLOWER M1 FLUFF,,,,,,
W[341],,AFTER SCALE  TRAITEMENT EDGE TRIM GRINDER M2,,,,,,
W[342],,AFTER SCALE  TRAITEMENT EDGE TRIM BLOWER M3 EAST,,,,,,
W[343],,AFTER SCALE  TRAITEMENT EDGE TRIM BLOWER M4 WEST,,,,,,
W[344],,AFTER SCALE  TRAITEMENT OFF LINE GRINDER,,,,,,
W[345],,AFTER SCALE  TRAITEMENT OFF LINE BLOWER,,,,,,
W[346],,AFTER SCALE  TRAITEMENT FLAKE STAND BLOWER,,,,,,
W[347],,AFTER SCALE  TRAITEMENT NORTH GRINDER,,,,,,
W[348],,AFTER SCALE  TRAITEMENT NORTH FLUFF BLOWER,,,,,,
W[349],,FREE,,,,,,
W[350],,WORK,,,,,,
W[351],,WORK,,,,,,
W[352],,WORK,,,,,,
W[353],,WORK,,,,,,
W[354],,WORK,,,,,,
W[355],,WORK,,,,,,
W[356],,WORK,,,,,,
W[357],,WORK,,,,,,
W[358],,WORK,,,,,,
W[359],,WORK,,,,,,
W[360] ,,RECEIVE WORDS FROM XBT1 TXT5,,,,,,
W[361] ,,RECEIVE WORDS FROM XBT1 TXT5,,,,,,
W[362] ,,RECEIVE WORDS FROM XBT1 TXT5,,,,,,
W[363] ,,RECEIVE WORDS FROM XBT1 TXT5,,,,,,
W[364] ,,RECEIVE WORDS FROM XBT1 TXT5,,,,,,
W[365] ,,RECEIVE WORDS FROM XBT1 TXT5,,,,,,
W[366] ,,RECEIVE WORDS FROM XBT1 TXT5,,,,,,
W[367] ,,RECEIVE WORDS FROM XBT1 TXT5,,,,,,
W[368] ,,RECEIVE WORDS FROM XBT1 TXT5,,,,,,
W[369] ,,RECEIVE WORDS FROM XBT1 TXT5,,,,,,
W[370] ,,RECEIVE WORDS FROM XBT1 TXT5,,,,,,
W[371] ,,RECEIVE WORDS FROM XBT1 TXT5,,,,,,
W[372] ,,RECEIVE WORDS FROM XBT1 TXT5,,,,,,
W[373] ,,RECEIVE WORDS FROM XBT1 TXT5,,,,,,
W[374] ,,RECEIVE WORDS FROM XBT1 TXT5,,,,,,
W[375] ,,RECEIVE WORDS FROM XBT1 TXT5,,,,,,
W[376] ,,RECEIVE WORDS FROM XBT1 TXT5,,,,,,
W[377] ,,RECEIVE WORDS FROM XBT1 TXT5,,,,,,
W[378] ,,RECEIVE WORDS FROM XBT1 TXT5,,,,,,
W[379] ,,RECEIVE WORDS FROM XBT1 TXT5,,,,,,
W[380] ,,RECEIVE WORDS FROM XBT1 TXT5,,,,,,
W[381] ,,RECEIVE WORDS FROM XBT1 TXT5,,,,,,
W[382] ,,RECEIVE WORDS FROM XBT1 TXT5,,,,,,
W[383] ,,RECEIVE WORDS FROM XBT1 TXT5,,,,,,
W[384] ,,RECEIVE WORDS FROM XBT1 TXT5,,,,,,
W[385] ,,RECEIVE WORDS FROM XBT1 TXT5,,,,,,
W[386] ,,RECEIVE WORDS FROM XBT1 TXT5,,,,,,
W[387] ,,RECEIVE WORDS FROM XBT1 TXT5,,,,,,
W[388] ,,RECEIVE WORDS FROM XBT1 TXT5,,,,,,
W[389] ,,RECEIVE WORDS FROM XBT1 TXT5,,,,,,
W[390],,RECEIVE TIME OUT,,,,,,
W[391],,NUMBER WORDS IN RECEIVE,,,,,,
W[392],,SEND WORDS FOR XBT1 TXT5,,,,,,
W[393],,SEND WORDS FOR XBT1 TXT5,,,,,,
W[394],,SEND WORDS FOR XBT1 TXT5,,,,,,
W[395],,SEND WORDS FOR XBT1 TXT5,,,,,,
W[396],,SEND WORDS FOR XBT1 TXT5,,,,,,
W[397],,SEND WORDS FOR XBT1 TXT5,,,,,,
W[398],,SEND WORDS FOR XBT1 TXT5,,,,,,
W[399],,SEND WORDS FOR XBT1 TXT5,,,,,,
W[400],,SEND WORDS FOR XBT1 TXT5,,,,,,
W[401],,SEND WORDS FOR XBT1 TXT5,,,,,,
W[402],,SEND WORDS FOR XBT1 TXT5,,,,,,
W[403],,SEND WORDS FOR XBT1 TXT5,,,,,,
W[404],,SEND WORDS FOR XBT1 TXT5,,,,,,
W[405],,SEND WORDS FOR XBT1 TXT5,,,,,,
W[406],,SEND WORDS FOR XBT1 TXT5,,,,,,
W[407],,SEND WORDS FOR XBT1 TXT5,,,,,,
W[408],,SEND WORDS FOR XBT1 TXT5,,,,,,
W[409],,SEND WORDS FOR XBT1 TXT5,,,,,,
W[410],,SEND WORDS FOR XBT1 TXT5,,,,,,
W[411],,SEND WORDS FOR XBT1 TXT5,,,,,,
W[412],,SEND WORDS FOR XBT1 TXT5,,,,,,
W[413],,SEND WORDS FOR XBT1 TXT5,,,,,,
W[414],,SEND WORDS FOR XBT1 TXT5,,,,,,
W[415],,SEND WORDS FOR XBT1 TXT5,,,,,,
W[416],,SEND WORDS FOR XBT1 TXT5,,,,,,
W[417],,SEND WORDS FOR XBT1 TXT5,,,,,,
W[418],,SEND WORDS FOR XBT1 TXT5,,,,,,
W[419],,SEND WORDS FOR XBT1 TXT5,,,,,,
W[420] ,,SEND WORDS FOR XBT1 TXT5,,,,,,
W[421] ,,SEND WORDS FOR XBT1 TXT5,,,,,,
W[422] ,,SEND WORDS FOR XBT1 TXT5,,,,,,
W[423] ,,SEND WORDS FOR XBT1 TXT5,,,,,,
W[424] ,,SEND WORDS FOR XBT1 TXT5,,,,,,
W[425] ,,SEND WORDS FOR XBT1 TXT5,,,,,,
W[426] ,,SEND WORDS FOR XBT1 TXT5,,,,,,
W[427] ,,SEND WORDS FOR XBT1 TXT5,,,,,,
W[428] ,,SEND WORDS FOR XBT1 TXT5,,,,,,
W[429] ,,SEND WORDS FOR XBT1 TXT5,,,,,,
W[430] ,,SEND WORDS FOR XBT1 TXT5,,,,,,
W[431] ,,SEND WORDS FOR XBT1 TXT5,,,,,,
W[432] ,,SEND WORDS FOR XBT1 TXT5,,,,,,
W[433] ,,SEND WORDS FOR XBT1 TXT5,,,,,,
W[434] ,,SEND WORDS FOR XBT1 TXT5,,,,,,
W[435] ,,SEND WORDS FOR XBT1 TXT5,,,,,,
W[436] ,,SEND WORDS FOR XBT1 TXT5,,,,,,
W[437] ,,SEND WORDS FOR XBT1 TXT5,,,,,,
W[438] ,,SEND WORDS FOR XBT1 TXT5,,,,,,
W[439] ,,SEND WORDS FOR XBT1 TXT5,,,,,,
W[440] ,,SEND WORDS FOR XBT1 TXT5,,,,,,
W[441] ,,SEND WORDS FOR XBT1 TXT5,,,,,,
W[442] ,,SEND WORDS FOR XBT1 TXT5,,,,,,
W[443] ,,SEND WORDS FOR XBT1 TXT5,,,,,,
W[444] ,,SEND WORDS FOR XBT1 TXT5,,,,,,
W[445] ,,SEND WORDS FOR XBT1 TXT5,,,,,,
W[446] ,,SEND WORDS FOR XBT1 TXT5,,,,,,
W[447] ,,SEND WORDS FOR XBT1 TXT5,,,,,,
W[448] ,,SEND WORDS FOR XBT1 TXT5,,,,,,
W[449] ,,SEND WORDS FOR XBT1 TXT5,,,,,,
W[450] ,,SEND WORDS FOR XBT1 TXT5,,,,,,
W[451] ,,SEND WORDS FOR XBT1 TXT5,,,,,,
W[452] ,,SEND WORDS FOR XBT1 TXT5,,,,,,
W[453] ,,SEND WORDS FOR XBT1 TXT5,,,,,,
W[454] ,,SEND WORDS FOR XBT1 TXT5,,,,,,
W[455] ,,SEND WORDS FOR XBT1 TXT5,,,,,,
W[456] ,,SEND WORDS FOR XBT1 TXT5,,,,,,
W[457] ,,SEND WORDS FOR XBT1 TXT5,,,,,,
W[458] ,,SEND WORDS FOR XBT1 TXT5,,,,,,
W[459] ,,SEND WORDS FOR XBT1 TXT5,,,,,,
W[460],,SEND WORDS FOR XBT1 TXT5,,,,,,
W[461] ,,SEND WORDS FOR XBT1 TXT5,,,,,,
W[462] ,,SEND WORDS FOR XBT1 TXT5,,,,,,
W[463] ,,SEND WORDS FOR XBT1 TXT5,,,,,,
W[464] ,,SEND WORDS FOR XBT1 TXT5,,,,,,
W[465] ,,SEND WORDS FOR XBT1 TXT5,,,,,,
W[466] ,,SEND WORDS FOR XBT1 TXT5,,,,,,
W[467] ,,SEND WORDS FOR XBT1 TXT5,,,,,,
W[468] ,,SEND WORDS FOR XBT1 TXT5,,,,,,
W[469] ,,SEND WORDS FOR XBT1 TXT5,,,,,,
W[470],,SEND WORDS FOR XBT1 TXT5,,,,,,
W[471] ,,SEND WORDS FOR XBT1 TXT5,,,,,,
W[472] ,,SEND WORDS FOR XBT1 TXT5,,,,,,
W[473] ,,SEND WORDS FOR XBT1 TXT5,,,,,,
W[474] ,,SEND WORDS FOR XBT1 TXT5,,,,,,
W[475] ,,SEND WORDS FOR XBT1 TXT5,,,,,,
W[476] ,,SEND WORDS FOR XBT1 TXT5,,,,,,
W[477] ,,SEND WORDS FOR XBT1 TXT5,,,,,,
W[478] ,,SEND WORDS FOR XBT1 TXT5,,,,,,
W[479] ,,SEND WORDS FOR XBT1 TXT5,,,,,,
W[480],,SEND WORDS FOR XBT1 TXT5,,,,,,
W[481] ,,SEND WORDS FOR XBT1 TXT5,,,,,,
W[482] ,,SEND WORDS FOR XBT1 TXT5,,,,,,
W[483] ,,SEND WORDS FOR XBT1 TXT5,,,,,,
W[484] ,,SEND WORDS FOR XBT1 TXT5,,,,,,
W[485] ,,SEND WORDS FOR XBT1 TXT5,,,,,,
W[486] ,,SEND WORDS FOR XBT1 TXT5,,,,,,
W[487] ,,SEND WORDS FOR XBT1 TXT5,,,,,,
W[488] ,,SEND WORDS FOR XBT1 TXT5,,,,,,
W[489] ,,SEND WORDS FOR XBT1 TXT5,,,,,,
W[490],,SEND WORDS FOR XBT1 TXT5,,,,,,
W[491] ,,SEND WORDS FOR XBT1 TXT5,,,,,,
W[492] ,,SEND WORDS FOR XBT1 TXT5,,,,,,
W[493] ,,SEND WORDS FOR XBT1 TXT5,,,,,,
W[494] ,,SEND WORDS FOR XBT1 TXT5,,,,,,
W[495] ,,SEND WORDS FOR XBT1 TXT5,,,,,,
W[496] ,,SEND WORDS FOR XBT1 TXT5,,,,,,
W[497] ,,SEND WORDS FOR XBT1 TXT5,,,,,,
W[498] ,,SEND WORDS FOR XBT1 TXT5,,,,,,
W[499],,SEND WORDS FOR XBT1 TXT5,,,,,,
W[500],,SR5 WORK,,,,,,
W[501],,SR5 WORK,,,,,,
W[502],,SR5 WORK,,,,,,
W[503],,SR5 WORK,,,,,,
W[504],,SR5 WORK,,,,,,
W[505],,SR5 WORK,,,,,,
W[506],,SR5 WORK,,,,,,
W[507],,SR5 WORK,,,,,,
W[508],,SR5 WORK,,,,,,
W[509],,SR5 WORK,,,,,,
W[510],,"CLOCK FOR PARTITION 1,2,3,4",,,,,,
W[511],,SEQUENCE ESC V $,,,,,,
W[512],,CLOCK FOR MESSAGES NP,,,,,,
W[513],,POINTEUR MESSAGES NP,,,,,,
W[514],,ADRESS WORDS IN CW,,,,,,
W[515],,ADDRESS MESSAGES NP IN CW,,,,,,
W[516],,ADDRESS FOR PAGE IN W,,,,,,
W[517],,FREE,,,,,,
W[518],,COMMANDE LEDS,,,,,,
W[519],,COMMANDE MESSAGES,,,,,,
W[520],,FREE,,,,,,
W[521],,FREE,,,,,,
W[522],,COMMANDE LEDS (T-1),,,,,,
W[523],,FREE,,,,,,
W[524],,FREE,,,,,,
W[525],,ACTUAL PAGE NUMBER,,,,,,
W[526],,NEXT PAGE NUMBER  F42,,,,,,
W[527],,FREE,,,,,,
W[528],,DIALOGUE INCREMENT,,,,,,
W[529],,FREE,,,,,,
W[530],,FREE,,,,,,
W[531],,FREE,,,,,,
W[532],,FREE,,,,,,
W[533],,FREE,,,,,,
W[534],,(KEY + PAGE) NUMBER,,,,,,
W[535],,LEDS CLOCK,,,,,,
W[536],,LEDS CLOCK,,,,,,
W[537],,FREE,,,,,,
W[538],,RUN/STOP PLC,,,,,,
W[539],,FREE,,,,,,
W[540],,RECEIVE WORDS FROM XBT2 TXT6,,,,,,
W[541],,RECEIVE WORDS FROM XBT2 TXT6,,,,,,
W[542],,RECEIVE WORDS FROM XBT2 TXT6,,,,,,
W[543],,RECEIVE WORDS FROM XBT2 TXT6,,,,,,
W[544],,RECEIVE WORDS FROM XBT2 TXT6,,,,,,
W[545],,RECEIVE WORDS FROM XBT2 TXT6,,,,,,
W[546],,RECEIVE WORDS FROM XBT2 TXT6,,,,,,
W[547],,RECEIVE WORDS FROM XBT2 TXT6,,,,,,
W[548],,RECEIVE WORDS FROM XBT2 TXT6,,,,,,
W[549],,RECEIVE WORDS FROM XBT2 TXT6,,,,,,
W[550],,RECEIVE WORDS FROM XBT2 TXT6,,,,,,
W[551],,RECEIVE WORDS FROM XBT2 TXT6,,,,,,
W[552],,RECEIVE WORDS FROM XBT2 TXT6,,,,,,
W[553],,RECEIVE WORDS FROM XBT2 TXT6,,,,,,
W[554],,RECEIVE WORDS FROM XBT2 TXT6,,,,,,
W[555],,RECEIVE WORDS FROM XBT2 TXT6,,,,,,
W[556],,RECEIVE WORDS FROM XBT2 TXT6,,,,,,
W[557],,RECEIVE WORDS FROM XBT2 TXT6,,,,,,
W[558],,RECEIVE WORDS FROM XBT2 TXT6,,,,,,
W[559],,RECEIVE WORDS FROM XBT2 TXT6,,,,,,
W[560],,RECEIVE WORDS FROM XBT2 TXT6,,,,,,
W[561],,RECEIVE WORDS FROM XBT2 TXT6,,,,,,
W[562],,RECEIVE WORDS FROM XBT2 TXT6,,,,,,
W[563],,RECEIVE WORDS FROM XBT2 TXT6,,,,,,
W[564],,RECEIVE WORDS FROM XBT2 TXT6,,,,,,
W[565],,RECEIVE WORDS FROM XBT2 TXT6,,,,,,
W[566],,RECEIVE WORDS FROM XBT2 TXT6,,,,,,
W[567],,RECEIVE WORDS FROM XBT2 TXT6,,,,,,
W[568],,RECEIVE WORDS FROM XBT2 TXT6,,,,,,
W[569],,RECEIVE WORDS FROM XBT2 TXT6,,,,,,
W[570],,TIME OUT,,,,,,
W[571],,NUMBER OF RECEIVE WORDS,,,,,,
W[572],,SEND WORDS FOR XBT2 TXT6,,,,,,
W[573],,SEND WORDS FOR XBT2 TXT6,,,,,,
W[574],,SEND WORDS FOR XBT2 TXT6,,,,,,
W[575],,SEND WORDS FOR XBT2 TXT6,,,,,,
W[576],,SEND WORDS FOR XBT2 TXT6,,,,,,
W[577],,SEND WORDS FOR XBT2 TXT6,,,,,,
W[578],,SEND WORDS FOR XBT2 TXT6,,,,,,
W[579],,SEND WORDS FOR XBT2 TXT6,,,,,,
W[580],,SEND WORDS FOR XBT2 TXT6,,,,,,
W[581],,SEND WORDS FOR XBT2 TXT6,,,,,,
W[582],,SEND WORDS FOR XBT2 TXT6,,,,,,
W[583],,SEND WORDS FOR XBT2 TXT6,,,,,,
W[584],,SEND WORDS FOR XBT2 TXT6,,,,,,
W[585],,SEND WORDS FOR XBT2 TXT6,,,,,,
W[586],,SEND WORDS FOR XBT2 TXT6,,,,,,
W[587],,SEND WORDS FOR XBT2 TXT6,,,,,,
W[588],,SEND WORDS FOR XBT2 TXT6,,,,,,
W[589],,SEND WORDS FOR XBT2 TXT6,,,,,,
W[590],,SEND WORDS FOR XBT2 TXT6,,,,,,
W[591],,SEND WORDS FOR XBT2 TXT6,,,,,,
W[592],,SEND WORDS FOR XBT2 TXT6,,,,,,
W[593],,SEND WORDS FOR XBT2 TXT6,,,,,,
W[594],,SEND WORDS FOR XBT2 TXT6,,,,,,
W[595],,SEND WORDS FOR XBT2 TXT6,,,,,,
W[596],,SEND WORDS FOR XBT2 TXT6,,,,,,
W[597],,SEND WORDS FOR XBT2 TXT6,,,,,,
W[598],,SEND WORDS FOR XBT2 TXT6,,,,,,
W[599],,SEND WORDS FOR XBT2 TXT6,,,,,,
W[600],,SEND WORDS FOR XBT2 TXT6,,,,,,
W[698],,SEND WORDS FOR XBT2 TXT6,,,,,,
W[699],,SEND WORDS FOR XBT2 TXT6,,,,,,
W[700],,SR6 WORK,,,,,,
W[701],,SR6 WORK,,,,,,
W[702],,SR6 WORK,,,,,,
W[703],,SR6 WORK,,,,,,
W[704],,SR6 WORK,,,,,,
W[705],,SR6 WORK,,,,,,
W[706],,SR6 WORK,,,,,,
W[707],,SR6 WORK,,,,,,
W[708],,SR6 WORK,,,,,,
W[709],,SR6 WORK,,,,,,
W[710],,"CLOCK FOR PARTITION 1,2,3,4",,,,,,
W[711],,SEQUENCE ESC V $$,,,,,,
W[712],,CLOCK FOR MESSAGES NP,,,,,,
W[713],,POINTEUR MESSAGES NP,,,,,,
W[714],,ADDRESS WORDS IN CW,,,,,,
W[715],,ADDRESS MESSAGES NP IN CW,,,,,,
W[716],,ADDRESS FOR PAGE IN W,,,,,,
W[717],,FREE,,,,,,
W[718],,COMMANDE LEDS,,,,,,
W[719],,COMMANDE MESSAGES,,,,,,
W[720],,FREE,,,,,,
W[721],,FREE,,,,,,
W[722],,COMMANDE LEDS (T-1),,,,,,
W[723],,FREE,,,,,,
W[724],,FREE,,,,,,
W[725],,ACTUAL PAGE NUMBER  F55,,,,,,
W[726],,NEXT PAGE NUMBER,,,,,,
W[727],,FREE,,,,,,
W[728],,DIALOGUE INCREMENT,,,,,,
W[729],,FREE,,,,,,
W[730],,FREE,,,,,,
W[731],,FREE,,,,,,
W[732],,FREE,,,,,,
W[733],,FREE,,,,,,
W[734],,(KEY + PAGE) NUMBER,,,,,,
W[735],,LEDS CLOCK,,,,,,
W[736],,LEDS CLOCK,,,,,,
W[737],,FREE,,,,,,
W[738],,RUN/STOP PLC,,,,,,
W[739],,FREE,,,,,,
W[740],,FREE,,,,,,
W[741],,FREE,,,,,,
W[742],,FREE,,,,,,
W[743],,FREE,,,,,,
W[744],,FREE,,,,,,
W[745],,FREE,,,,,,
W[746],,FREE,,,,,,
W[747],,FREE,,,,,,
W[748],,FREE,,,,,,
W[749],,FREE,,,,,,
W[750],,INCREMENT FOR SR12,,,,,,
W[751],,WORK SR12,,,,,,
W[752],,WORK SR12,,,,,,
W[753],,WORK SR12,,,,,,
W[754],,#0 IF VALUE <0,,,,,,
W[755],,#0 IF VALUE >10000,,,,,,
W[756],,FREE,,,,,,
W[757],,FREE,,,,,,
W[758],,FREE,,,,,,
W[759],,FREE,,,,,,
W[760],,SET POINT PRESSURE EXT1 BEFORE TRAITEMENT,,,,,,
W[761],,SET POINT PRESSURE EXT2 BEFORE TRAITEMENT,,,,,,
W[762],,SET POINT PRESSURE SAT1 BEFORE TRAITEMENT,,,,,,
W[763],,SET POINT PRESSURE SAT2 BEFORE TRAITEMENT,,,,,,
W[764],,SET POINT SPEED EXT2 BEFORE TRAITEMENT,,,,,,
W[765],,SET POINT SPEED EXT1 BEFORE TRAITEMENT,,,,,,
W[766],,SET POINT SPEED SAT2 BEFORE TRAITEMENT,,,,,,
W[767],,SET POINT SPEED CR BEFORE TRAITEMENT,,,,,,
W[768],,FRICTION EXT1/EXT2 BEFORE TRAITEMENT,,,,,,
W[769],,FREE,,,,,,
W[770],,SET POINT PRESSURE EXT1 AFTER TRAITEMENT,0-10000pts,,,,,
W[771],,SET POINT PRESSURE EXT2 AFTER TRAITEMENT,0-10000pts,,,,,
W[772],,SET POINT PRESSURE SAT1 AFTER TRAITEMENT,0-10000pts,,,,,
W[773],,SET POINT PRESSURE SAT2 AFTER TRAITEMENT,0-10000pts,,,,,
W[774],,SET POINT SPEED EXT2 AFTER TRAITEMENT,0-10000pts,,,,,
W[775],,SET POINT SPEED SAT1 AFTER TRAITEMENT,0-10000pts,,,,,
W[776],,SET POINT SPEED SAT2 AFTER TRAITEMENT,0-10000pts,,,,,
W[777],,SET POINT SPEED CR AFTER TRAITEMENT,0-10000pts,,,,,
W[778],,FRICTION EXT/EXT2 AFTER TRAITEMENT,0/00,,,,,
W[779],,FRICTION MDO1/CR,0/00,,,,,
W[780],,FRICTION TDO/MDO3,0/00,,,,,
W[781],,FRICTION PRS1/TDO,0/00,,,,,
W[782],,FRICTION PRS2/PRS1,0/00,,,,,
W[783],,INTRO STRETCHING MDO2/MDO1,0/00,,,,,
W[784],,INTRO STRETCHING MDO3/MDO2,0/00,,,,,
W[785],,LOW STRETCHING MDO2/MDO1,0/00,,,,,
W[786],,LOW STRETCHING MDO3/MDO2,0/00,,,,,
W[787],,PROD STRETCHING MDO2/MDO1,0/00,,,,,
W[788],,PROD STRETCHING MDO3/MDO2,0/00,,,,,
W[789],,SET POINT GAUGE MDO3 /TDO,0-10000pts,,,,,
W[790],,SET POINT SPEED MDO1 AFTER TRAITEMENT,0-10000pts,,,,,
W[791],,FREE,,,,,,
W[792],,FREE,,,,,,
W[793],,FREE,,,,,,
W[794],,FREE,,,,,,
W[795],,FREE,,,,,,
W[796],,READ OR WRITE,,,,,,
W[797],,"CODE (1,3) OR (2)",,,,,,
W[798],,ADDRESS FIRST WORDS READ OR WRITE,,,,,,
W[799],,NUMBER OF WORDS READ OR WRITE,,,,,,
W[800],,RECEIVE WORDS FROM SUPERVISOR,,,,,,
W[801],,RECEIVE WORDS FROMSUPERVISOR,,,,,,
W[802],,RECEIVE WORDS FROMSUPERVISOR,,,,,,
W[803],,RECEIVE WORDS FROMSUPERVISOR,,,,,,
W[804],,RECEIVE WORDS FROMSUPERVISOR,,,,,,
W[805],,RECEIVE WORDS FROMSUPERVISOR,,,,,,
W[806],,RECEIVE WORDS FROMSUPERVISOR,,,,,,
W[807],,RECEIVE WORDS FROMSUPERVISOR,,,,,,
W[808],,RECEIVE WORDS FROMSUPERVISOR,,,,,,
W[809],,RECEIVE WORDS FROMSUPERVISOR,,,,,,
W[810],,RECEIVE WORDS FROMSUPERVISOR,,,,,,
W[811],,RECEIVE WORDS FROMSUPERVISOR,,,,,,
W[812],,RECEIVE WORDS FROMSUPERVISOR,,,,,,
W[813],,RECEIVE WORDS FROMSUPERVISOR,,,,,,
W[814],,RECEIVE WORDS FROMSUPERVISOR,,,,,,
W[815],,RECEIVE WORDS FROMSUPERVISOR,,,,,,
W[816],,RECEIVE WORDS FROMSUPERVISOR,,,,,,
W[817],,RECEIVE WORDS FROMSUPERVISOR,,,,,,
W[818],,RECEIVE WORDS FROMSUPERVISOR,,,,,,
W[819],,RECEIVE WORDS FROMSUPERVISOR,,,,,,
W[820],,RECEIVE WORDS FROMSUPERVISOR,,,,,,
W[821],,RECEIVE WORDS FROMSUPERVISOR,,,,,,
W[822],,RECEIVE WORDS FROMSUPERVISOR,,,,,,
W[823],,RECEIVE WORDS FROMSUPERVISOR,,,,,,
W[824],,RECEIVE WORDS FROMSUPERVISOR,,,,,,
W[825],,RECEIVE WORDS FROMSUPERVISOR,,,,,,
W[826],,RECEIVE WORDS FROMSUPERVISOR,,,,,,
W[827],,RECEIVE WORDS FROMSUPERVISOR,,,,,,
W[828],,RECEIVE WORDS FROMSUPERVISOR,,,,,,
W[829],,RECEIVE WORDS FROMSUPERVISOR,,,,,,
W[830],,RECEIVE WORDS FROMSUPERVISOR,,,,,,
W[831],,RECEIVE WORDS FROMSUPERVISOR,,,,,,
W[832],,RECEIVE WORDS FROMSUPERVISOR,,,,,,
W[833],,RECEIVE WORDS FROMSUPERVISOR,,,,,,
W[834],,RECEIVE WORDS FROMSUPERVISOR,,,,,,
W[835],,RECEIVE WORDS FROMSUPERVISOR,,,,,,
W[836],,RECEIVE WORDS FROMSUPERVISOR,,,,,,
W[837],,RECEIVE WORDS FROMSUPERVISOR,,,,,,
W[838],,RECEIVE WORDS FROMSUPERVISOR,,,,,,
W[839],,RECEIVE WORDS FROMSUPERVISOR,,,,,,
W[840],,RECEIVE WORDS FROMSUPERVISOR,,,,,,
W[841],,RECEIVE WORDS FROMSUPERVISOR,,,,,,
W[842],,RECEIVE WORDS FROMSUPERVISOR,,,,,,
W[843],,RECEIVE WORDS FROMSUPERVISOR,,,,,,
W[844],,RECEIVE WORDS FROMSUPERVISOR,,,,,,
W[845],,RECEIVE WORDS FROMSUPERVISOR,,,,,,
W[846],,RECEIVE WORDS FROMSUPERVISOR,,,,,,
W[847],,RECEIVE WORDS FROMSUPERVISOR,,,,,,
W[848],,RECEIVE WORDS FROMSUPERVISOR,,,,,,
W[849],,RECEIVE WORDS FROMSUPERVISOR,,,,,,
W[850],,RECEIVE WORDS FROMSUPERVISOR,,,,,,
W[851],,RECEIVE WORDS FROMSUPERVISOR,,,,,,
W[852],,RECEIVE WORDS FROMSUPERVISOR,,,,,,
W[853],,RECEIVE WORDS FROMSUPERVISOR,,,,,,
W[854],,RECEIVE WORDS FROMSUPERVISOR,,,,,,
W[855],,RECEIVE WORDS FROMSUPERVISOR,,,,,,
W[856],,RECEIVE WORDS FROMSUPERVISOR,,,,,,
W[857],,RECEIVE WORDS FROMSUPERVISOR,,,,,,
W[858],,RECEIVE WORDS FROMSUPERVISOR,,,,,,
W[859],,RECEIVE WORDS FROMSUPERVISOR,,,,,,
W[860],,RECEIVE WORDS FROMSUPERVISOR,,,,,,
W[861],,RECEIVE WORDS FROMSUPERVISOR,,,,,,
W[862],,RECEIVE WORDS FROMSUPERVISOR,,,,,,
W[863],,RECEIVE WORDS FROMSUPERVISOR,,,,,,
W[864],,RECEIVE WORDS FROMSUPERVISOR,,,,,,
W[865],,RECEIVE WORDS FROMSUPERVISOR,,,,,,
W[866],,RECEIVE WORDS FROMSUPERVISOR,,,,,,
W[867],,RECEIVE WORDS FROMSUPERVISOR,,,,,,
W[868],,RECEIVE WORDS FROMSUPERVISOR,,,,,,
W[869],,RECEIVE WORDS FROMSUPERVISOR,,,,,,
W[870],,RECEIVE WORDS FROMSUPERVISOR,,,,,,
W[871],,RECEIVE WORDS FROMSUPERVISOR,,,,,,
W[872],,RECEIVE WORDS FROMSUPERVISOR,,,,,,
W[873],,RECEIVE WORDS FROMSUPERVISOR,,,,,,
W[874],,RECEIVE WORDS FROMSUPERVISOR,,,,,,
W[875],,RECEIVE WORDS FROMSUPERVISOR,,,,,,
W[876],,RECEIVE WORDS FROMSUPERVISOR,,,,,,
W[877],,RECEIVE WORDS FROMSUPERVISOR,,,,,,
W[878],,RECEIVE WORDS FROMSUPERVISOR,,,,,,
W[879],,RECEIVE WORDS FROMSUPERVISOR,,,,,,
W[880],,RECEIVE WORDS FROMSUPERVISOR,,,,,,
W[881],,RECEIVE WORDS FROMSUPERVISOR,,,,,,
W[882],,RECEIVE WORDS FROMSUPERVISOR,,,,,,
W[883],,RECEIVE WORDS FROMSUPERVISOR,,,,,,
W[884],,RECEIVE WORDS FROMSUPERVISOR,,,,,,
W[885],,RECEIVE WORDS FROMSUPERVISOR,,,,,,
W[886],,RECEIVE WORDS FROMSUPERVISOR,,,,,,
W[887],,RECEIVE WORDS FROMSUPERVISOR,,,,,,
W[888],,RECEIVE WORDS FROMSUPERVISOR,,,,,,
W[889],,RECEIVE WORDS FROMSUPERVISOR,,,,,,
W[890],,RECEIVE WORDS FROMSUPERVISOR,,,,,,
W[891],,RECEIVE WORDS FROMSUPERVISOR,,,,,,
W[892],,RECEIVE WORDS FROMSUPERVISOR,,,,,,
W[893],,RECEIVE WORDS FROMSUPERVISOR,,,,,,
W[894],,RECEIVE WORDS FROMSUPERVISOR,,,,,,
W[895],,RECEIVE WORDS FROMSUPERVISOR,,,,,,
W[896],,RECEIVE WORDS FROMSUPERVISOR,,,,,,
W[897],,RECEIVE WORDS FROMSUPERVISOR,,,,,,
W[898],,RECEIVE WORDS FROMSUPERVISOR,,,,,,
W[899],,RECEIVE WORDS FROMSUPERVISOR,,,,,,
W[900],,SEND WORDS FOR SUPERVISOR,,,,,,
W[901],,SEND WORDS FOR SUPERVISOR,,,,,,
W[902],,SEND WORDS FOR SUPERVISOR,,,,,,
W[903],,SEND WORDS FOR SUPERVISOR,,,,,,
W[904],,SEND WORDS FOR SUPERVISOR,,,,,,
W[905],,SEND WORDS FOR SUPERVISOR,,,,,,
W[906],,SEND WORDS FOR SUPERVISOR,,,,,,
W[907],,SEND WORDS FOR SUPERVISOR,,,,,,
W[908],,SEND WORDS FOR SUPERVISOR,,,,,,
W[909],,SEND WORDS FOR SUPERVISOR,,,,,,
W[910],,SEND WORDS FOR SUPERVISOR,,,,,,
W[911],,SEND WORDS FOR SUPERVISOR,,,,,,
W[912],,SEND WORDS FOR SUPERVISOR,,,,,,
W[913],,SEND WORDS FOR SUPERVISOR,,,,,,
W[914],,SEND WORDS FOR SUPERVISOR,,,,,,
W[915],,SEND WORDS FOR SUPERVISOR,,,,,,
W[916],,SEND WORDS FOR SUPERVISOR,,,,,,
W[917],,SEND WORDS FOR SUPERVISOR,,,,,,
W[918],,SEND WORDS FOR SUPERVISOR,,,,,,
W[919],,SEND WORDS FOR SUPERVISOR,,,,,,
W[920],,SEND WORDS FOR SUPERVISOR,,,,,,
W[921],,SEND WORDS FOR SUPERVISOR,,,,,,
W[922],,SEND WORDS FOR SUPERVISOR,,,,,,
W[923],,SEND WORDS FOR SUPERVISOR,,,,,,
W[924],,SEND WORDS FOR SUPERVISOR,,,,,,
W[925],,SEND WORDS FOR SUPERVISOR,,,,,,
W[926],,SEND WORDS FOR SUPERVISOR,,,,,,
W[927],,SEND WORDS FOR SUPERVISOR,,,,,,
W[928],,SEND WORDS FOR SUPERVISOR,,,,,,
W[929],,SEND WORDS FOR SUPERVISOR,,,,,,
W[930],,SEND WORDS FOR SUPERVISOR,,,,,,
W[931],,SEND WORDS FOR SUPERVISOR,,,,,,
W[932],,SEND WORDS FOR SUPERVISOR,,,,,,
W[933],,SEND WORDS FOR SUPERVISOR,,,,,,
W[934],,SEND WORDS FOR SUPERVISOR,,,,,,
W[935],,SEND WORDS FOR SUPERVISOR,,,,,,
W[936],,SEND WORDS FOR SUPERVISOR,,,,,,
W[937],,SEND WORDS FOR SUPERVISOR,,,,,,
W[938],,SEND WORDS FOR SUPERVISOR,,,,,,
W[939],,SEND WORDS FOR SUPERVISOR,,,,,,
W[940],,SEND WORDS FOR SUPERVISOR,,,,,,
W[941],,SEND WORDS FOR SUPERVISOR,,,,,,
W[942],,SEND WORDS FOR SUPERVISOR,,,,,,
W[943],,SEND WORDS FOR SUPERVISOR,,,,,,
W[944],,SEND WORDS FOR SUPERVISOR,,,,,,
W[945],,SEND WORDS FOR SUPERVISOR,,,,,,
W[946],,SEND WORDS FOR SUPERVISOR,,,,,,
W[947],,SEND WORDS FOR SUPERVISOR,,,,,,
W[948],,SEND WORDS FOR SUPERVISOR,,,,,,
W[949],,SEND WORDS FOR SUPERVISOR,,,,,,
W[950],,SEND WORDS FOR SUPERVISOR,,,,,,
W[951],,SEND WORDS FOR SUPERVISOR,,,,,,
W[952],,SEND WORDS FOR SUPERVISOR,,,,,,
W[953],,SEND WORDS FOR SUPERVISOR,,,,,,
W[954],,SEND WORDS FOR SUPERVISOR,,,,,,
W[955],,SEND WORDS FOR SUPERVISOR,,,,,,
W[956],,SEND WORDS FOR SUPERVISOR,,,,,,
W[957],,SEND WORDS FOR SUPERVISOR,,,,,,
W[958],,SEND WORDS FOR SUPERVISOR,,,,,,
W[959],,SEND WORDS FOR SUPERVISOR,,,,,,
W[960],,SEND WORDS FOR SUPERVISOR,,,,,,
W[961],,SEND WORDS FOR SUPERVISOR,,,,,,
W[962],,SEND WORDS FOR SUPERVISOR,,,,,,
W[963],,SEND WORDS FOR SUPERVISOR,,,,,,
W[964],,SEND WORDS FOR SUPERVISOR,,,,,,
W[965],,SEND WORDS FOR SUPERVISOR,,,,,,
W[966],,SEND WORDS FOR SUPERVISOR,,,,,,
W[967],,SEND WORDS FOR SUPERVISOR,,,,,,
W[968],,SEND WORDS FOR SUPERVISOR,,,,,,
W[969],,SEND WORDS FOR SUPERVISOR,,,,,,
W[970],,SEND WORDS FOR SUPERVISOR,,,,,,
W[971],,SEND WORDS FOR SUPERVISOR,,,,,,
W[972],,SEND WORDS FOR SUPERVISOR,,,,,,
W[973],,SEND WORDS FOR SUPERVISOR,,,,,,
W[974],,SEND WORDS FOR SUPERVISOR,,,,,,
W[975],,SEND WORDS FOR SUPERVISOR,,,,,,
W[976],,SEND WORDS FOR SUPERVISOR,,,,,,
W[977],,SEND WORDS FOR SUPERVISOR,,,,,,
W[978],,SEND WORDS FOR SUPERVISOR,,,,,,
W[979],,SEND WORDS FOR SUPERVISOR,,,,,,
W[980],,SEND WORDS FOR SUPERVISOR,,,,,,
W[981],,SEND WORDS FOR SUPERVISOR,,,,,,
W[982],,SEND WORDS FOR SUPERVISOR,,,,,,
W[983],,SEND WORDS FOR SUPERVISOR,,,,,,
W[984],,SEND WORDS FOR SUPERVISOR,,,,,,
W[985],,SEND WORDS FOR SUPERVISOR,,,,,,
W[986],,SEND WORDS FOR SUPERVISOR,,,,,,
W[987],,SEND WORDS FOR SUPERVISOR,,,,,,
W[988],,SEND WORDS FOR SUPERVISOR,,,,,,
W[989],,SEND WORDS FOR SUPERVISOR,,,,,,
W[990],,SEND WORDS FOR SUPERVISOR,,,,,,
W[991],,SEND WORDS FOR SUPERVISOR,,,,,,
W[992],,SEND WORDS FOR SUPERVISOR,,,,,,
W[993],,SEND WORDS FOR SUPERVISOR,,,,,,
W[994],,SEND WORDS FOR SUPERVISOR,,,,,,
W[995],,SEND WORDS FOR SUPERVISOR,,,,,,
W[996],,SEND WORDS FOR SUPERVISOR,,,,,,
W[997],,SEND WORDS FOR SUPERVISOR,,,,,,
W[998],,SEND WORDS FOR SUPERVISOR,,,,,,
W[999],,SEND WORDS FOR SUPERVISOR,,,,,,
W[1000],,DIGITALS OUTPUT,,,,,,
W[1000].0,,START ORDER EXT1,"40002, 0",,,,,
W[1000].1,,START ORDER EXT2,"40002, 1",,,,,
W[1000].2,,START ORDER SAT1,"40002, 2",,,,,
W[1000].3,,START ORDER SAT2,"40002, 3",,,,,
W[1000].4,,START ORDER CR,"40002, 4",,,,,
W[1000].5,,FREE,"40002, 5",,,,,
W[1000].6,,FREE,"40002, 6",,,,,
W[1000].7,,FREE,"40002, 7",,,,,
W[1000].8,,FREE,"40002, 8",,,,,
W[1000].9,,FREE,"40002, 9",,,,,
W[1000].10,,FREE,"40002, 10",,,,,
W[1000].11,,FREE,"40002, 11",,,,,
W[1000].12,,FREE,"40002, 12",,,,,
W[1000].13,,FREE,"40002, 13",,,,,
W[1000].14,,FREE,"40002, 14",,,,,
W[1000].15,,FREE,"40002, 15",,,,,
W[1001],,DIGITALS OUTPUT,,,,,,
W[1001].0,,STOP ORDER EXT1,"40003, 0",,,,,
W[1001].1,,STOP ORDER EXT2,"40003, 1",,,,,
W[1001].2,,STOP ORDER SAT1,"40003, 2",,,,,
W[1001].3,,STOP ORDER SAT2,"40003, 3",,,,,
W[1001].4,,STOP ORDER CR,"40003, 4",,,,,
W[1001].5,,STOP ORDER MDO (L2),"40003, 5",,,,,
W[1001].6,,FREE,"40003, 6",,,,,
W[1001].7,,FREE,"40003, 7",,,,,
W[1001].8,,FREE,"40003, 8",,,,,
W[1001].9,,FREE,"40003, 9",,,,,
W[1001].10,,FREE,"40003, 10",,,,,
W[1001].11,,FREE,"40003, 11",,,,,
W[1001].12,,FREE,"40003, 12",,,,,
W[1001].13,,FREE,"40003, 13",,,,,
W[1001].14,,FREE,"40003, 14",,,,,
W[1001].15,,FREE,"40003, 15",,,,,
W[1002],,DIGITALS OUTPUT,,,,,,
W[1002].0,,FREE,"40004, 0",,,,,
W[1002].1,,AUTOMATIC SET POINT,"40004, 1",,,,,
W[1002].2,,SPEED / PRESSURE EXT1,"40004, 2",,,,,
W[1002].3,,SPEED / PRESSURE EXT2,"40004, 3",,,,,
W[1002].4,,SPEED / PRESSURE SAT1,"40004, 4",,,,,
W[1002].5,,SPEED / PRESSURE SAT2,"40004, 5",,,,,
W[1002].6,,FREE,"40004, 6",,,,,
W[1002].7,,PURGE EXT1/EXT2,"40004, 7",,,,,
W[1002].8,,PURGE SAT1,"40004, 8",,,,,
W[1002].9,,PURGE SAT2,"40004, 9",,,,,
W[1002].10,,FREE,"40004, 10",,,,,
W[1002].11,,FREE,"40004, 11",,,,,
W[1002].12,,FREE,"40004, 12",,,,,
W[1002].13,,FREE,"40004, 13",,,,,
W[1002].14,,FREE,"40004, 14",,,,,
W[1002].15,,FREE,"40004, 15",,,,,
W[1003],,FREE,40005,,,,,
W[1004],,FREE,40006,,,,,
W[1005],,SET POINT EXT1 PRESSION xxxxpsi,40007,,,,,
W[1006],,SET POINT EXT2 PRESSION xxxxpsi,40008,,,,,
W[1007],,SET POINT SAT1 PRESSION xxxxpsi,40009,,,,,
W[1008],,SET POINT SAT2 PRESSION xxxxpsi,40010,,,,,
W[1009],,FREE,40011,,,,,
W[1010],,"SPEED MAXI EXT2 xxx,xrpm",40012,,,,,
W[1011],,"SPEED MAXI SAT1 xxx,xrpm",40013,,,,,
W[1012],,"SPEED MAXI SAT2 xxx,xrpm",40014,,,,,
W[1013],,"SPEED MAXI CR xxx,xfpm",40015,,,,,
W[1014],,"RATIO MAXI EXT1/EXT2 x,xxx",40016,,,,,
W[1015],,FREE,40017,,,,,
W[1016],,FREE,40018,,,,,
W[1017],,"SPEED SET POINT EXT2 xxx,xrpm",40019,,,,,
W[1018],,"SPEED SET POINT SAT1 xxx,xrpm",40020,,,,,
W[1019],,"SPEED SET POINT SAT2 xxx,xrpm",40021,,,,,
W[1020],,"SPEED SET POINT CR xxx,xfpm",40022,,,,,
W[1021],,"FRICTION EXT1/EXT2 x,xxx",40023,,,,,
W[1022],,"FRICTION MDO1/CR x,xxx",40024,,,,,
W[1023],,"FRICTION TDO/MDO3 x,xxx",40025,,,,,
W[1024],,"FRICTION PRS1/TDO x,xxx",40026,,,,,
W[1025],,"FRICTION PRS2/PRS1 x,xxx",40027,,,,,
W[1026],,"INTRO STRETCHING 1 x,xxx",40028,,,,,
W[1027],,"INTRO STRETCHING 2 x,xxx",40029,,,,,
W[1028],,"LOW STRETCHING 1 x,xxx",40030,,,,,
W[1029],,"LOW STRETCHING 2 x,xxx",40031,,,,,
W[1030],,"PROD STRETCHING 1 x,xxx",40032,,,,,
W[1031],,"PROD STRETCHING 2 x,xxx",40033,,,,,
W[1032],,SET POINT JAUGE TDO/MDO3 xxxlb,40034,,,,,
W[1033],,"SET POINT RATIO CR/EXT x,xxx",40035,,,,,
W[1034],,"SET POINT RATIO CR/SAT1 x,xxx",40036,,,,,
W[1035],,"SET POINT RATIO CR/SAT2 x,xxx",40037,,,,,
W[1036],,WRITE BUFFER FROM SUPERVISOR,40038,,,,,
W[1037],,FREE,40039,,,,,
W[1038],,FREE,40040,,,,,
W[1039],,FREE,40041,,,,,
W[1040],,FREE,40042,,,,,
W[1041],,FREE,40043,,,,,
W[1042],,FREE,40044,,,,,
W[1043],,FREE,40045,,,,,
W[1044],,FREE,40046,,,,,
W[1045],,FREE,40047,,,,,
W[1046],,FREE,40048,,,,,
W[1047],,FREE,40049,,,,,
W[1048],,FREE,40050,,,,,
W[1049],,FREE,40051,,,,,
W[1050],,FREE,40052,,,,,
W[1098],,WRITE BUFFER FROM SUPERVISOR,,,,,,
W[1099],,WRITE BUFFER FROM SUPERVISOR,,,,,,
W[1100],,DIGITAL INPUT,,,,,,
W[1100].0,,INTRO MODE,"40102,0",,,,,
W[1100].1,,LOW MODE,"40102,1",,,,,
W[1100].2,,PROD MODE,"40102,2",,,,,
W[1100].3,,HOLD MODE,"40102,3",,,,,
W[1100].4,,FREE,"40102,4",,,,,
W[1100].5,,MEASURE DEFECT ON DC DRIVE,"40102,5",,,,,
W[1100].6,,GAUGE IN ACTION,"40102,6",,,,,
W[1100].7,,SET POINT AUTO OK,"40102,7",,,,,
W[1100].8,,SPEED/PRESSURE EXT1,"40102,8",,,,,
W[1100].9,,SPEED/PRESSURE EXT2,"40102,9",,,,,
W[1100].10,,SPEED/PRESSURE SAT1,"40102,10",,,,,
W[1100].11,,SPEED/PRESSURE SAT2,"40102,11",,,,,
W[1100].12,,CHANGE SP/PR OK EXT1,"40102,12",,,,,
W[1100].13,,CHANGE SP/PR OK EXT2,"40102,13",,,,,
W[1100].14,,CHANGE SP/PR OK SAT1,"40102,14",,,,,
W[1100].15,,CHANGE SP/PR OK SAT2,"40102,15",,,,,
W[1101],,DIGITAL INPUT,,,,,,
W[1101].0,,EXT1 RUNNING,"40103,0",,,,,
W[1101].1,,EXT2 RUNNING,"40103,1",,,,,
W[1101].2,,SAT1 RUNNING,"40103,2",,,,,
W[1101].3,,SAT2 RUNNING,"40103,3",,,,,
W[1101].4,,CR RUNNING,"40103,4",,,,,
W[1101].5,,MDO1 RUNNING,"40103,5",,,,,
W[1101].6,,MDO2 RUNNING,"40103,6",,,,,
W[1101].7,,MDO3 RUNNING,"40103,7",,,,,
W[1101].8,,TDO RUNNING,"40103,8",,,,,
W[1101].9,,PRS1 RUNNING,"40103,9",,,,,
W[1101].10,,PRS2 RUNNING,"40103,10",,,,,
W[1101].11,,FREE,"40103,11",,,,,
W[1101].12,,FREE,"40103,12",,,,,
W[1101].13,,FREE,"40103,13",,,,,
W[1101].14,,FREE,"40103,14",,,,,
W[1101].15,,FREE,"40103,15",,,,,
W[1102],,DIGITAL INPUT,,,,,,
W[1102].0,,FAULT EXT1,"40104,0",,,,,
W[1102].1,,FAULT EXT2,"40104,1",,,,,
W[1102].2,,FAULT SAT1,"40104,2",,,,,
W[1102].3,,FAULT SAT2,"40104,3",,,,,
W[1102].4,,FAULT CR,"40104,4",,,,,
W[1102].5,,FAULT MDO1,"40104,5",,,,,
W[1102].6,,FAULT MDO2,"40104,6",,,,,
W[1102].7,,FAULT MDO3,"40104,7",,,,,
W[1102].8,,FAULT TDO,"40104,8",,,,,
W[1102].9,,FAULT PRS1,"40104,9",,,,,
W[1102].10,,FAULT PRS2,"40104,10",,,,,
W[1102].11,,FREE,"40104,11",,,,,
W[1102].12,,FREE,"40104,12",,,,,
W[1102].13,,FREE,"40104,13",,,,,
W[1102].14,,FREE,"40104,14",,,,,
W[1102].15,,FREE,"40104,15",,,,,
W[1103],,FREE,40105,,,,,
W[1104],,FREE,40106,,,,,
W[1105],,"SPEED MEASURE EXT1 xxx,xrpm",40107,,,,,
W[1106],,"SPEED MEASURE EXT2 xxx,xrpm",40108,,,,,
W[1107],,"SPEED MEASURE SAT1 xxx,xrpm",40109,,,,,
W[1108],,"SPEED MEASURE SAT2 xxx,xrpm",40110,,,,,
W[1109],,"SPEED MEASURE CR xxx,xfpm",40111,,,,,
W[1110],,"SPEED MEASURE MDO1 xxx,xfpm",40112,,,,,
W[1111],,"SPEED MEASURE MDO2 xxx,xfpm",40113,,,,,
W[1112],,"SPEED MEASURE MDO3 xxx,xfpm",40114,,,,,
W[1113],,"SPEED MEASURE TDO xxx,xfpm",40115,,,,,
W[1114],,"SPEED MEASURE PRS1 xxx,xfpm",40116,,,,,
W[1115],,"SPEED MEASURE PRS2 xxx,xfpm",40117,,,,,
W[1116],,CURRENT EXT1 xxxxamp,40118,,,,,
W[1117],,CURRENT EXT2 xxxxamp,40119,,,,,
W[1118],,CURRENT SAT1 xxxamp,40120,,,,,
W[1119],,CURRENT SAT2 xxxamp,40121,,,,,
W[1120],,"CURRENT CR xx,xamp",40122,,,,,
W[1121],,"CURRENT MDO1 xx,xamp",40123,,,,,
W[1122],,CURRENT MDO2 xxxamp,40124,,,,,
W[1123],,CURRENT MDO3 xxxamp,40125,,,,,
W[1124],,CURRENT TDO xxxamp,40126,,,,,
W[1125],,"CURRENT PRS1 xx,xamp",40127,,,,,
W[1126],,"CURRENT PRS2 xx,xamp",40128,,,,,
W[1127],,FREE,40129,,,,,
W[1128],,FREE,40130,,,,,
W[1129],,FREE,40131,,,,,
W[1130],,FREE,40132,,,,,
W[1131],,FREE,40133,,,,,
W[1132],,"FRICTION MEASURE MDO1/CR x,xxx",40134,,,,,
W[1133],,"FRICTION MEASURE TDO/MDO3 x,xxx",40135,,,,,
W[1134],,"FRICTION MEASURE PRS1/TDO x,xxx",40136,,,,,
W[1135],,"FRICTION MEASURE PRS2/PRS1 x,xxx",40137,,,,,
W[1136],,"FRICTION MEASURE EXT1/EXT2 x,xxx",40138,,,,,
W[1137],,GAUGE MEASURE TDO/MDO3 xxxlb,40139,,,,,
W[1138],,"RATIO MEASURE CR/EXT x,xxx",40140,,,,,
W[1139],,"RATIO MEASURE CR/SAT1 x,xxx",40141,,,,,
W[1140],,"RATIO MEASURE CR/SAT2 x,xxx",40142,,,,,
W[1141],,FREE,40043,,,,,
W[1142],,"STRETCHING MEASURE MDO2/MDO1 x,xxx",40044,,,,,
W[1143],,"STRETCHING MEASURE MDO3/MDO2 x,xxx",40145,,,,,
W[1144],,FREE,40146,,,,,
W[1145],,FREE,40147,,,,,
W[1146],,FREE,40148,,,,,
W[1147],,FREE,40149,,,,,
W[1148],,FREE,40150,,,,,
W[1149],,FREE,40151,,,,,
W[1150],,FREE,40152,,,,,
W[1200],,SET POINT SECTION,,,,,,
W[1201],,MEASURE (0-10000PTS)   W1501,,,,,,
W[1202],,MEASURE (0-10000PTS),,,,,,
W[1203],,PROPORTIONAL ACTION BP%,,,,,,
W[1204],,INTEGRAL CORRECTION n*1/100 mn,,,,,,
W[1205],,INTEGRAL CORRECTION n*1/100 mn,,,,,,
W[1206],,DERIVATIVE CORRECTION,,,,,,
W[1207],,DERIVATIVE CORRECTION,,,,,,
W[1208],,GAIN,,,,,,
W[1209],,MEASURE (T-1),,,,,,
W[1210],,OUTPUT REGULATION (0-10000PTS),,,,,,
W[1211],,OUTPUT REGULATION (0-10000PTS),,,,,,
W[1212],,ORDER - MEASURE = E,,,,,,
W[1213],,ORDER - MEASURE = E,,,,,,
W[1214],,PROPORTIONAL ACTION,,,,,,
W[1215],,PROPORTIONAL ACTION,,,,,,
W[1218],,DERIVATIVE ACTION,,,,,,
W[1219],,DERIVATIVE ACTION,,,,,,
W[1220],,SAMPLE TIME,,,,,,
W[1221],,%MAXI CORRECTION,,,,,,
W[1222],,ORDER FOR  REGULATION (0-10000PTS)   W170,,,,,,
W[1223],,ORDER FOR  REGULATION (0-10000PTS),,,,,,
W[1224],,STATUS BOUCLE,,,,,,
W[1225],,REFERENCE (0-10000PTS),,,,,,
W[1226],,RATIO,,,,,,
W[1227],,ACCELERATION,pts,,,,,
W[1228],,DECELERATION,pts,,,,,
W[1229],,CORRECTION,,,,,,
W[1230],,MANU SET POINT,,,,,,
W[1231],,STOP RAMP,pts,,,,,
W[1232],,OUTPUT RAMP,pts,,,,,
W[1233],,SUMMATION SET POINT + OTHER SET POINT,,,,,,
W[1234],,SET POINT * RATIO,,,,,,
W[1235],,SUMMATION SET POINT + OUTPUT PID,,,,,,
W[1236],,OUTPUT SET POINT,,,,,,
W[1237],,MEASRURE,,,,,,
W[1238],,FREE,,,,,,
W[1239],,FREE,,,,,,
W[1240],,SAMPLE TIMER,*10/trs cyc,,,,,
W[1241],,PID FILTER OUTPUT,,,,,,
W[1242],,PID FILTER OUTPUT,,,,,,
W[1243],,FREE,,,,,,
W[1244],,FREE,,,,,,
W[1245],,FREE,,,,,,
W[1246],,FREE,,,,,,
W[1247],,FREE,,,,,,
W[1248],,FREE,,,,,,
W[1249],,FREE,,,,,,
W[1250],,SUMMATION SET POINT - DEC,,,,,,
W[1251],,SUMMATION SET POINT - ACC,,,,,,
W[1252],,FREE,,,,,,
W[1253],,FREE,,,,,,
W[1254],,FREE,,,,,,
W[1255],,FREE,,,,,,
W[1256],,FREE,,,,,,
W[1257],,FREE,,,,,,
W[1258],,FREE,,,,,,
W[1259],,FREE,,,,,,
W[1260],,FREE,,,,,,
W[1261],,FREE,,,,,,
W[1262],,FREE,,,,,,
W[1263],,FREE,,,,,,
W[1264],,FREE,,,,,,
W[1265],,FREE,,,,,,
W[1266],,FREE,,,,,,
W[1267],,FREE,,,,,,
W[1268],,FREE,,,,,,
W[1269],,FREE,,,,,,
W[1270],,FREE,,,,,,
W[1271],,FREE,,,,,,
W[1272],,FREE,,,,,,
W[1273],,FREE,,,,,,
W[1274],,FREE,,,,,,
W[1275],,FREE,,,,,,
W[1276],,FREE,,,,,,
W[1277],,FREE,,,,,,
W[1278],,FREE,,,,,,
W[1279],,FREE,,,,,,
W[1280],,FREE,,,,,,
W[1281],,FREE,,,,,,
W[1282],,FREE,,,,,,
W[1283],,FREE,,,,,,
W[1284],,FREE,,,,,,
W[1285],,FREE,,,,,,
W[1286],,FREE,,,,,,
W[1287],,FREE,,,,,,
W[1288],,FREE,,,,,,
W[1289],,FREE,,,,,,
W[1290],,FREE,,,,,,
W[1291],,FREE,,,,,,
W[1292],,FREE,,,,,,
W[1293],,FREE,,,,,,
W[1294],,FREE,,,,,,
W[1295],,FREE,,,,,,
W[1296],,FREE,,,,,,
W[1297],,FREE,,,,,,
W[1298],,FREE,,,,,,
W[1299],,FREE,,,,,,
W[1300],,FREE,,,,,,
W[1301],,ORDER VIDEO INVERSE VALUE PAGE1 B500[16],,,,,,
W[1302],,ORDER VIDEO INVERSE VALUE PAGE2 B516[16],,,,,,
W[1303],,ORDER VIDEO INVERSE VALUE PAGE3 B532[16],,,,,,
W[1304],,ORDER VIDEO INVERSE VALUE PAGE4 B548[16],,,,,,
W[1305],,CW BUFFER OF THE SELEC VALUE,,,,,,
W[1306],,CW BUFFER OF THE SELEC VALUE,,,,,,
W[1307],,CW BUFFER OF THE SELEC VALUE,,,,,,
W[1308],,CW BUFFER OF THE SELEC VALUE,,,,,,
W[1309],,CW BUFFER OF THE SELEC VALUE,,,,,,
W[1310],,ADDRESS CW BUFFER,,,,,,
W[1311],,INTERNE VALUE,,,,,,
W[1312],,FREE,,,,,,
W[1313],,FREE,,,,,,
W[1314],,FREE,,,,,,
W[1315],,FREE,,,,,,
W[1316],,FREE,,,,,,
W[1317],,FREE,,,,,,
W[1318],,FREE,,,,,,
W[1319],,FREE,,,,,,
W[1320],,FREE,,,,,,
W[1321],,FREE,,,,,,
W[1322],,FREE,,,,,,
W[1323],,FREE,,,,,,
W[1324],,FREE,,,,,,
W[1325],,FREE,,,,,,
W[1326],,FREE,,,,,,
W[1327],,FREE,,,,,,
W[1328],,FREE,,,,,,
W[1329],,FREE,,,,,,
W[1330],,FREE,,,,,,
W[1331],,FREE,,,,,,
W[1332],,FREE,,,,,,
W[1333],,FREE,,,,,,
W[1334],,FREE,,,,,,
W[1335],,FREE,,,,,,
W[1336],,FREE,,,,,,
W[1337],,FREE,,,,,,
W[1338],,FREE,,,,,,
W[1339],,FREE,,,,,,
W[1340],,FREE,,,,,,
W[1341],,FREE,,,,,,
W[1342],,FREE,,,,,,
W[1343],,FREE,,,,,,
W[1344],,FREE,,,,,,
W[1345],,FREE,,,,,,
W[1346],,FREE,,,,,,
W[1347],,FREE,,,,,,
W[1348],,FREE,,,,,,
W[1349],,FREE,,,,,,
W[1500],,PRESSURE MEASURE EXT1 B/F FOR XBT,xxxxPsi,,,,,
W[1501],,PRESSURE MEASURE EXT1 A/F FOR XBT,xxxxPsi,,,,,
W[1502],,PRESSURE MEASURE EXT2 B/F FOR XBT,xxxxPsi,,,,,
W[1503],,PRESSURE MEASURE EXT2 A/F FOR XBT,xxxxPsi,,,,,
W[1504],,PRESSURE MEASURE SAT1 B/F FOR XBT,xxxxPsi,,,,,
W[1505],,PRESSURE MEASURE SAT1 A/F FOR XBT,xxxxPsi,,,,,
W[1506],,PRESSURE MEASURE SAT2 B/F FOR XBT,xxxxPsi,,,,,
W[1507],,PRESSURE MEASURE SAT2 A/F FOR XBT,xxxxPsi,,,,,
W[1508],,SPEED MEASURE EXT1 FOR XBT,"xxx,xRpm",,,,,
W[1509],,SPEED MEASURE EXT2 FOR XBT,"xxx,xRpm",,,,,
W[1510],,SPEED MEASURE SAT1 FOR XBT,"xxx,xRpm",,,,,
W[1511],,SPEED MEASURE SAT2 FOR XBT,"xxx,xRpm",,,,,
W[1512],,SPEED MEASURE CR FOR XBT,"xxx,xFpm",,,,,
W[1513],,SPEED MEASURE MDO1 FOR XBT,"xxx,xFpm",,,,,
W[1514],,SPEED MEASURE MDO2 FOR XBT,"xxx,xFpm",,,,,
W[1515],,SPEED MEASURE MDO3 FOR XBT,"xxx,xFpm",,,,,
W[1516],,SPEED MEASURE TDO FOR XBT,"xxx,xFpm",,,,,
W[1517],,SPEED MEASURE PRS1 FOR XBT,"xxx,xFpm",,,,,
W[1518],,SPEED MEASURE PRS2 FOR XBT,"xxx,xFpm",,,,,
W[1519],,CURRENT MEASURE EXT1 FOR XBT,xxxxAmp,,,,,
W[1520],,CURRENT MEASURE EXT2 FOR XBT,xxxxAmp,,,,,
W[1521],,CURRENT MEASURE SAT1 FOR XBT,xxxAmp,,,,,
W[1522],,CURRENT MEASURE SAT2 FOR XBT,xxxAmp,,,,,
W[1523],,CURRENT MEASURE CR FOR XBT,"xx,xAmp",,,,,
W[1524],,CURRENT MEASURE MDO1 FOR XBT,"xx,xAmp",,,,,
W[1525],,CURRENT MEASURE MDO2 FOR XBT,xxxAmp,,,,,
W[1526],,CURRENT MEASURE MDO3 FOR XBT,xxxAmp,,,,,
W[1527],,CURRENT MEASURE TDO FOR XBT,xxxAmp,,,,,
W[1528],,CURRENT MEASURE PRS1 FOR XBT,"xx,xAmp",,,,,
W[1529],,CURRENT MEASURE PRS2 FOR XBT,"xx,xAmp",,,,,
W[1530],,RATIO MEASURE EXT1/EXT2 FOR XBT,"x,xxx",,,,,
W[1531],,RATIO MEASURE MDO1/CR FOR XBT,"x,xxx",,,,,
W[1532],,RATIO MEASURE TDO/MDO3 FOR XBT,"x,xxx",,,,,
W[1533],,RATIO MEASURE PRS1/TDO FOR XBT,"x,xxx",,,,,
W[1534],,RATIO MEASURE PRS2/PRS1 FOR XBT,"x,xxx",,,,,
W[1535],,STRETCHING MEASURE MDO2/MDO1,"x,xxx",,,,,
W[1536],,STRETCHING MEASURE MDO3/MDO2,"x,xxx",,,,,
W[1537],,GAUGE MEASURE MDO3/TDO,xxxLb,,,,,
W[1538],,RATIO MEASURE CR/EXT,"x,xxx",,,,,
W[1539],,RATIO MEASURE CR/SAT1,"x,xxx",,,,,
W[1540],,RATIO MEASURE CR/SAT2,"x,xxx",,,,,
W[1541],,FREE,,,,,,
W[1542],,FREE,,,,,,
W[1543],,FREE,,,,,,
W[1544],,FREE,,,,,,
W[1545],,FREE,,,,,,
W[1546],,FREE,,,,,,
W[1547],,FREE,,,,,,
W[1548],,FREE,,,,,,
W[1549],,FREE,,,,,,
W[1600],,PRESSURE ORDER EXT1 FOR XBT   setpoint P512,xxxxPsi,,,,,
W[1601],,PRESSURE ORDER EXT2 FOR XBT,xxxxPsi,,,,,
W[1602],,PRESSURE ORDER SAT1 FOR XBT,xxxxPsi,,,,,
W[1603],,PRESSURE ORDER SAT2 FOR XBT,xxxxPsi,,,,,
W[1604],,SPEED ORDER EXT2 FOR XBT,"xxx,xRpm",,,,,
W[1605],,SPEED ORDER SAT1 FOR XBT,"xxx,xRpm",,,,,
W[1606],,SPEED ORDER SAT2 FOR XBT,"xxx,xRpm",,,,,
W[1607],,SPEED ORDER CR FOR XBT,"xxx,xFpm",,,,,
W[1608],,RATIO ORDER EXT1/EXT2 FOR XBT,"x,xxx",,,,,
W[1609],,FRICTION ORDER MDO1/CR FOR XBT,"x,xxx",,,,,
W[1610],,FRICTION ORDER TDO/MDO3 FOR XBT,"x,xxx",,,,,
W[1611],,FRICTION ORDER PRS1/TDO FOR XBT,"x,xxx",,,,,
W[1612],,FRICTION ORDER PRS2/PRS1 FOR XBT,"x,xxx",,,,,
W[1613],,INTRO STRET MDO2/MDO1,"x,xxx",,,,,
W[1614],,INTRO STRET MDO3/MDO2,"x,xxx",,,,,
W[1615],,LOW STRET MDO2/MDO1,"x,xxx",,,,,
W[1616],,LOW STRET MDO3/MDO2,"x,xxx",,,,,
W[1617],,PROD STRET MDO2/MDO1,"x,xxx",,,,,
W[1618],,PROD STRET MDO3/MDO2,"x,xxx",,,,,
W[1619],,GAUGE SET POINT MDO3/TDO,xxxLb,,,,,
W[1620],,RATIO SET POINT CR/EXT,"x,xxx",,,,,
W[1621],,RATIO SET POINT CR/SAT1,"x,xxx",,,,,
W[1622],,RATIO SET POINT CR/SAT2,"x,xxx",,,,,
W[1623],,FREE,,,,,,
W[1624],,FREE,,,,,,
W[1625],,FREE,,,,,,
W[1626],,FREE,,,,,,
W[1627],,FREE,,,,,,
W[1628],,FREE,,,,,,
W[1629],,FREE,,,,,,
W[1630],,FREE,,,,,,
W[1631],,FREE,,,,,,
W[1632],,FREE,,,,,,
W[1633],,FREE,,,,,,
W[1634],,FREE,,,,,,
W[1635],,FREE,,,,,,
W[1636],,FREE,,,,,,
W[1637],,FREE,,,,,,
W[1638],,FREE,,,,,,
W[1639],,FREE,,,,,,
W[1640],,FREE,,,,,,
W[1641],,FREE,,,,,,
W[1642],,FREE,,,,,,
W[1643],,FREE,,,,,,
W[1644],,FREE,,,,,,
W[1645],,FREE,,,,,,
W[1646],,FREE,,,,,,
W[1647],,FREE,,,,,,
W[1648],,FREE,,,,,,
W[1649],,FREE,,,,,,
W[1800],,RECEIVE UNITELWAY 1,PFW42;H'06',,,,,
W[1801],,RECEIVE UNITELWAY 1,W43,,,,,
W[1802],,RECEIVE UNITELWAY 1,H44,,,,,
W[1803],,SEND  UNITELWAY 1,H'0668',,,,,
W[1804],,SEND  UNITELWAY 1,85,,,,,
W[1805],,SEND  UNITELWAY 1,5,,,,,
W[1806],,FREE,,,,,,
W[1807],,FREE,,,,,,
W[1808],,FREE,,,,,,
W[1809],,FREE,,,,,,
W[1810],,FREE,,,,,,
W[1811],,RECEIVE UNITELWAY 2,PFW42;H'06',,,,,
W[1812],,RECEIVE UNITELWAY 2,W43,,,,,
W[1813],,RECEIVE UNITELWAY 2,W44,,,,,
W[1814],,SEND  UNITELWAY 2,H'0668',,,,,
W[1815],,SEND  UNITELWAY 2,85,,,,,
W[1816],,SEND  UNITELWAY 2,5,,,,,
W[1817],,FREE,,,,,,
W[1818],,FREE,,,,,,
W[1819],,FREE,,,,,,
W[1820],,FREE,,,,,,
W[1821],,RECEIVE UNITELWAY 3,PFW42;H'06',,,,,
W[1822],,RECEIVE UNITELWAY 3,W43,,,,,
W[1823],,RECEIVE UNITELWAY 3,W44,,,,,
W[1824],,SEND  UNITELWAY 3,H'0668',,,,,
W[1825],,SEND  UNITELWAY 3,85,,,,,
W[1826],,SEND  UNITELWAY 3,5,,,,,
W[1827],,FREE,,,,,,
W[1828],,FREE,,,,,,
W[1829],,FREE,,,,,,
W[1830],,INC FOR UNITELWAY 1,,,,,,
W[1831],,INC FOR UNITELWAY 2,,,,,,
W[1832],,INC FOR UNITELWAY 3,,,,,,
W[1833],,FREE,,,,,,
W[1834],,FREE,,,,,,
W[1835],,FREE,,,,,,
W[1836],,FREE,,,,,,
W[1837],,FREE,,,,,,
W[1838],,FREE,,,,,,
W[1839],,FREE,,,,,,
W[1840],,FREE,,,,,,
W[1841],,FREE,,,,,,
W[1842],,FREE,,,,,,
W[1843],,FREE,,,,,,
W[1844],,FREE,,,,,,
W[1845],,FREE,,,,,,
W[1846],,FREE,,,,,,
W[1847],,FREE,,,,,,
W[1848],,FREE,,,,,,
W[1849],,FREE,,,,,,
W[2000],,SETPOINT SECTION EXT1,,,,,,
W[2001],,"MEASURE (0-10000 PTS)   actual press, A/F EXT1",W1501,,,,,
W[2002],,MEASURE (0-10000 PTS),,,,,,
W[2003],,PROPORTIONAL ACTION BP%,,,,,,
W[2004],,INTEGRAL CORRECTION n*1/100MN,,,,,,
W[2005],,INTEGRAL CORRECTION n*1/100MN,,,,,,
W[2006],,DERIVATIVE CORRECTION,,,,,,
W[2007],,DERIVATIVE CORRECTION,,,,,,
W[2008],,GAIN,,,,,,
W[2009],,MEASURE (T-1),,,,,,
W[2010],,OUTPUT REGULATION (0-10000PTS),,,,,,
W[2011],,OUTPUT REGULATION (0-10000PTS),,,,,,
W[2012],,ORDER -MEASURE =E,,,,,,
W[2013],,ORDER -MEASURE =E,,,,,,
W[2014],,PROPORTIONNAL ACTION,,,,,,
W[2015],,PROPORTIONNAL ACTION,,,,,,
W[2016],,INTEGRAL ACTION,,,,,,
W[2017],,INTEGRAL ACTION,,,,,,
W[2018],,DERIVATIVE ACTION,,,,,,
W[2019],,DERIVATIVE ACTION,,,,,,
W[2020],,SAMPLE TIME,*10/trs cyc,,,,,
W[2021],,%MAXI CORRECTION,,,,,,
W[2022],,ORDER FOR REGULATION (0-10000PTS)   PRE S/P A/F EXT1,W770,,,,,
W[2023],,ORDER FOR REGULATION (0-10000PTS),,,,,,
W[2024],,STATUS BOUCLE,,,,,,
W[2025],,REFERENCE (0-10000PTS),,,,,,
W[2026],,RATIO,0/00,,,,,
W[2027],,ACCELERATION,pts,,,,,
W[2028],,DECELERATION,pts,,,,,
W[2029],,CORRECTION,,,,,,
W[2030],,MANU SET POINT,,,,,,
W[2031],,STOP RAMP,pts,,,,,
W[2032],,OUTPUT RAMP,pts,,,,,
W[2033],,SUMMATION SET POINT + OTHER SET POINT,,,,,,
W[2034],,SET POINT * RATIO,,,,,,
W[2035],,SUMMATION SET POINT + OUTPUT PID,,,,,,
W[2036],,OUTPUT SET POINT,,,,,,
W[2037],,MEASURE,,,,,,
W[2038],,FREE,,,,,,
W[2039],,FREE,,,,,,
W[2040],,SAMPLE TIMER,*10/trs cyc,,,,,
W[2041],,PID FILTER OUTPUT,,,,,,
W[2042],,PID FILTER OUTPUT,,,,,,
W[2043],,FREE,,,,,,
W[2044],,FREE,,,,,,
W[2045],,FREE,,,,,,
W[2046],,FREE,,,,,,
W[2047],,FREE,,,,,,
W[2048],,FREE,,,,,,
W[2049],,FREE,,,,,,
W[2050],,SUMMATION SET POINT -DEC,,,,,,
W[2051],,SUMMATION SET POINT +ACC,,,,,,
W[2052],,FREE,,,,,,
W[2053],,FREE,,,,,,
W[2054],,FREE,,,,,,
W[2055],,FREE,,,,,,
W[2056],,FREE,,,,,,
W[2057],,FREE,,,,,,
W[2058],,FREE,,,,,,
W[2059],,FREE,,,,,,
W[2060],,FREE,,,,,,
W[2061],,FREE,,,,,,
W[2062],,FREE,,,,,,
W[2063],,FREE,,,,,,
W[2064],,FREE,,,,,,
W[2065],,FREE,,,,,,
W[2066],,FREE,,,,,,
W[2067],,FREE,,,,,,
W[2068],,FREE,,,,,,
W[2069],,FREE,,,,,,
W[2070],,FREE,,,,,,
W[2071],,FREE,,,,,,
W[2072],,FREE,,,,,,
W[2073],,FREE,,,,,,
W[2074],,FREE,,,,,,
W[2075],,FREE,,,,,,
W[2076],,FREE,,,,,,
W[2077],,FREE,,,,,,
W[2078],,FREE,,,,,,
W[2079],,FREE,,,,,,
W[2080],,FREE,,,,,,
W[2081],,FREE,,,,,,
W[2082],,FREE,,,,,,
W[2083],,FREE,,,,,,
W[2084],,FREE,,,,,,
W[2085],,FREE,,,,,,
W[2086],,FREE,,,,,,
W[2087],,FREE,,,,,,
W[2088],,FREE,,,,,,
W[2089],,FREE,,,,,,
W[2090],,FREE,,,,,,
W[2091],,FREE,,,,,,
W[2092],,FREE,,,,,,
W[2093],,FREE,,,,,,
W[2094],,FREE,,,,,,
W[2095],,FREE,,,,,,
W[2096],,FREE,,,,,,
W[2097],,FREE,,,,,,
W[2098],,FREE,,,,,,
W[2099],,FREE,,,,,,
W[2100],,SETPOINT SECTION EXT2,,,,,,
W[2101],,MEASURE (0-10000 PTS),,,,,,
W[2102],,MEASURE (0-10000 PTS),,,,,,
W[2103],,PROPORTIONAL ACTION BP%,,,,,,
W[2104],,INTEGRAL CORRECTION n*1/100MN,,,,,,
W[2105],,INTEGRAL CORRECTION n*1/100MN,,,,,,
W[2106],,DERIVATIVE CORRECTION,,,,,,
W[2107],,DERIVATIVE CORRECTION,,,,,,
W[2108],,GAIN,,,,,,
W[2109],,MEASURE (T-1),,,,,,
W[2110],,OUTPUT REGULATION (0-10000PTS),,,,,,
W[2111],,OUTPUT REGULATION (0-10000PTS),,,,,,
W[2112],,ORDER -MEASURE =E,,,,,,
W[2113],,ORDER -MEASURE =E,,,,,,
W[2114],,PROPORTIONNAL ACTION,,,,,,
W[2115],,PROPORTIONNAL ACTION,,,,,,
W[2116],,INTEGRAL ACTION,,,,,,
W[2117],,INTEGRAL ACTION,,,,,,
W[2118],,DERIVATIVE ACTION,,,,,,
W[2119],,DERIVATIVE ACTION,,,,,,
W[2120],,SAMPLE TIME,*10/trs cyc,,,,,
W[2121],,%MAXI CORRECTION,,,,,,
W[2122],,ORDER FOR REGULATION (0-10000PTS),,,,,,
W[2123],,ORDER FOR REGULATION (0-10000PTS),,,,,,
W[2124],,STATUS BOUCLE,,,,,,
W[2125],,REFERENCE (0-10000PTS),,,,,,
W[2126],,RATIO,,,,,,
W[2127],,ACCELERATION,pts,,,,,
W[2128],,DECELERATION,pts,,,,,
W[2129],,CORRECTION,,,,,,
W[2130],,MANU SET POINT,,,,,,
W[2131],,STOP RAMP,pts,,,,,
W[2132],,OUTPUT RAMP,pts,,,,,
W[2133],,SUMMATION SET POINT + OTHER SET POINT,,,,,,
W[2134],,SET POINT * RATIO,,,,,,
W[2135],,SUMMATION SET POINT + OUTPUT PID,,,,,,
W[2136],,OUTPUT SET POINT,,,,,,
W[2137],,MEASURE,,,,,,
W[2138],,FREE,,,,,,
W[2139],,FREE,,,,,,
W[2140],,SAMPLE TIMER,*10/trs cyc,,,,,
W[2141],,PID FILTER OUTPUT,,,,,,
W[2142],,PID FILTER OUTPUT,,,,,,
W[2143],,FREE,,,,,,
W[2144],,FREE,,,,,,
W[2145],,FREE,,,,,,
W[2146],,FREE,,,,,,
W[2147],,FREE,,,,,,
W[2148],,FREE,,,,,,
W[2149],,FREE,,,,,,
W[2150],,SUMMATION SET POINT -DEC,,,,,,
W[2151],,SUMMATION SET POINT +ACC,,,,,,
W[2152],,FREE,,,,,,
W[2153],,FREE,,,,,,
W[2154],,FREE,,,,,,
W[2155],,FREE,,,,,,
W[2156],,FREE,,,,,,
W[2157],,FREE,,,,,,
W[2158],,FREE,,,,,,
W[2159],,FREE,,,,,,
W[2160],,FREE,,,,,,
W[2161],,FREE,,,,,,
W[2162],,FREE,,,,,,
W[2163],,FREE,,,,,,
W[2164],,FREE,,,,,,
W[2165],,FREE,,,,,,
W[2166],,FREE,,,,,,
W[2167],,FREE,,,,,,
W[2168],,FREE,,,,,,
W[2169],,FREE,,,,,,
W[2170],,FREE,,,,,,
W[2171],,FREE,,,,,,
W[2172],,FREE,,,,,,
W[2173],,FREE,,,,,,
W[2174],,FREE,,,,,,
W[2175],,FREE,,,,,,
W[2176],,FREE,,,,,,
W[2177],,FREE,,,,,,
W[2178],,FREE,,,,,,
W[2179],,FREE,,,,,,
W[2180],,FREE,,,,,,
W[2181],,FREE,,,,,,
W[2182],,FREE,,,,,,
W[2183],,FREE,,,,,,
W[2184],,FREE,,,,,,
W[2185],,FREE,,,,,,
W[2186],,FREE,,,,,,
W[2187],,FREE,,,,,,
W[2188],,FREE,,,,,,
W[2189],,FREE,,,,,,
W[2190],,FREE,,,,,,
W[2191],,FREE,,,,,,
W[2192],,FREE,,,,,,
W[2193],,FREE,,,,,,
W[2194],,FREE,,,,,,
W[2195],,FREE,,,,,,
W[2196],,FREE,,,,,,
W[2197],,FREE,,,,,,
W[2198],,FREE,,,,,,
W[2199],,FREE,,,,,,
W[2200],,SETPOINT SECTION SAT1,,,,,,
W[2201],,MEASURE (0-10000 PTS),,,,,,
W[2202],,MEASURE (0-10000 PTS),,,,,,
W[2203],,PROPORTIONAL ACTION BP%,,,,,,
W[2204],,INTEGRAL CORRECTION n*1/100MN,,,,,,
W[2205],,INTEGRAL CORRECTION n*1/100MN,,,,,,
W[2206],,DERIVATIVE CORRECTION,,,,,,
W[2207],,DERIVATIVE CORRECTION,,,,,,
W[2208],,GAIN,,,,,,
W[2209],,MEASURE (T-1),,,,,,
W[2210],,OUTPUT REGULATION (0-10000PTS),,,,,,
W[2211],,OUTPUT REGULATION (0-10000PTS),,,,,,
W[2212],,ORDER-MEASURE = E,,,,,,
W[2213],,ORDER-MEASURE = E,,,,,,
W[2214],,PROPORTIONNAL ACTION,,,,,,
W[2215],,PROPORTIONNAL ACTION,,,,,,
W[2216],,INTEGRAL ACTION,,,,,,
W[2217],,INTEGRAL ACTION,,,,,,
W[2218],,DERIVATIVE ACTION,,,,,,
W[2219],,DERIVATIVE ACTION,*10/trs cyc,,,,,
W[2220],,SAMPLE TIME,,,,,,
W[2221],,%MAXI CORRECTION,,,,,,
W[2222],,ORDER FOR REGULATION (0-10000PTS),,,,,,
W[2223],,ORDER FOR REGULATION (0-10000PTS),,,,,,
W[2224],,STATUS BOUCLE,,,,,,
W[2224].12,,"1:SPEED MODE, 0:PRESURE MODE",,,,,,
W[2224].15,,VALIDATION PID,,,,,,
W[2225],,REFERENCE (0-10000PTS),,,,,,
W[2226],,RATIO,,,,,,
W[2227],,ACCELERATION,pts,,,,,
W[2228],,DECELERATION,pts,,,,,
W[2229],,CORRECTION,,,,,,
W[2230],,MANU SET POINT,,,,,,
W[2231],,STOP RAMP,pts,,,,,
W[2232],,OUTPUT RAMP,pts,,,,,
W[2233],,SUMMATION SET POINT + OTHER SET POINT,,,,,,
W[2234],,SET POINT * RATIO,,,,,,
W[2235],,SUMMATION SET POINT + OUTPUT PID,,,,,,
W[2236],,OUTPUT SET POINT,,,,,,
W[2237],,MEASURE,,,,,,
W[2238],,FREE,,,,,,
W[2239],,FREE,,,,,,
W[2240],,SAMPLE TIMER,*10/trs cyc,,,,,
W[2241],,PID FILTER OUTPUT,,,,,,
W[2242],,PID FILTER OUTPUT,,,,,,
W[2243],,FREE,,,,,,
W[2244],,FREE,,,,,,
W[2245],,FREE,,,,,,
W[2246],,FREE,,,,,,
W[2247],,FREE,,,,,,
W[2248],,FREE,,,,,,
W[2249],,FREE,,,,,,
W[2250],,SUMMATION SET POINT -DEC,,,,,,
W[2251],,SUMMATION SET POINT +ACC,,,,,,
W[2252],,FREE,,,,,,
W[2253],,FREE,,,,,,
W[2254],,FREE,,,,,,
W[2255],,FREE,,,,,,
W[2256],,FREE,,,,,,
W[2257],,FREE,,,,,,
W[2258],,FREE,,,,,,
W[2259],,FREE,,,,,,
W[2260],,FREE,,,,,,
W[2261],,FREE,,,,,,
W[2262],,FREE,,,,,,
W[2263],,FREE,,,,,,
W[2264],,FREE,,,,,,
W[2265],,FREE,,,,,,
W[2266],,FREE,,,,,,
W[2267],,FREE,,,,,,
W[2268],,FREE,,,,,,
W[2269],,FREE,,,,,,
W[2270],,FREE,,,,,,
W[2271],,FREE,,,,,,
W[2272],,FREE,,,,,,
W[2273],,FREE,,,,,,
W[2274],,FREE,,,,,,
W[2275],,FREE,,,,,,
W[2276],,FREE,,,,,,
W[2277],,FREE,,,,,,
W[2278],,FREE,,,,,,
W[2279],,FREE,,,,,,
W[2280],,FREE,,,,,,
W[2281],,FREE,,,,,,
W[2282],,FREE,,,,,,
W[2283],,FREE,,,,,,
W[2284],,FREE,,,,,,
W[2285],,FREE,,,,,,
W[2286],,FREE,,,,,,
W[2287],,FREE,,,,,,
W[2288],,FREE,,,,,,
W[2289],,FREE,,,,,,
W[2290],,FREE,,,,,,
W[2291],,FREE,,,,,,
W[2292],,FREE,,,,,,
W[2293],,FREE,,,,,,
W[2294],,FREE,,,,,,
W[2295],,FREE,,,,,,
W[2296],,FREE,,,,,,
W[2297],,FREE,,,,,,
W[2298],,FREE,,,,,,
W[2299],,FREE,,,,,,
W[2300],,SETPOINT SECTION SAT2,,,,,,
W[2301],,MEASURE (0-10000 PTS),,,,,,
W[2302],,MEASURE (0-10000 PTS),,,,,,
W[2303],,PROPORTIONAL ACTION BP%,,,,,,
W[2304],,INTEGRAL CORRECTION n*1/100MN,,,,,,
W[2305],,INTEGRAL CORRECTION n*1/100MN,,,,,,
W[2306],,DERIVATIVE CORRECTION,,,,,,
W[2307],,DERIVATIVE CORRECTION,,,,,,
W[2308],,GAIN,,,,,,
W[2309],,MEASURE (T-1),,,,,,
W[2310],,OUTPUT REGULATION (0-10000PTS),,,,,,
W[2311],,OUTPUT REGULATION (0-10000PTS),,,,,,
W[2312],,ORDER -MEASURE =E,,,,,,
W[2313],,ORDER -MEASURE =E,,,,,,
W[2314],,PROPORTIONNAL ACTION,,,,,,
W[2315],,PROPORTIONNAL ACTION,,,,,,
W[2316],,INTEGRAL ACTION,,,,,,
W[2317],,INTEGRAL ACTION,,,,,,
W[2318],,DERIVATIVE ACTION,,,,,,
W[2319],,DERIVATIVE ACTION,,,,,,
W[2320],,SAMPLE TIME,*10/trs cyc,,,,,
W[2321],,%MAXI CORRECTION,,,,,,
W[2322],,ORDER FOR REGULATION (0-10000PTS),,,,,,
W[2323],,ORDER FOR REGULATION (0-10000PTS),,,,,,
W[2324],,STATUS BOUCLE,,,,,,
W[2325],,REFERENCE (0-10000PTS),,,,,,
W[2326],,RATIO,,,,,,
W[2327],,ACCELERATION,pts,,,,,
W[2328],,DECELERATION,pts,,,,,
W[2329],,CORRECTION,,,,,,
W[2330],,MANU SET POINT,,,,,,
W[2331],,STOP RAMP,pts,,,,,
W[2332],,OUTPUT RAMP,pts,,,,,
W[2333],,SUMMATION SET POINT + OTHER SET POINT,,,,,,
W[2334],,SET POINT * RATIO,,,,,,
W[2335],,SUMMATION SET POINT + OUTPUT PID,,,,,,
W[2336],,OUTPUT SET POINT,,,,,,
W[2337],,MEASURE,,,,,,
W[2338],,FREE,,,,,,
W[2339],,FREE,,,,,,
W[2340],,SAMPLE TIMER,*10/trs cyc,,,,,
W[2341],,PID FILTER OUTPUT,,,,,,
W[2342],,PID FILTER OUTPUT,,,,,,
W[2343],,FREE,,,,,,
W[2344],,FREE,,,,,,
W[2345],,FREE,,,,,,
W[2346],,FREE,,,,,,
W[2347],,FREE,,,,,,
W[2348],,FREE,,,,,,
W[2349],,FREE,,,,,,
W[2350],,SUMMATION SET POINT -DEC,,,,,,
W[2351],,SUMMATION SET POINT +ACC,,,,,,
W[2352],,FREE,,,,,,
W[2353],,FREE,,,,,,
W[2354],,FREE,,,,,,
W[2355],,FREE,,,,,,
W[2356],,FREE,,,,,,
W[2357],,FREE,,,,,,
W[2358],,FREE,,,,,,
W[2359],,FREE,,,,,,
W[2360],,FREE,,,,,,
W[2361],,FREE,,,,,,
W[2362],,FREE,,,,,,
W[2363],,FREE,,,,,,
W[2364],,FREE,,,,,,
W[2365],,FREE,,,,,,
W[2366],,FREE,,,,,,
W[2367],,FREE,,,,,,
W[2368],,FREE,,,,,,
W[2369],,FREE,,,,,,
W[2370],,FREE,,,,,,
W[2371],,FREE,,,,,,
W[2372],,FREE,,,,,,
W[2373],,FREE,,,,,,
W[2374],,FREE,,,,,,
W[2375],,FREE,,,,,,
W[2376],,FREE,,,,,,
W[2377],,FREE,,,,,,
W[2378],,FREE,,,,,,
W[2379],,FREE,,,,,,
W[2380],,FREE,,,,,,
W[2381],,FREE,,,,,,
W[2382],,FREE,,,,,,
W[2383],,FREE,,,,,,
W[2384],,FREE,,,,,,
W[2385],,FREE,,,,,,
W[2386],,FREE,,,,,,
W[2387],,FREE,,,,,,
W[2388],,FREE,,,,,,
W[2389],,FREE,,,,,,
W[2390],,FREE,,,,,,
W[2391],,FREE,,,,,,
W[2392],,FREE,,,,,,
W[2393],,FREE,,,,,,
W[2394],,FREE,,,,,,
W[2395],,FREE,,,,,,
W[2396],,FREE,,,,,,
W[2397],,FREE,,,,,,
W[2398],,FREE,,,,,,
W[2399],,FREE,,,,,,
W[2400],,SETPOINT SECTION CR,,,,,,
W[2401],,MEASURE (0-10000 PTS),,,,,,
W[2402],,MEASURE (0-10000 PTS),,,,,,
W[2403],,PROPORTIONAL ACTION BP%,,,,,,
W[2404],,INTEGRAL CORRECTION n*1/100MN,,,,,,
W[2405],,INTEGRAL CORRECTION n*1/100MN,,,,,,
W[2406],,DERIVATIVE CORRECTION,,,,,,
W[2407],,DERIVATIVE CORRECTION,,,,,,
W[2408],,GAIN,,,,,,
W[2409],,MEASURE (T-1),,,,,,
W[2410],,OUTPUT REGULATION (0-10000PTS),,,,,,
W[2411],,OUTPUT REGULATION (0-10000PTS),,,,,,
W[2412],,ORDER -MEASURE =E,,,,,,
W[2413],,ORDER -MEASURE =E,,,,,,
W[2414],,PROPORTIONNAL ACTION,,,,,,
W[2415],,PROPORTIONNAL ACTION,,,,,,
W[2416],,INTEGRAL ACTION,,,,,,
W[2417],,INTEGRAL ACTION,,,,,,
W[2418],,DERIVATIVE ACTION,,,,,,
W[2419],,DERIVATIVE ACTION,,,,,,
W[2420],,SAMPLE TIME,*10/trs cyc,,,,,
W[2421],,%MAXI CORRECTION,,,,,,
W[2422],,ORDER FOR REGULATION (0-10000PTS),,,,,,
W[2423],,ORDER FOR REGULATION (0-10000PTS),,,,,,
W[2424],,STATUS BOUCLE,,,,,,
W[2425],,REFERENCE (0-10000PTS),,,,,,
W[2426],,RATIO,,,,,,
W[2427],,ACCELERATION,,,,,,
W[2428],,DECELERATION,pts,,,,,
W[2429],,CORRECTION,pts,,,,,
W[2430],,MANU SET POINT,,,,,,
W[2431],,STOP RAMP,pts,,,,,
W[2432],,OUTPUT RAMP,pts,,,,,
W[2433],,SUMMATION SET POINT + OTHER SET POINT,,,,,,
W[2434],,SET POINT * RATIO,,,,,,
W[2435],,SUMMATION SET POINT + OUTPUT PID,,,,,,
W[2436],,OUTPUT SET POINT,,,,,,
W[2437],,MEASURE,,,,,,
W[2438],,FREE,,,,,,
W[2439],,FREE,,,,,,
W[2440],,SAMPLE TIMER,*10/trs cyc,,,,,
W[2441],,PID FILTER OUTPUT,,,,,,
W[2442],,PID FILTER OUTPUT,,,,,,
W[2443],,FREE,,,,,,
W[2444],,FREE,,,,,,
W[2445],,FREE,,,,,,
W[2446],,FREE,,,,,,
W[2447],,FREE,,,,,,
W[2448],,FREE,,,,,,
W[2449],,FREE,,,,,,
W[2450],,SUMMATION SET POINT -DEC,,,,,,
W[2451],,SUMMATION SET POINT +ACC,,,,,,
W[2452],,FREE,,,,,,
W[2453],,FREE,,,,,,
W[2454],,FREE,,,,,,
W[2455],,FREE,,,,,,
W[2456],,FREE,,,,,,
W[2457],,FREE,,,,,,
W[2458],,FREE,,,,,,
W[2459],,FREE,,,,,,
W[2460],,FREE,,,,,,
W[2461],,FREE,,,,,,
W[2462],,FREE,,,,,,
W[2463],,FREE,,,,,,
W[2464],,FREE,,,,,,
W[2465],,FREE,,,,,,
W[2466],,FREE,,,,,,
W[2467],,FREE,,,,,,
W[2468],,FREE,,,,,,
W[2469],,FREE,,,,,,
W[2470],,FREE,,,,,,
W[2471],,FREE,,,,,,
W[2472],,FREE,,,,,,
W[2473],,FREE,,,,,,
W[2474],,FREE,,,,,,
W[2475],,FREE,,,,,,
W[2476],,FREE,,,,,,
W[2477],,FREE,,,,,,
W[2478],,FREE,,,,,,
W[2479],,FREE,,,,,,
W[2480],,FREE,,,,,,
W[2481],,FREE,,,,,,
W[2482],,FREE,,,,,,
W[2483],,FREE,,,,,,
W[2484],,FREE,,,,,,
W[2485],,FREE,,,,,,
W[2486],,FREE,,,,,,
W[2487],,FREE,,,,,,
W[2488],,FREE,,,,,,
W[2489],,FREE,,,,,,
W[2490],,FREE,,,,,,
W[2491],,FREE,,,,,,
W[2492],,FREE,,,,,,
W[2493],,FREE,,,,,,
W[2494],,FREE,,,,,,
W[2495],,FREE,,,,,,
W[2496],,FREE,,,,,,
W[2497],,FREE,,,,,,
W[2498],,FREE,,,,,,
W[2499],,FREE,,,,,,
W[2500],,SETPOINT SECTION MDO1,,,,,,
W[2501],,MEASURE (0-10000 PTS),,,,,,
W[2502],,MEASURE (0-10000 PTS),,,,,,
W[2503],,PROPORTIONAL ACTION BP%,,,,,,
W[2504],,INTEGRAL CORRECTION n*1/100MN,,,,,,
W[2505],,INTEGRAL CORRECTION n*1/100MN,,,,,,
W[2506],,DERIVATIVE CORRECTION,,,,,,
W[2507],,DERIVATIVE CORRECTION,,,,,,
W[2508],,GAIN,,,,,,
W[2509],,MEASURE (T-1),,,,,,
W[2510],,OUTPUT REGULATION (0-10000PTS),,,,,,
W[2511],,OUTPUT REGULATION (0-10000PTS),,,,,,
W[2512],,ORDER -MEASURE =E,,,,,,
W[2513],,ORDER -MEASURE =E,,,,,,
W[2514],,PROPORTIONNAL ACTION,,,,,,
W[2515],,PROPORTIONNAL ACTION,,,,,,
W[2516],,INTEGRAL ACTION,,,,,,
W[2517],,INTEGRAL ACTION,,,,,,
W[2518],,DERIVATIVE ACTION,,,,,,
W[2519],,DERIVATIVE ACTION,,,,,,
W[2520],,SAMPLE TIME,,,,,,
W[2521],,%MAXI CORRECTION,,,,,,
W[2522],,ORDER FOR REGULATION (0-10000PTS),,,,,,
W[2523],,ORDER FOR REGULATION (0-10000PTS),,,,,,
W[2524],,STATUS BOUCLE,,,,,,
W[2525],,REFERENCE (0-10000PTS),,,,,,
W[2526],,RATIO,0/00,,,,,
W[2527],,ACCELERATION,pts,,,,,
W[2528],,DECELERATION,pts,,,,,
W[2529],,CORRECTION,pts,,,,,
W[2530],,MANU SET POINT,,,,,,
W[2531],,STOP RAMP,pts,,,,,
W[2532],,OUTPUT RAMP,pts,,,,,
W[2533],,SUMMATION SET POINT + OTHER SET POINT,,,,,,
W[2534],,SET POINT * RATIO,,,,,,
W[2535],,SUMMATION SET POINT + OUTPUT PID,,,,,,
W[2536],,OUTPUT SET POINT,,,,,,
W[2537],,MEASURE,,,,,,
W[2538],,FREE,,,,,,
W[2539],,FREE,,,,,,
W[2540],,SAMPLE TIMER,*10/trs cyc,,,,,
W[2541],,PID FILTER OUTPUT,,,,,,
W[2542],,PID FILTER OUTPUT,,,,,,
W[2543],,FREE,,,,,,
W[2544],,FREE,,,,,,
W[2545],,FREE,,,,,,
W[2546],,FREE,,,,,,
W[2547],,FREE,,,,,,
W[2548],,FREE,,,,,,
W[2549],,FREE,,,,,,
W[2550],,SUMMATION SET POINT -DEC,,,,,,
W[2551],,SUMMATION SET POINT +ACC,,,,,,
W[2552],,FREE,,,,,,
W[2553],,FREE,,,,,,
W[2554],,FREE,,,,,,
W[2555],,FREE,,,,,,
W[2556],,FREE,,,,,,
W[2557],,FREE,,,,,,
W[2558],,FREE,,,,,,
W[2559],,FREE,,,,,,
W[2560],,FREE,,,,,,
W[2561],,FREE,,,,,,
W[2562],,FREE,,,,,,
W[2563],,FREE,,,,,,
W[2564],,FREE,,,,,,
W[2565],,FREE,,,,,,
W[2566],,FREE,,,,,,
W[2567],,FREE,,,,,,
W[2568],,FREE,,,,,,
W[2569],,FREE,,,,,,
W[2570],,FREE,,,,,,
W[2571],,FREE,,,,,,
W[2572],,FREE,,,,,,
W[2573],,FREE,,,,,,
W[2574],,FREE,,,,,,
W[2575],,FREE,,,,,,
W[2576],,FREE,,,,,,
W[2577],,FREE,,,,,,
W[2578],,FREE,,,,,,
W[2579],,FREE,,,,,,
W[2580],,FREE,,,,,,
W[2581],,FREE,,,,,,
W[2582],,FREE,,,,,,
W[2583],,FREE,,,,,,
W[2584],,FREE,,,,,,
W[2585],,FREE,,,,,,
W[2586],,FREE,,,,,,
W[2587],,FREE,,,,,,
W[2588],,FREE,,,,,,
W[2589],,FREE,,,,,,
W[2590],,FREE,,,,,,
W[2591],,FREE,,,,,,
W[2592],,FREE,,,,,,
W[2593],,FREE,,,,,,
W[2594],,FREE,,,,,,
W[2595],,FREE,,,,,,
W[2596],,FREE,,,,,,
W[2597],,FREE,,,,,,
W[2598],,FREE,,,,,,
W[2599],,FREE,,,,,,
W[2600],,SETPOINT SECTION MDO2,,,,,,
W[2601],,MEASURE (0-10000 PTS),,,,,,
W[2602],,MEASURE (0-10000 PTS),,,,,,
W[2603],,PROPORTIONAL ACTION BP%,,,,,,
W[2604],,INTEGRAL CORRECTION n*1/100MN,,,,,,
W[2605],,INTEGRAL CORRECTION n*1/100MN,,,,,,
W[2606],,DERIVATIVE CORRECTION,,,,,,
W[2607],,DERIVATIVE CORRECTION,,,,,,
W[2608],,GAIN,,,,,,
W[2609],,MEASURE (T-1),,,,,,
W[2610],,OUTPUT REGULATION (0-10000PTS),,,,,,
W[2611],,OUTPUT REGULATION (0-10000PTS),,,,,,
W[2612],,ORDER -MEASURE =E,,,,,,
W[2613],,ORDER -MEASURE =E,,,,,,
W[2614],,PROPORTIONNAL ACTION,,,,,,
W[2615],,PROPORTIONNAL ACTION,,,,,,
W[2616],,INTEGRAL ACTION,,,,,,
W[2617],,INTEGRAL ACTION,,,,,,
W[2618],,DERIVATIVE ACTION,,,,,,
W[2619],,DERIVATIVE ACTION,,,,,,
W[2620],,SAMPLE TIME,*10/trs cyc,,,,,
W[2621],,%MAXI CORRECTION,,,,,,
W[2622],,ORDER FOR REGULATION (0-10000PTS),,,,,,
W[2623],,ORDER FOR REGULATION (0-10000PTS),,,,,,
W[2624],,STATUS BOUCLE,,,,,,
W[2625],,REFERENCE (0-10000PTS),,,,,,
W[2626],,RATIO,,,,,,
W[2627],,ACCELERATION,pts,,,,,
W[2628],,DECELERATION,pts,,,,,
W[2629],,CORRECTION,,,,,,
W[2630],,MANU SET POINT,,,,,,
W[2631],,STOP RAMP,pts,,,,,
W[2632],,OUTPUT RAMP,pts,,,,,
W[2633],,SUMMATION SET POINT + OTHER SET POINT,,,,,,
W[2634],,SET POINT * RATIO,,,,,,
W[2635],,SUMMATION SET POINT + OUTPUT PID,,,,,,
W[2636],,OUTPUT SET POINT,,,,,,
W[2637],,MEASURE,,,,,,
W[2638],,FREE,,,,,,
W[2639],,FREE,,,,,,
W[2640],,SAMPLE TIMER,*10/trs cyc,,,,,
W[2641],,PID FILTER OUTPUT,,,,,,
W[2642],,PID FILTER OUTPUT,,,,,,
W[2643],,FREEFREE,,,,,,
W[2644],,FREE,,,,,,
W[2645],,FREE,,,,,,
W[2646],,FREE,,,,,,
W[2647],,FREE,,,,,,
W[2648],,FREE,,,,,,
W[2649],,FREE,,,,,,
W[2650],,SUMMATION SET POINT -DEC,,,,,,
W[2651],,SUMMATION SET POINT +ACC,,,,,,
W[2652],,FREE,,,,,,
W[2653],,FREE,,,,,,
W[2654],,FREE,,,,,,
W[2655],,FREE,,,,,,
W[2656],,FREE,,,,,,
W[2657],,FREE,,,,,,
W[2658],,FREE,,,,,,
W[2659],,FREE,,,,,,
W[2660],,FREE,,,,,,
W[2661],,FREE,,,,,,
W[2662],,FREE,,,,,,
W[2663],,FREE,,,,,,
W[2664],,FREE,,,,,,
W[2665],,FREE,,,,,,
W[2666],,FREE,,,,,,
W[2667],,FREE,,,,,,
W[2668],,FREE,,,,,,
W[2669],,FREE,,,,,,
W[2670],,FREE,,,,,,
W[2671],,FREE,,,,,,
W[2672],,FREE,,,,,,
W[2673],,FREE,,,,,,
W[2674],,FREE,,,,,,
W[2675],,FREE,,,,,,
W[2676],,FREE,,,,,,
W[2677],,FREE,,,,,,
W[2678],,FREE,,,,,,
W[2679],,FREE,,,,,,
W[2680],,FREE,,,,,,
W[2681],,FREE,,,,,,
W[2682],,FREE,,,,,,
W[2683],,FREE,,,,,,
W[2684],,FREE,,,,,,
W[2685],,FREE,,,,,,
W[2686],,FREE,,,,,,
W[2687],,FREE,,,,,,
W[2688],,FREE,,,,,,
W[2689],,FREE,,,,,,
W[2690],,FREE,,,,,,
W[2691],,FREE,,,,,,
W[2692],,FREE,,,,,,
W[2693],,FREE,,,,,,
W[2694],,FREE,,,,,,
W[2695],,FREE,,,,,,
W[2696],,FREE,,,,,,
W[2697],,FREE,,,,,,
W[2698],,FREE,,,,,,
W[2699],,FREE,,,,,,
W[2700],,SETPOINT SECTION MDO3,,,,,,
W[2701],,MEASURE (0-10000 PTS),,,,,,
W[2702],,MEASURE (0-10000 PTS),,,,,,
W[2703],,PROPORTIONAL ACTION BP%,,,,,,
W[2704],,INTEGRAL CORRECTION n*1/100MN,,,,,,
W[2705],,INTEGRAL CORRECTION n*1/100MN,,,,,,
W[2706],,DERIVATIVE CORRECTION,,,,,,
W[2707],,DERIVATIVE CORRECTION,,,,,,
W[2708],,GAIN,,,,,,
W[2709],,MEASURE (T-1),,,,,,
W[2710],,OUTPUT REGULATION (0-10000PTS),,,,,,
W[2711],,OUTPUT REGULATION (0-10000PTS),,,,,,
W[2712],,ORDER -MEASURE =E,,,,,,
W[2713],,ORDER -MEASURE =E,,,,,,
W[2714],,PROPORTIONNAL ACTION,,,,,,
W[2715],,PROPORTIONNAL ACTION,,,,,,
W[2716],,INTEGRAL ACTION,,,,,,
W[2717],,INTEGRAL ACTION,,,,,,
W[2718],,DERIVATIVE ACTION,,,,,,
W[2719],,DERIVATIVE ACTION,,,,,,
W[2720],,SAMPLE TIME,*10/trs cyc,,,,,
W[2721],,%MAXI CORRECTION,,,,,,
W[2722],,ORDER FOR REGULATION (0-10000PTS),,,,,,
W[2723],,ORDER FOR REGULATION (0-10000PTS),,,,,,
W[2724],,STATUS BOUCLE,,,,,,
W[2725],,REFERENCE (0-10000PTS),,,,,,
W[2726],,RATIO,,,,,,
W[2727],,ACCELERATION,pts,,,,,
W[2728],,DECELERATION,pts,,,,,
W[2729],,CORRECTION,,,,,,
W[2730],,MANU SET POINT,,,,,,
W[2731],,STOP RAMP,pts,,,,,
W[2732],,OUTPUT RAMP,pts,,,,,
W[2733],,SUMMATION SET POINT + OTHER SET POINT,,,,,,
W[2734],,SET POINT * RATIO,,,,,,
W[2735],,SUMMATION SET POINT + OUTPUT PID,,,,,,
W[2736],,OUTPUT SET POINT,,,,,,
W[2737],,MEASURE,,,,,,
W[2738],,FREE,,,,,,
W[2739],,FREE,,,,,,
W[2740],,SAMPLE TIMER,*10/trs cyc,,,,,
W[2741],,PID FILTER OUTPUT,,,,,,
W[2742],,PID FILTER OUTPUT,,,,,,
W[2743],,FREE,,,,,,
W[2744],,FREE,,,,,,
W[2745],,FREE,,,,,,
W[2746],,FREE,,,,,,
W[2747],,FREE,,,,,,
W[2748],,FREE,,,,,,
W[2749],,FREE,,,,,,
W[2750],,SUMMATION SET POINT -DEC,,,,,,
W[2751],,SUMMATION SET POINT +ACC,,,,,,
W[2752],,FREE,,,,,,
W[2753],,FREE,,,,,,
W[2754],,FREE,,,,,,
W[2755],,FREE,,,,,,
W[2756],,FREE,,,,,,
W[2757],,FREE,,,,,,
W[2758],,FREE,,,,,,
W[2759],,FREE,,,,,,
W[2760],,FREE,,,,,,
W[2761],,FREE,,,,,,
W[2762],,FREE,,,,,,
W[2763],,FREE,,,,,,
W[2764],,FREE,,,,,,
W[2765],,FREE,,,,,,
W[2766],,FREE,,,,,,
W[2767],,FREE,,,,,,
W[2768],,FREE,,,,,,
W[2769],,FREE,,,,,,
W[2770],,FREE,,,,,,
W[2771],,FREE,,,,,,
W[2772],,FREE,,,,,,
W[2773],,FREE,,,,,,
W[2774],,FREE,,,,,,
W[2775],,FREE,,,,,,
W[2776],,FREE,,,,,,
W[2777],,FREE,,,,,,
W[2778],,FREE,,,,,,
W[2779],,FREE,,,,,,
W[2780],,FREE,,,,,,
W[2781],,FREE,,,,,,
W[2782],,FREE,,,,,,
W[2783],,FREE,,,,,,
W[2784],,FREE,,,,,,
W[2785],,FREE,,,,,,
W[2786],,FREE,,,,,,
W[2787],,FREE,,,,,,
W[2788],,FREE,,,,,,
W[2789],,FREE,,,,,,
W[2790],,FREE,,,,,,
W[2791],,FREE,,,,,,
W[2792],,FREE,,,,,,
W[2793],,FREE,,,,,,
W[2794],,FREE,,,,,,
W[2795],,FREE,,,,,,
W[2796],,FREE,,,,,,
W[2797],,FREE,,,,,,
W[2798],,FREE,,,,,,
W[2799],,FREE,,,,,,
W[2800],,SETPOINT SECTION TDO,,,,,,
W[2801],,MEASURE (0-10000 PTS),,,,,,
W[2802],,MEASURE (0-10000 PTS),,,,,,
W[2803],,PROPORTIONAL ACTION BP%,,,,,,
W[2804],,INTEGRAL CORRECTION n*1/100MN,,,,,,
W[2805],,INTEGRAL CORRECTION n*1/100MN,,,,,,
W[2806],,DERIVATIVE CORRECTION,,,,,,
W[2807],,DERIVATIVE CORRECTION,,,,,,
W[2808],,GAIN,,,,,,
W[2809],,MEASURE (T-1),,,,,,
W[2810],,OUTPUT REGULATION (0-10000PTS),,,,,,
W[2811],,OUTPUT REGULATION (0-10000PTS),,,,,,
W[2812],,ORDER -MEASURE =E,,,,,,
W[2813],,ORDER -MEASURE =E,,,,,,
W[2814],,PROPORTIONNAL ACTION,,,,,,
W[2815],,PROPORTIONNAL ACTION,,,,,,
W[2816],,INTEGRAL ACTION,,,,,,
W[2817],,INTEGRAL ACTION,,,,,,
W[2818],,DERIVATIVE ACTION,,,,,,
W[2819],,DERIVATIVE ACTION,,,,,,
W[2820],,SAMPLE TIME,*10/trs cyc,,,,,
W[2821],,%MAXI CORRECTION,,,,,,
W[2822],,ORDER FOR REGULATION (0-10000PTS),,,,,,
W[2823],,ORDER FOR REGULATION (0-10000PTS),,,,,,
W[2824],,STATUS BOUCLE,,,,,,
W[2825],,REFERENCE (0-10000PTS),,,,,,
W[2826],,RATIO,,,,,,
W[2827],,ACCELERATION,pts,,,,,
W[2828],,DECELERATION,pts,,,,,
W[2829],,CORRECTION,,,,,,
W[2830],,MANU SET POINT,,,,,,
W[2831],,STOP RAMP,pts,,,,,
W[2832],,OUTPUT RAMP,pts,,,,,
W[2833],,SUMMATION SET POINT + OTHER SET POINT,,,,,,
W[2834],,SET POINT * RATIO,,,,,,
W[2835],,SUMMATION SET POINT + OUTPUT PID,,,,,,
W[2836],,OUTPUT SET POINT,,,,,,
W[2837],,MEASURE,,,,,,
W[2838],,FREE,,,,,,
W[2839],,FREE,,,,,,
W[2840],,SAMPLE TIMER,*10/trs cyc,,,,,
W[2841],,PID FILTER OUTPUT,,,,,,
W[2842],,PID FILTER OUTPUT,,,,,,
W[2843],,FREE,,,,,,
W[2844],,FREE,,,,,,
W[2845],,FREE,,,,,,
W[2846],,FREE,,,,,,
W[2847],,FREE,,,,,,
W[2848],,FREE,,,,,,
W[2849],,FREE,,,,,,
W[2850],,SUMMATION SET POINT -DEC,,,,,,
W[2851],,SUMMATION SET POINT +ACC,,,,,,
W[2852],,FREE,,,,,,
W[2853],,FREE,,,,,,
W[2854],,FREE,,,,,,
W[2855],,FREE,,,,,,
W[2856],,FREE,,,,,,
W[2857],,FREE,,,,,,
W[2858],,FREE,,,,,,
W[2859],,FREE,,,,,,
W[2860],,FREE,,,,,,
W[2861],,FREE,,,,,,
W[2862],,FREE,,,,,,
W[2863],,FREE,,,,,,
W[2864],,FREE,,,,,,
W[2865],,FREE,,,,,,
W[2866],,FREE,,,,,,
W[2867],,FREE,,,,,,
W[2868],,FREE,,,,,,
W[2869],,FREE,,,,,,
W[2870],,FREE,,,,,,
W[2871],,FREE,,,,,,
W[2872],,FREE,,,,,,
W[2873],,FREE,,,,,,
W[2874],,FREE,,,,,,
W[2875],,FREE,,,,,,
W[2876],,FREE,,,,,,
W[2877],,FREE,,,,,,
W[2878],,FREE,,,,,,
W[2879],,FREE,,,,,,
W[2880],,FREE,,,,,,
W[2881],,FREE,,,,,,
W[2882],,FREE,,,,,,
W[2883],,FREE,,,,,,
W[2884],,FREE,,,,,,
W[2885],,FREE,,,,,,
W[2886],,FREE,,,,,,
W[2887],,FREE,,,,,,
W[2888],,FREE,,,,,,
W[2889],,FREE,,,,,,
W[2890],,FREE,,,,,,
W[2891],,FREE,,,,,,
W[2892],,FREE,,,,,,
W[2893],,FREE,,,,,,
W[2894],,FREE,,,,,,
W[2895],,FREE,,,,,,
W[2896],,FREE,,,,,,
W[2897],,FREE,,,,,,
W[2898],,FREE,,,,,,
W[2899],,FREE,,,,,,
W[2900],,SETPOINT SECTION PRS1,,,,,,
W[2901],,MEASURE (0-10000 PTS),,,,,,
W[2902],,MEASURE (0-10000 PTS),,,,,,
W[2903],,PROPORTIONAL ACTION BP%,,,,,,
W[2904],,INTEGRAL CORRECTION n*1/100MN,,,,,,
W[2905],,INTEGRAL CORRECTION n*1/100MN,,,,,,
W[2906],,DERIVATIVE CORRECTION,,,,,,
W[2907],,DERIVATIVE CORRECTION,,,,,,
W[2908],,GAIN,,,,,,
W[2909],,MEASURE (T-1),,,,,,
W[2910],,OUTPUT REGULATION (0-10000PTS),,,,,,
W[2911],,OUTPUT REGULATION (0-10000PTS),,,,,,
W[2912],,ORDER -MEASURE =E,,,,,,
W[2913],,ORDER -MEASURE =E,,,,,,
W[2914],,PROPORTIONNAL ACTION,,,,,,
W[2915],,PROPORTIONNAL ACTION,,,,,,
W[2916],,INTEGRAL ACTION,,,,,,
W[2917],,INTEGRAL ACTION,,,,,,
W[2918],,DERIVATIVE ACTION,,,,,,
W[2919],,DERIVATIVE ACTION,,,,,,
W[2920],,SAMPLE TIME,*10/trs cyc,,,,,
W[2921],,%MAXI CORRECTION,,,,,,
W[2922],,ORDER FOR REGULATION (0-10000PTS),,,,,,
W[2923],,ORDER FOR REGULATION (0-10000PTS),,,,,,
W[2924],,STATUS BOUCLE,,,,,,
W[2925],,REFERENCE (0-10000PTS),,,,,,
W[2926],,RATIO,,,,,,
W[2927],,ACCELERATION,pts,,,,,
W[2928],,DECELERATION,pts,,,,,
W[2929],,CORRECTION,,,,,,
W[2930],,MANU SET POINT,,,,,,
W[2931],,STOP RAMP,pts,,,,,
W[2932],,OUTPUT RAMP,pts,,,,,
W[2933],,SUMMATION SET POINT + OTHER SET POINT,,,,,,
W[2934],,SET POINT * RATIO,,,,,,
W[2935],,SUMMATION SET POINT + OUTPUT PID,,,,,,
W[2936],,OUTPUT SET POINT,,,,,,
W[2937],,MEASURE,,,,,,
W[2938],,FREE,,,,,,
W[2939],,FREE,,,,,,
W[2940],,SAMPLE TIMER,*10/trs cyc,,,,,
W[2941],,PID FILTER OUTPUT,,,,,,
W[2942],,PID FILTER OUTPUT,,,,,,
W[2943],,FREE,,,,,,
W[2944],,FREE,,,,,,
W[2945],,FREE,,,,,,
W[2946],,FREE,,,,,,
W[2947],,FREE,,,,,,
W[2948],,FREE,,,,,,
W[2949],,FREE,,,,,,
W[2950],,SUMMATION SET POINT -DEC,,,,,,
W[2951],,SUMMATION SET POINT +ACC,,,,,,
W[2952],,FREE,,,,,,
W[2953],,FREE,,,,,,
W[2954],,FREE,,,,,,
W[2955],,FREE,,,,,,
W[2956],,FREE,,,,,,
W[2957],,FREE,,,,,,
W[2958],,FREE,,,,,,
W[2959],,FREE,,,,,,
W[2960],,FREE,,,,,,
W[2961],,FREE,,,,,,
W[2962],,FREE,,,,,,
W[2963],,FREE,,,,,,
W[2964],,FREE,,,,,,
W[2965],,FREE,,,,,,
W[2966],,FREE,,,,,,
W[2967],,FREE,,,,,,
W[2968],,FREE,,,,,,
W[2969],,FREE,,,,,,
W[2970],,FREE,,,,,,
W[2971],,FREE,,,,,,
W[2972],,FREE,,,,,,
W[2973],,FREE,,,,,,
W[2974],,FREE,,,,,,
W[2975],,FREE,,,,,,
W[2976],,FREE,,,,,,
W[2977],,FREE,,,,,,
W[2978],,FREE,,,,,,
W[2979],,FREE,,,,,,
W[2980],,FREE,,,,,,
W[2981],,FREE,,,,,,
W[2982],,FREE,,,,,,
W[2983],,FREE,,,,,,
W[2984],,FREE,,,,,,
W[2985],,FREE,,,,,,
W[2986],,FREE,,,,,,
W[2987],,FREE,,,,,,
W[2988],,FREE,,,,,,
W[2989],,FREE,,,,,,
W[2990],,FREE,,,,,,
W[2991],,FREE,,,,,,
W[2992],,FREE,,,,,,
W[2993],,FREE,,,,,,
W[2994],,FREE,,,,,,
W[2995],,FREE,,,,,,
W[2996],,FREE,,,,,,
W[2997],,FREE,,,,,,
W[2998],,FREE,,,,,,
W[2999],,FREE,,,,,,
W[3000],,SETPOINT SECTION PRS2,,,,,,
W[3001],,MEASURE (0-10000 PTS),,,,,,
W[3002],,MEASURE (0-10000 PTS),,,,,,
W[3003],,PROPORTIONAL ACTION BP%,,,,,,
W[3004],,INTEGRAL CORRECTION n*1/100MN,,,,,,
W[3005],,INTEGRAL CORRECTION n*1/100MN,,,,,,
W[3006],,DERIVATIVE CORRECTION,,,,,,
W[3007],,DERIVATIVE CORRECTION,,,,,,
W[3008],,GAIN,,,,,,
W[3009],,MEASURE (T-1),,,,,,
W[3010],,OUTPUT REGULATION (0-10000PTS),,,,,,
W[3011],,OUTPUT REGULATION (0-10000PTS),,,,,,
W[3012],,ORDER -MEASURE =E,,,,,,
W[3013],,ORDER -MEASURE =E,,,,,,
W[3014],,PROPORTIONNAL ACTION,,,,,,
W[3015],,PROPORTIONNAL ACTION,,,,,,
W[3016],,INTEGRAL ACTION,,,,,,
W[3017],,INTEGRAL ACTION,,,,,,
W[3018],,DERIVATIVE ACTION,,,,,,
W[3019],,DERIVATIVE ACTION,,,,,,
W[3020],,SAMPLE TIME,*10/trs cyc,,,,,
W[3021],,%MAXI CORRECTION,,,,,,
W[3022],,ORDER FOR REGULATION (0-10000PTS),,,,,,
W[3023],,ORDER FOR REGULATION (0-10000PTS),,,,,,
W[3024],,STATUS BOUCLE,,,,,,
W[3025],,REFERENCE (0-10000PTS),,,,,,
W[3026],,RATIO,,,,,,
W[3027],,ACCELERATION,pts,,,,,
W[3028],,DECELERATION,pts,,,,,
W[3029],,CORRECTION,,,,,,
W[3030],,MANU SET POINT,,,,,,
W[3031],,STOP RAMP,pts,,,,,
W[3032],,OUTPUT RAMP,pts,,,,,
W[3033],,SUMMATION SET POINT + OTHER SET POINT,,,,,,
W[3034],,SET POINT * RATIO,,,,,,
W[3035],,SUMMATION SET POINT + OUTPUT PID,,,,,,
W[3036],,OUTPUT SET POINT,,,,,,
W[3037],,MEASURE,,,,,,
W[3038],,FREE,,,,,,
W[3039],,FREE,,,,,,
W[3040],,SAMPLE TIMER,*10/trs cyc,,,,,
W[3041],,PID FILTER OUTPUT,,,,,,
W[3042],,PID FILTER OUTPUT,,,,,,
W[3043],,FREE,,,,,,
W[3044],,FREE,,,,,,
W[3045],,FREE,,,,,,
W[3046],,FREE,,,,,,
W[3047],,FREE,,,,,,
W[3048],,FREE,,,,,,
W[3049],,FREE,,,,,,
W[3050],,SUMMATION SET POINT -DEC,,,,,,
W[3051],,SUMMATION SET POINT +ACC,,,,,,
W[3052],,FREE,,,,,,
W[3053],,FREE,,,,,,
W[3054],,FREE,,,,,,
W[3055],,FREE,,,,,,
W[3056],,FREE,,,,,,
W[3057],,FREE,,,,,,
W[3058],,FREE,,,,,,
W[3059],,FREE,,,,,,
W[3060],,FREE,,,,,,
W[3061],,FREE,,,,,,
W[3062],,FREE,,,,,,
W[3063],,FREE,,,,,,
W[3064],,FREE,,,,,,
W[3065],,FREE,,,,,,
W[3066],,FREE,,,,,,
W[3067],,FREE,,,,,,
W[3068],,FREE,,,,,,
W[3069],,FREE,,,,,,
W[3070],,FREE,,,,,,
W[3071],,FREE,,,,,,
W[3072],,FREE,,,,,,
W[3073],,FREE,,,,,,
W[3074],,FREE,,,,,,
W[3075],,FREE,,,,,,
W[3076],,FREE,,,,,,
W[3077],,FREE,,,,,,
W[3078],,FREE,,,,,,
W[3079],,FREE,,,,,,
W[3080],,FREE,,,,,,
W[3081],,FREE,,,,,,
W[3082],,FREE,,,,,,
W[3083],,FREE,,,,,,
W[3084],,FREE,,,,,,
W[3085],,FREE,,,,,,
W[3086],,FREE,,,,,,
W[3087],,FREE,,,,,,
W[3088],,FREE,,,,,,
W[3089],,FREE,,,,,,
W[3090],,FREE,,,,,,
W[3091],,FREE,,,,,,
W[3092],,FREE,,,,,,
W[3093],,FREE,,,,,,
W[3094],,FREE,,,,,,
W[3095],,FREE,,,,,,
W[3096],,FREE,,,,,,
W[3097],,FREE,,,,,,
W[3098],,FREE,,,,,,
W[3099],,FREE,,,,,,
W[3100],,FREE,,,,,,
W[1002].10,,,,,,,,
W[1224].12,,,,,,,,
W[1224].15,,,,,,,,
W[150].0,,,,,,,,
W[150].1,,,,,,,,
W[150].2,,,,,,,,
W[150].3,,,,,,,,
W[150].4,,,,,,,,
W[150].5,,,,,,,,
W[150].6,,,,,,,,
W[150].7,,,,,,,,
W[150].8,,,,,,,,
W[150].9,,,,,,,,
W[150].10,,,,,,,,
W[150].11,,,,,,,,
W[150].12,,,,,,,,
W[150].13,,,,,,,,
W[150].14,,,,,,,,
W[150].15,,,,,,,,
W[151].0,,,,,,,,
W[151].1,,,,,,,,
W[151].2,,,,,,,,
W[151].3,,,,,,,,
W[151].4,,,,,,,,
W[151].5,,,,,,,,
W[151].6,,,,,,,,
W[151].7,,,,,,,,
W[151].8,,,,,,,,
W[151].9,,,,,,,,
W[151].10,,,,,,,,
W[151].11,W151_B,TSR-ON/OFF (AUX1)  (L2),,,,,,
W[151].12,W151_C,P512 CONTROL MODE  (L4),,,,,,
W[151].13,,,,,,,,
W[151].14,,,,,,,,
W[151].15,,,,,,,,
W[152].0,,,,,,,,
W[152].1,,,,,,,,
W[152].2,,,,,,,,
W[152].3,,,,,,,,
W[152].4,,,,,,,,
W[152].5,,,,,,,,
W[152].6,,,,,,,,
W[152].7,,,,,,,,
W[152].8,,,,,,,,
W[152].9,,,,,,,,
W[152].10,,,,,,,,
W[152].11,W152_B,TSR FAUL TO ORDER (L2),,,,,,
W[152].12,,,,,,,,
W[152].13,,,,,,,,
W[152].14,,,,,,,,
W[152].15,W152_E,TDO CURRENT > 310 AMPS MORE THAN 1 MIN  (L3),,,,,,
W[153].0,,UPS DEFECT,,,,,,
W[153].1,,PRI. IN-LINE BLOWER DEFECT,,,,,,
W[153].2,,SEC. IN-LINE BLOWER DEFECT,,,,,,
W[153].3,,PRI. GEAR BOX OIL PUMP DEFECT,,,,,,
W[153].4,,MDO TOP SAFETY CABLE PROCESS STOP  (L3),,,,,,
W[153].5,,,,,,,,
W[153].6,,,,,,,,
W[153].7,,,,,,,,
W[153].8,,,,,,,,
W[153].9,,,,,,,,
W[153].10,,,,,,,,
W[153].11,,,,,,,,
W[153].12,,,,,,,,
W[153].13,,,,,,,,
W[153].14,,,,,,,,
W[153].15,,,,,,,,
W[2024].12,,,,,,,,
W[2024].15,,,,,,,,
W[2124].12,,,,,,,,
W[2124].15,,,,,,,,
W[2224].12,,,,,,,,
W[2224].15,,,,,,,,
W[2324].12,,,,,,,,
W[2324].15,,,,,,,,
W[2424].12,,,,,,,,
W[2424].15,,,,,,,,
W[2524].12,,,,,,,,
W[2524].15,,,,,,,,
W[2624].12,,,,,,,,
W[2624].15,,,,,,,,
W[2724].12,,,,,,,,
W[2724].15,,,,,,,,
W[2824].12,,,,,,,,
W[2824].15,,,,,,,,
W[2924].12,,,,,,,,
W[2924].15,,,,,,,,
W[3024].12,,,,,,,,
W[3024].15,,,,,,,,
W[303].0,,,,,,,,
W[303].1,,,,,,,,
W[303].2,,,,,,,,
W[303].3,,,,,,,,
W[303].4,,,,,,,,
W[303].5,,,,,,,,
W[303].6,,,,,,,,
W[303].7,,,,,,,,
W[303].8,,,,,,,,
W[304].9,,,,,,,,
W[304].10,,,,,,,,
W315_0,,ORDER STOP EXT1  (L4),,,,,,
W315_1,,ORDER STOP EXT2  (L4),,,,,,
W315_2,,ORDER STOP SAT1  (L4),,,,,,
W315_3,,ORDER STOP SAT2  (L4),,,,,,
W315_4,,ORDER STOP CR     (L4),,,,,,
W[315].5,,,,,,,,
W[315].6,,,,,,,,
W[315].7,,,,,,,,
W[315].9,,,,,,,,
W[315].10,,,,,,,,
W[316].5,,,,,,,,
W[316].6,,,,,,,,
W[316].7,,,,,,,,
W[316].9,,,,,,,,
W[316].10,,,,,,,,
W[330].1,,,,,,,,
W[330].2,,,,,,,,
W[330].3,,,,,,,,
W[330].4,,,,,,,,
W[330].5,,,,,,,,
W[330].6,,,,,,,,
W[330].7,,,,,,,,
W[330].8,,,,,,,,
W[331].1,,,,,,,,
W[331].2,,,,,,,,
W[331].3,,,,,,,,
W[331].4,,,,,,,,
W[331].5,,,,,,,,
W[331].6,,,,,,,,
W[331].7,,,,,,,,
W[331].8,,,,,,,,
W[331].9,,,,,,,,
W[332].1,,,,,,,,
W[332].2,,,,,,,,
W[332].3,,,,,,,,
W[332].4,,,,,,,,
W[332].5,,,,,,,,
W[332].6,,,,,,,,
W[332].7,,,,,,,,
W[332].8,,,,,,,,
W[333].1,,,,,,,,
W[333].2,,,,,,,,
W[333].3,,,,,,,,
W[333].4,,,,,,,,
W[333].5,,,,,,,,
W[333].6,,,,,,,,
W[333].7,,,,,,,,
W[333].8,,,,,,,,
W[333].9,,,,,,,,
W[333].10,,,,,,,,
W[334].1,,,,,,,,
W[334].2,,,,,,,,
W[334].3,,,,,,,,
W[334].4,,,,,,,,
W[334].5,,,,,,,,
W[334].6,,,,,,,,
W[334].7,,,,,,,,
W[334].8,,,,,,,,
W[335].1,,,,,,,,
W[335].2,,,,,,,,
W[335].3,,,,,,,,
W[335].4,,,,,,,,
W[335].5,,,,,,,,
W[335].6,,,,,,,,
W[336].1,,,,,,,,
W[336].2,,,,,,,,
W[336].3,,,,,,,,
W[336].4,,,,,,,,
W[336].5,,,,,,,,
W[336].6,,,,,,,,
W[336].7,,,,,,,,
W[336].8,,,,,,,,
W[337].1,,,,,,,,
W[337].2,,,,,,,,
W[337].3,,,,,,,,
W[337].4,,,,,,,,
W[361].1,,,,,,,,
W[394].0,,,,,,,,
W[500].1,,,,,,,,
W[501].8,,,,,,,,
W[518].0,,,,,,,,
W[541].1,,,,,,,,
W[574].0,,,,,,,,
W[700].1,,,,,,,,
W[701].8,,,,,,,,
W[718].0,,,,,,,,
W[98].0,,,,,,,,
W[98].1,,,,,,,,
W[98].2,,,,,,,,
W[98].3,,,,,,,,
,,,,,,,,
