ADD,ALIAS TO , DESCRIPTION,UNIT,,,
b[1],,CONF SCM XBT1,,,,
b[2],,CONF SCM XBT1,,,,
b[3],,CONF SCM XBT1,,,,
b[4],,CONF SCM XBT2,,,,
b[5],,CONF SCM XBT2,,,,
b[6],,CONF SCM XBT2,,,,
b[7],,CONF SCM MODBUS  (L2: MISS I/O COMMUNICATION),,,,
b[8],,CONF SCM MODBUS  (L2: MISS I/O COMMUNICATION),,,,
b[9],,CONF SCM MODBUS  (L2: MISS I/O COMMUNICATION),,,,
b[10],,CONF SCM MODBUS  (L2: MISS I/O COMMUNICATION),,,,
b[11],,CONF SCM UT1  (L2: MISS I/O COMMUNICATION),,,,
b[12],,CONF SCM UT1,,,,
b[13],,CONF SCM UT1,,,,
b[14],,CONF SCM UT2,,,,
b[15],,CONF SCM UT2,,,,
b[16],,CONF SCM UT2,,,,
b[17],,CONF SCM UT3,,,,
b[18],,CONF SCM UT3,,,,
b[19],,CONF SCM UT3,,,,
b[20],,RUN AEM 04,,,,
b[21],,RUN AEM 05,,,,
b[22],,FAULT AEM 04,,,,
b[23],,FAULT AEM 04,,,,
b[24],,$QOU$QFAULT AEM,,,,
b[25],,FREE,,,,
b[26],,FREE,,,,
b[27],,FREE,,,,
b[28],,FREE,,,,
b[29],,FREE,,,,
b[30],,TEMPO T6 SR XBT,,,,
b[31],,FREE,,,,
b[32],,FREE,,,,
b[33],,FREE,,,,
b[34],,FREE,,,,
b[35],,FREE,,,,
b[36],,FREE,,,,
b[37],,FREE,,,,
b[38],,FREE,,,,
b[39],,FREE,,,,
b[40],,SYNCRO SCM 2116 1,,,,
b[41],,SYNCRO SCM 2116 2,,,,
b[42],,SYNCRO SCM 2116 3,,,,
b[43],,FREE,,,,
b[44],,FREE,,,,
b[45],,FREE,,,,
b[46],,FREE,,,,
b[47],,FREE,,,,
b[48],,FREE,,,,
b[49],,FREE,,,,
b[50],,FREE,,,,
b[51],,FREE,,,,
b[52],,FREE,,,,
b[53],,FREE,,,,
b[54],,FREE,,,,
b[55],,FREE,,,,
b[56],,FREE,,,,
b[57],,MDO SPEED REFERENCE (W2520) =0  (L2),,,,
b[58],,TDO SPEED REFERENCE (W2825) =0  (L2),,,,
b[59],,PRS SPEED REFERENCE (W2925) =0  (L2),,,,
b[60],,XBT1 DIALOG FAULT,,,,
b[61],,XBT1 KEY POSITION,,,,
b[62],,FREE,,,,
b[63],,XBT1 $QSET$Q KEY ON,,,,
b[64],,4 PARTITION SEND,,,,
b[65],,XBT1 $QS/P$Q KEY ON,,,,
b[66],,FREE,,,,
b[67],,FREE,,,,
b[68],,FREE,,,,
b[69],,FREE,,,,
b[70],,XBT2 DIALOG FAULT,,,,
b[71],,XBT2 KEY POSITION,,,,
b[72],,FREE,,,,
b[73],,XBT2 $QSET$Q KEY ON,,,,
b[74],,4 PARTITION SEND,,,,
b[75],,FREE,,,,
b[76],,FREE,,,,
b[77],,FREE,,,,
b[78],,FREE,,,,
b[79],,FREE,,,,
b[80],,RESET ALL ALARM  (L4),,,,
b[81],,FREE,,,,
b[82],,FREE,,,,
b[83],,FREE,,,,
b[84],,FREE,,,,
b[85],,FREE,,,,
b[86],,FREE,,,,
b[87],,FREE,,,,
b[88],,FREE,,,,
b[89],,FREE,,,,
b[90],,PRODUCTION MODE,,,,
b[91],,LOW MODE,,,,
b[92],,INTRODUCTION MODE,,,,
b[93],,FREE,,,,
b[94],,EMERGENCY STOP MEMORY,,,,
b[95],,POWER SUPPLY APPEARANCE,,,,
b[96],,FREE,,,,
b[97],,FREE,,,,
b[98],,FREE,,,,
b[99],,FREE,,,,
b[100],,FREE,,,,
b[101],,POWER ON SPEED CONTROLLER EXT1,,,,
b[102],,POWER ON SPEED CONTROLLER EXT2,,,,
b[103],,POWER ON SPEED CONTROLLER SAT1,,,,
b[104],,POWER ON SPEED CONTROLLER SAT2,,,,
b[105],,POWER ON SPEED CONTROLLER CR,,,,
b[106],,POWER ON SPEED CONTROLLER MDO1,,,,
b[107],,POWER ON SPEED CONTROLLER MDO2,,,,
b[108],,POWER ON SPEED CONTROLLER MDO3,,,,
b[109],,POWER ON SPEED CONTROLLER TDO,,,,
b[110],,POWER ON SPEED CONTROLLER PRS1,,,,
b[111],,POWER ON SPEED CONTROLLER PRS2,,,,
b[112],,POWER ON SPEED CONTROLLER AUX1,,,,
b[113],,POWER ON SPEED CONTROLLER AUX2,,,,
b[114],,POWER ON SPEED CONTROLLER WINDER,,,,
b[115],,Pri. Controller Power On failed,,,,
b[116],,Sec. Controller Power On failed,,,,
b[117],,FREE,,,,
b[118],,FREE,,,,
b[119],,FREE,,,,
b[120],,FREE,,,,
b[121],,UNLOCK SPEED CONTROLLER EXT1,,,,
b[122],,UNLOCK SPEED CONTROLLER EXT2,,,,
b[123],,UNLOCK SPEED CONTROLLER SAT1,,,,
b[124],,UNLOCK SPEED CONTROLLER SAT2,,,,
b[125],,UNLOCK SPEED CONTROLLER CR,,,,
b[126],,UNLOCK SPEED CONTROLLER MDO1,,,,
b[127],,UNLOCK SPEED CONTROLLER MDO2,,,,
b[128],,UNLOCK SPEED CONTROLLER MDO3,,,,
b[129],,UNLOCK SPEED CONTROLLER TDO,,,,
b[130],,UNLOCK SPEED CONTROLLER PRS1,,,,
b[131],,UNLOCK SPEED CONTROLLER PRS2,,,,
b[132],,UNLOCK SPEED CONTROLLER AUX1,,,,
b[133],,UNLOCK SPEED CONTROLLER AUX2,,,,
b[134],,UNLOCK SPEED CONTROLLER WINDER,,,,
b[135],,Pri. Controller Unlock failed,,,,
b[136],,Sec. Controller Unlock failed,,,,
b[137],,FREE,,,,
b[138],,FREE,,,,
b[139],,FREE,,,,
b[140],,FREE,,,,
b[141],,STOP SEQUENCE MEMORY EXT1,,,,
b[142],,STOP SEQUENCE MEMORY EXT2,,,,
b[143],,STOP SEQUENCE MEMORY EXT2,,,,
b[144],,STOP SEQUENCE MEMORY SAT1,,,,
b[145],,STOP SEQUENCE MEMORY CR,,,,
b[146],,STOP SEQUENCE MEMORY MDO1,,,,
b[147],,STOP SEQUENCE MEMORY MDO2,,,,
b[148],,STOP SEQUENCE MEMORY MDO3,,,,
b[149],,STOP SEQUENCE MEMORY TDO,,,,
b[150],,STOP SEQUENCE MEMORY PRS1,,,,
b[151],,STOP SEQUENCE MEMORY PRS2,,,,
b[152],,STOP SEQUENCE MEMORY AUX1,,,,
b[153],,STOP SEQUENCE MEMORY AUX2,,,,
b[154],,STOP SEQUENCE MEMORY WINDER,,,,
b[155],,FREE,,,,
b[156],,FREE,,,,
b[157],,STOP PRS1,,,,
b[158],,STOP PRS2,,,,
b[159],,STOP WINDER AUX,,,,
b[160],,FREE,,,,
b[161],,START SEQUENCE MEMORY EXT1,,,,
b[162],,START SEQUENCE MEMORY EXT2,,,,
b[163],,START SEQUENCE MEMORY SAT1,,,,
b[164],,START SEQUENCE MEMORY SAT2,,,,
b[165],,START SEQUENCE MEMORY CR,,,,
b[166],,START SEQUENCE MEMORY MDO1,,,,
b[167],,START SEQUENCE MEMORY MDO2,,,,
b[168],,START SEQUENCE MEMORY MDO3,,,,
b[169],,START SEQUENCE MEMORY TDO,,,,
b[170],,START SEQUENCE MEMORY PRS1,,,,
b[171],,START SEQUENCE MEMORY PRS2,,,,
b[172],,START SEQUENCE MEMORY AUX1,,,,
b[173],,START SEQUENCE MEMORY AUX2,,,,
b[174],,START SEQUENCE MEMORY WINDER,,,,
b[175],,FREE,,,,
b[176],,FREE,,,,
b[177],,FREE,,,,
b[178],,FREE,,,,
b[179],,FREE,,,,
b[180],,FREE,,,,
b[181],,DEFECT MEMORY EXT1,,,,
b[182],,DEFECT MEMORY EXT2,,,,
b[183],,DEFECT MEMORY SAT1,,,,
b[184],,DEFECT MEMORY SAT2,,,,
b[185],,DEFECT MEMORY CR,,,,
b[186],,DEFECT MEMORY MDO1,,,,
b[187],,DEFECT MEMORY MDO2,,,,
b[188],,DEFECT MEMORY MDO3,,,,
b[189],,DEFECT MEMORY TDO,,,,
b[190],,DEFECT MEMORY PRS1,,,,
b[191],,DEFECT MEMORY PRS2,,,,
b[192],,DEFECT MEMORY AUX1,,,,
b[193],,DEFECT MEMORY AUX2,,,,
b[194],,DEFECT MEMORY WINDER,,,,
b[195],,WEB BREAK,,,,
b[196],,FREE,,,,
b[197],,FREE,,,,
b[198],,FREE,,,,
b[199],,FREE,,,,
b[200],,FREE,,,,
b[201],,FREE,,,,
b[202],,FREE,,,,
b[203],,FREE,,,,
b[204],,FREE,,,,
b[205],,FORWARD MANUAL CR,,,,
b[206],,FORWARD MANUAL MDO1,,,,
b[207],,FORWARD MANUAL MDO2,,,,
b[208],,FORWARD MANUAL MDO3,,,,
b[209],,FREE,,,,
b[210],,FORWARD MANUAL PRS1,,,,
b[211],,FORWARD MANUAL PRS2,,,,
b[212],,FREE,,,,
b[213],,FREE,,,,
b[214],,FREE,,,,
b[215],,FREE,,,,
b[216],,FREE,,,,
b[217],,FREE,,,,
b[218],,FREE,,,,
b[219],,FREE,,,,
b[220],,FREE,,,,
b[221],,FREE,,,,
b[222],,FREE,,,,
b[223],,FREE,,,,
b[224],,FREE,,,,
b[225],,BACKWARD MANUAL CR,,,,
b[226],,BACKWARD MANUAL MDO1,,,,
b[227],,BACKWARD MANUAL MDO2,,,,
b[228],,BACKWARD MANUAL MDO3,,,,
b[229],,FREE,,,,
b[230],,BACKWARD MANUAL PRS1,,,,
b[231],,BACKWARD MANUAL PRS2,,,,
b[232],,FREE,,,,
b[233],,FREE,,,,
b[234],,FREE,,,,
b[235],,FREE,,,,
b[236],,FREE,,,,
b[237],,FREE,,,,
b[238],,FREE,,,,
b[239],,FREE,,,,
b[240],,FREE,,,,
b[241],,FREE,,,,
b[242],,FREE,,,,
b[243],,FREE,,,,
b[244],,FREE,,,,
b[245],,MANUAL MEMORY CR,,,,
b[246],,MANUAL MEMORY MDO1,,,,
b[247],,MANUAL MEMORY MDO2,,,,
b[248],,MANUAL MEMORY MDO3,,,,
b[249],,MANUAL MEMORY TDO,,,,
b[250],,MANUAL MEMORY PRS1,,,,
b[251],,MANUAL MEMORY PRS2,,,,
b[252],,FREE,,,,
b[253],,FREE,,,,
b[254],,FREE,,,,
b[255],,FREE,,,,
b[256],,FREE,,,,
b[257],,FREE,,,,
b[258],,FREE,,,,
b[259],,FREE,,,,
b[260],,FREE,,,,
b[261],,FREE,,,,
b[262],,FREE,,,,
b[263],,FREE,,,,
b[264],,FREE,,,,
b[265],,REQUEST STOP IN MANUAL CR,,,,
b[266],,REQUEST STOP IN MANUAL MDO1,,,,
b[267],,REQUEST STOP IN MANUAL MDO2,,,,
b[268],,REQUEST STOP IN MANUAL MDO3,,,,
b[269],,"MDO TOP SAFETY CABLE PROCESS STOP (L3,4)",,,,
b[270],,REQUEST STOP IN MANUAL PRS1,,,,
b[271],,REQUEST STOP IN MANUAL PRS2,,,,
b[272],,FREE,,,,
b[273],,FREE,,,,
b[274],,FREE,,,,
b[275],,FREE,,,,
b[276],,FREE,,,,
b[277],,FREE,,,,
b[278],,FREE,,,,
b[279],,FREE,,,,
b[280],,FREE,,,,
b[281],,DEFECT + D. I EXT1,,,,
b[282],,DEFECT + D. I EXT2,,,,
b[283],,DEFECT + D. I SAT1,,,,
b[284],,DEFECT + D. I SAT2,,,,
b[285],,DEFECT + D. I CR,,,,
b[286],,DEFECT + D. I MDO1,,,,
b[287],,DEFECT + D. I MDO2,,,,
b[288],,DEFECT + D. I MDO3,,,,
b[289],,DEFECT + D. I TDO,,,,
b[290],,DEFECT + D. I PRS1,,,,
b[291],,DEFECT + D. I PRS2,,,,
b[292],,DEFECT + D. I AUX1,,,,
b[293],,DEFECT + D. I AUX2,,,,
b[294],,DEFECT + D. I WINDIER,,,,
b[295],,FREE,,,,
b[296],,FREE,,,,
b[297],,FREE,,,,
b[298],,FREE,,,,
b[299],,FREE,,,,
b[300],,NEGATIVE VALUE FROM PC (IF<0 THEN 0),,,,
b[301],,NEGATIVE VALUE FROM PC (IF<0 THEN 0),,,,
b[302],,NEGATIVE VALUE FROM PC (IF<0 THEN 0),,,,
b[303],,NEGATIVE VALUE FROM PC (IF<0 THEN 0),,,,
b[304],,NEGATIVE VALUE FROM PC (IF<0 THEN 0),,,,
b[305],,NEGATIVE VALUE FROM PC (IF<0 THEN 0),,,,
b[306],,NEGATIVE VALUE FROM PC (IF<0 THEN 0),,,,
b[307],,NEGATIVE VALUE FROM PC (IF<0 THEN 0),,,,
b[308],,NEGATIVE VALUE FROM PC (IF<0 THEN 0),,,,
b[309],,NEGATIVE VALUE FROM PC (IF<0 THEN 0),,,,
b[310],,NEGATIVE VALUE FROM PC (IF<0 THEN 0),,,,
b[311],,NEGATIVE VALUE FROM PC (IF<0 THEN 0),,,,
b[312],,NEGATIVE VALUE FROM PC (IF<0 THEN 0),,,,
b[313],,NEGATIVE VALUE FROM PC (IF<0 THEN 0),,,,
b[314],,NEGATIVE VALUE FROM PC (IF<0 THEN 0),,,,
b[315],,NEGATIVE VALUE FROM PC (IF<0 THEN 0),,,,
b[316],,VALUE >10000 PTS (IF>10000 THEN 10000),,,,
b[317],,VALUE >10000 PTS (IF>10000 THEN 10000),,,,
b[318],,VALUE >10000 PTS (IF>10000 THEN 10000),,,,
b[319],,VALUE >10000 PTS (IF>10000 THEN 10000),,,,
b[320],,VALUE >10000 PTS (IF>10000 THEN 10000),,,,
b[321],,VALUE >10000 PTS (IF>10000 THEN 10000),,,,
b[322],,VALUE >10000 PTS (IF>10000 THEN 10000),,,,
b[323],,VALUE >10000 PTS (IF>10000 THEN 10000),,,,
b[324],,VALUE >10000 PTS (IF>10000 THEN 10000),,,,
b[325],,VALUE >10000 PTS (IF>10000 THEN 10000),,,,
b[326],,VALUE >10000 PTS (IF>10000 THEN 10000),,,,
b[327],,VALUE >10000 PTS (IF>10000 THEN 10000),,,,
b[328],,VALUE >10000 PTS (IF>10000 THEN 10000),,,,
b[329],,VALUE >10000 PTS (IF>10000 THEN 10000),,,,
b[330],,VALUE >10000 PTS (IF>10000 THEN 10000),,,,
b[331],,VALUE >10000 PTS (IF>10000 THEN 10000),,,,
b[332],,MDO1 DANCER ROLL ON THE BOTTOM ALARM BIT,,,,
b[333],,FREE,,,,
b[334],,FREE,,,,
b[335],,FREE,,,,
b[336],,FREE,,,,
b[337],,FREE,,,,
b[338],,FREE,,,,
b[339],,FREE,,,,
b[340],,FREE,,,,
b[341],,FREE,,,,
b[342],,FREE,,,,
b[343],,FREE,,,,
b[344],,FREE,,,,
b[345],,FREE,,,,
b[346],,FREE,,,,
b[347],,FREE,,,,
b[348],,FREE,,,,
b[349],,FREE,,,,
b[350],,FREE,,,,
b[351],,FREE,,,,
b[352],,FREE,,,,
b[353],,FREE,,,,
b[354],,FREE,,,,
b[355],,FREE,,,,
b[356],,FREE,,,,
b[357],,FREE,,,,
b[358],,FREE,,,,
b[359],,FREE,,,,
b[360],,ORDER RUN EXT1,,,,
b[361],,ORDER RUN EXT2,,,,
b[362],,ORDER RUN SAT1,,,,
b[363],,ORDER RUN SAT2,,,,
b[364],,ORDER RUN CR,,,,
b[365],,ORDER RUN MDO1,,,,
b[366],,ORDER RUN MDO2,,,,
b[367],,ORDER RUN MDO3,,,,
b[368],,ORDER RUN TDO,,,,
b[369],,ORDER RUN PRS1,,,,
b[370],,ORDER RUN PRS2,,,,
b[371],,FREE,,,,
b[372],,FREE,,,,
b[373],,FREE,,,,
b[374],,FREE,,,,
b[375],,FREE,,,,
b[376],,FREE,,,,
b[377],,FREE,,,,
b[378],,FREE,,,,
b[379],,FREE,,,,
b[380],,START MDO1 + WARM ROLL,,,,
b[381],,START MDO2 + WARM ROLL,,,,
b[382],,START MDO3 + WARM ROLL,,,,
b[383],,START TDO + WARM ROLL,,,,
b[384],,FREE,,,,
b[385],,FREE,,,,
b[386],,FREE,,,,
b[387],,FREE,,,,
b[388],,FREE,,,,
b[389],,FREE,,,,
b[390],,INTRO STRETCHING,,,,
b[391],,LOW STRETCHING,,,,
b[392],,PROD STRETCHING,,,,
b[393],,HOLD STRETCHING,,,,
b[394],,FREE,,,,
b[395],,FREE,,,,
b[396],,FREE,,,,
b[397],,FREE,,,,
b[398],,FREE,,,,
b[399],,FREE,,,,
b[400],,"PRI,SEC,SAT1,2,CR  (L3)",,,,
b[401],,DEF-INT PRI  (L3),,,,
b[402],,DEF-INT SEC  (L3),,,,
b[403],,DEF-INT SAT1  (L3),,,,
b[404],,DEF-INT SAT2  (L3),,,,
b[405],,DEF-INT CR  (L3),,,,
b[406],,FREE,,,,
b[407],,FREE,,,,
b[408],,FREE,,,,
b[409],,FREE,,,,
b[410],,FREE,,,,
b[411],,FREE,,,,
b[412],,FREE,,,,
b[413],,FREE,,,,
b[414],,FREE,,,,
b[415],,FREE,,,,
b[416],,FREE,,,,
b[417],,FREE,,,,
b[418],,FREE,,,,
b[419],,FREE,,,,
b[420],,FREE,,,,
b[421],,FREE,,,,
b[422],,FREE,,,,
b[423],,FREE,,,,
b[424],,FREE,,,,
b[425],,FREE,,,,
b[426],,FREE,,,,
b[427],,FREE,,,,
b[428],,FREE,,,,
b[429],,FREE,,,,
b[430],,COPY W102,,,,
b[431],,COPY W102 set point automatic,,,,
b[432],,COPY W102 speed/pressure ext1,,,,
b[433],,COPY W102 speed/pressure ext2,,,,
b[434],,COPY W102 speed/pressure sat1,,,,
b[435],,COPY W102 speed/pressure sat2,,,,
b[436],,COPY W102,,,,
b[437],,COPY W102 purge mode ext1 & ext2,,,,
b[438],,COPY W102 purge mode sat1,,,,
b[439],,COPY W102 purge mode sat2,,,,
b[440],,COPY W102,,,,
b[441],,COPY W102,,,,
b[442],,COPY W102,,,,
b[443],,COPY W102,,,,
b[444],,COPY W102,,,,
b[445],,COPY W102,,,,
b[446],,FREE,,,,
b[447],,FREE,,,,
b[448],,FREE,,,,
b[449],,FREE,,,,
b[450],,FREE,,,,
b[451],,FREE,,,,
b[452],,FREE,,,,
b[453],,FREE,,,,
b[454],,FREE,,,,
b[455],,FREE,,,,
b[456],,FREE,,,,
b[457],,FREE,,,,
b[458],,FREE,,,,
b[459],,FREE,,,,
b[460],,FREE,,,,
b[461],,FREE,,,,
b[462],,FREE,,,,
b[463],,FREE,,,,
b[464],,FREE,,,,
b[465],,FREE,,,,
b[466],,FREE,,,,
b[467],,FREE,,,,
b[468],,FREE,,,,
b[469],,FREE,,,,
b[470],,FREE,,,,
b[471],,FREE,,,,
b[472],,FREE,,,,
b[473],,FREE,,,,
b[474],,FREE,,,,
b[475],,FREE,,,,
b[476],,FREE,,,,
b[477],,FREE,,,,
b[478],,FREE,,,,
b[479],,FREE,,,,
b[480],,FREE,,,,
b[481],,FREE,,,,
b[482],,FREE,,,,
b[483],,FREE,,,,
b[484],,FREE,,,,
b[485],,FREE,,,,
b[486],,FREE,,,,
b[487],,FREE,,,,
b[488],,FREE,,,,
b[489],,FREE,,,,
b[490],,FREE,,,,
b[491],,FREE,,,,
b[492],,FREE,,,,
b[493],,FREE,,,,
b[494],,FREE,,,,
b[495],,FREE,,,,
b[496],,FREE,,,,
b[497],,FREE,,,,
b[498],,FREE,,,,
b[499],,FREE,,,,
b[500],,INVERSE VIDEO PAGE 1 RATIO EXT1/EXT2,,,,
b[501],,INVERSE VIDEO PAGE 1 PRESSURE EXT1,,,,
b[502],,INVERSE VIDEO PAGE 1 SPEED EXT2,,,,
b[503],,INVERSE VIDEO PAGE 1 PRESSURE EXT2,,,,
b[504],,INVERSE VIDEO PAGE 1 SPEED CR,,,,
b[505],,INVERSE VIDEO PAGE 1,,,,
b[506],,INVERSE VIDEO PAGE 1,,,,
b[507],,INVERSE VIDEO PAGE 1,,,,
b[508],,INVERSE VIDEO PAGE 1,,,,
b[509],,INVERSE VIDEO PAGE 1,,,,
b[510],,INVERSE VIDEO PAGE 1,,,,
b[511],,INVERSE VIDEO PAGE 1,,,,
b[512],,INVERSE VIDEO PAGE 1,,,,
b[513],,INVERSE VIDEO PAGE 1,,,,
b[514],,INVERSE VIDEO PAGE 1,,,,
b[515],,INVERSE VIDEO PAGE 1,,,,
b[516],,INVERSE VIDEO PAGE 2 SPEED SAT1,,,,
b[517],,INVERSE VIDEO PAGE 2 PRESSURE SAT1,,,,
b[518],,INVERSE VIDEO PAGE 2 SPEED CR,,,,
b[519],,INVERSE VIDEO PAGE 2 PRESSURE SAT2,,,,
b[520],,INVERSE VIDEO PAGE 2 SPEED SAT2,,,,
b[521],,INVERSE VIDEO PAGE 2,,,,
b[522],,INVERSE VIDEO PAGE 2,,,,
b[523],,INVERSE VIDEO PAGE 2,,,,
b[524],,INVERSE VIDEO PAGE 2,,,,
b[525],,INVERSE VIDEO PAGE 2,,,,
b[526],,INVERSE VIDEO PAGE 2,,,,
b[527],,INVERSE VIDEO PAGE 2,,,,
b[528],,INVERSE VIDEO PAGE 2,,,,
b[529],,INVERSE VIDEO PAGE 2,,,,
b[530],,INVERSE VIDEO PAGE 2,,,,
b[531],,INVERSE VIDEO PAGE 2,,,,
b[532],,INVERSE VIDEO PAGE 3 SPEED CR,,,,
b[533],,INVERSE VIDEO PAGE 3 FRICTION MDO1/CR,,,,
b[534],,INVERSE VIDEO PAGE 3 FRICTION TDO/MDO3,,,,
b[535],,INVERSE VIDEO PAGE 3 GAUGE TDO/MDO3,,,,
b[536],,INVERSE VIDEO PAGE 3,,,,
b[537],,INVERSE VIDEO PAGE 3,,,,
b[538],,INVERSE VIDEO PAGE 3,,,,
b[539],,INVERSE VIDEO PAGE 3,,,,
b[540],,INVERSE VIDEO PAGE 3,,,,
b[541],,INVERSE VIDEO PAGE 3,,,,
b[542],,INVERSE VIDEO PAGE 3,,,,
b[543],,INVERSE VIDEO PAGE 3,,,,
b[544],,INVERSE VIDEO PAGE 3,,,,
b[545],,INVERSE VIDEO PAGE 3,,,,
b[546],,INVERSE VIDEO PAGE 3,,,,
b[547],,INVERSE VIDEO PAGE 3,,,,
b[548],,INVERSE VIDEO PAGE 4 FICTION PRS2/PRS1,,,,
b[549],,INVERSE VIDEO PAGE 4 FICTION PRS2/TDO,,,,
b[550],,INVERSE VIDEO PAGE 4,,,,
b[551],,INVERSE VIDEO PAGE 4,,,,
b[552],,INVERSE VIDEO PAGE 4,,,,
b[553],,INVERSE VIDEO PAGE 4,,,,
b[554],,INVERSE VIDEO PAGE 4,,,,
b[555],,INVERSE VIDEO PAGE 4,,,,
b[556],,INVERSE VIDEO PAGE 4,,,,
b[557],,INVERSE VIDEO PAGE 4,,,,
b[558],,INVERSE VIDEO PAGE 4,,,,
b[559],,INVERSE VIDEO PAGE 4,,,,
b[560],,INVERSE VIDEO PAGE 4,,,,
b[561],,INVERSE VIDEO PAGE 4,,,,
b[562],,INVERSE VIDEO PAGE 4,,,,
b[563],,INVERSE VIDEO PAGE 4,,,,
b[564],,FREE,,,,
b[565],,FREE,,,,
b[566],,FREE,,,,
b[567],,FREE,,,,
b[568],,FREE,,,,
b[569],,FREE,,,,
b[570],,RUN VARIATOR FOR DISPLAY EXT1,,,,
b[571],,RUN VARIATOR FOR DISPLAY EXT2,,,,
b[572],,RUN VARIATOR FOR DISPLAY SAT1,,,,
b[573],,RUN VARIATOR FOR DISPLAY SAT2,,,,
b[574],,RUN VARIATOR FOR DISPLAY CR,,,,
b[575],,RUN VARIATOR FOR DISPLAY MDO1,,,,
b[576],,RUN VARIATOR FOR DISPLAY MDO2,,,,
b[577],,RUN VARIATOR FOR DISPLAY MDO3,,,,
b[578],,RUN VARIATOR FOR DISPLAY TDO,,,,
b[579],,RUN VARIATOR FOR DISPLAY PRS1,,,,
b[580],,RUN VARIATOR FOR DISPLAY PRS2,,,,
b[581],,FREE,,,,
b[582],,FREE,,,,
b[583],,FREE,,,,
b[584],,FREE,,,,
b[585],,FREE,,,,
b[586],,FREE,,,,
b[587],,FREE,,,,
b[588],,FREE,,,,
b[589],,FREE,,,,
b[590],,DEFECT VARIATOR FOR DISPLAY EXT1,,,,
b[591],,DEFECT VARIATOR FOR DISPLAY EXT2,,,,
b[592],,DEFECT VARIATOR FOR DISPLAY SAT1,,,,
b[593],,DEFECT VARIATOR FOR DISPLAY SAT2,,,,
b[594],,DEFECT VARIATOR FOR DISPLAY CR,,,,
b[595],,DEFECT VARIATOR FOR DISPLAY MDO1,,,,
b[596],,DEFECT VARIATOR FOR DISPLAY MDO2,,,,
b[597],,DEFECT VARIATOR FOR DISPLAY MDO3,,,,
b[598],,DEFECT VARIATOR FOR DISPLAY TDO,,,,
b[599],,DEFECT VARIATOR FOR DISPLAY PRS1,,,,
b[600],,DEFECT VARIATOR FOR DISPLAY PRS2,,,,
b[601],,FREE,,,,
b[602],,FREE,,,,
b[603],,FREE,,,,
b[604],,FREE,,,,
b[605],,FREE,,,,
b[606],,FREE,,,,
b[607],,FREE,,,,
b[608],,FREE,,,,
b[609],,FREE,,,,
b[610],,PRESSURE MODE EXT1  (1: PRESSURE MODE   0: SPEED MODE),1,,,
b[611],,PRESSURE MODE EXT2,0,,,
b[612],,PRESSURE MODE SAT1,0,,,
b[613],,PRESSURE MODE SAT2,0,,,
b[614],,FREE,,,,
b[615],,PRESSURE MODE PERMITTED EXT1,0,,,
b[616],,PRESSURE MODE PERMITTED EXT2,0,,,
b[617],,PRESSURE MODE PERMITTED SAT1,0,,,
b[618],,PRESSURE MODE PERMITTED SAT2,0,,,
b[619],,DISPLAY ON XBT S->P EXT1,0,,,
b[620],,DISPLAY ON XBT S->P EXT2,0,,,
b[621],,DISPLAY ON XBT S->P SAT1,0,,,
b[622],,DISPLAY ON XBT S->P SAT2,0,,,
b[623],,FREE,,,,
b[624],,FREE,,,,
b[625],,PURGE MODE EXT1/EXT2,0,,,
b[626],,ORDER PRESSURE MODE EXT1,1,,,
b[627],,FREE,,,,
b[628],,ORDER PRESSURE MODE EXT2,0,,,
b[629],,PURGE MODE SAT1,0,,,
b[630],,ORDER PRESSURE MODE SAT1,0,,,
b[631],,PURGE MODE SAT2,0,,,
b[632],,ORDER PRESSURE MODE SAT2,0,,,
b[633],,FREE,,,,
b[634],,GAUGE IN REGULATION,0,,,
b[635],,BIT FOR STRETCHING,0,,,
b[636],,BIT FOR STRETCHING,1,,,
b[637],,BIT FOR STRETCHING,0,,,
b[638],,FREE,,,,
b[639],,FREE,,,,
b[640],,AUTOMATIC MODE FOR SPEED EXT,0,,,
b[641],,AUTOMATIC MODE FOR SPEED SAT1,0,,,
b[642],,AUTOMATIC MODE FOR SPEED SAT2,0,,,
b[643],,AUTOMATIC MODE  PERMITTED EXT,0,,,
b[644],,AUTOMATIC MODE  PERMITTED SAT1,0,,,
b[645],,AUTOMATIC MODE  PERMITTED SAT2,0,,,
b[646],,AUTOMATIC MODE PERMITTED ALL,0,,,
b[647],,FREE,,,,
b[648],,MDO DANCING ROLL,1,,,
b[649],,TDO DANCING ROLL,0,,,
b[650],,ORDER AUTOMATIC MODE EXT,0,,,
b[651],,ORDER AUTOMATIC MODE SAT1,0,,,
b[652],,ORDER AUTOMATIC MODE SAT2,0,,,
b[653],,FREE,,,,
b[654],,FREE,,,,
b[655],,FREE,,,,
b[656],,FREE,,,,
b[657],,FREE,,,,
b[658],,FREE,,,,
b[659],,FREE,,,,
b[660],,LOW SPEED SAT1 if break,0,,,
b[661],,LOW SPEED SAT2 if break,0,,,
b[662],,FREE,,,,
b[663],,FREE,,,,
b[664],,FREE,,,,
b[665],,FREE,,,,
b[666],,FREE,,,,
b[667],,FREE,,,,
b[668],,FREE,,,,
b[669],,FREE,,,,
b[670],,FREE,,,,
b[671],,FREE,,,,
b[672],,FREE,,,,
b[673],,FREE,,,,
b[674],,FREE,,,,
b[675],,FREE,,,,
b[676],,FREE,,,,
b[677],,FREE,,,,
b[678],,FREE,,,,
b[679],,FREE,,,,
b[680],,FREE,,,,
b[681],,FREE,,,,
b[682],,FREE,,,,
b[683],,FREE,,,,
b[684],,FREE,,,,
b[685],,FREE,,,,
b[686],,FREE,,,,
b[687],,FREE,,,,
b[688],,FREE,,,,
b[689],,FREE,,,,
b[690],,FREE,,,,
b[691],,FREE,,,,
b[692],,FREE,,,,
b[693],,FREE,,,,
b[694],,FREE,,,,
b[695],,FREE,,,,
b[696],,FREE,,,,
b[697],,FREE,,,,
b[698],,FREE,,,,
b[699],,FREE,,,,
b[999],,TDO CURRENT > 310 AMPS MORE THAN 1 MIN  (L3),,,,
b[2900],,E-STOP,,,,
b[2901],,EXT1 NOT RUN,,,,
b[2902],,DEFECT + D. I EXT1,,,,
b[2903],,DEFECT + D. I C.R.,,,,
b[2904],,UNLOCK EXT2,,,,
b[2905],,EXT1 STOP,,,,
b[2906],,EMERGENCY STOP MEMORY,,,,
b[2907],,ORDER RUN EXT2,,,,
b[2908],,DEFECT + D. I EXT2,,,,
b[2909],,DEFECT + D. I CR,,,,
b[2910],,EXT2 STOP,,,,
,,,,,,
,,,,,,
,,,,,,
,,,,,,
