BIT NO.,TAG NAME,DESCRIPTION
W4750  0,RE+0,CHILL ROLL GAZ HEATER C 1340  E160
W4750  1,RE+1,CHILL ROLL GAZ HEATER C 1340  E161
W4750  2,RE+2,CONTACTOR ANSWER OF CHILL ROLL BRAKE  E162
W4750  3,RE+3,
W4750  4,RE+4,
W4750  5,RE+5,
W4750  6,RE+6,
W4750  7,RE+7,
W4750  8,RE+8,
W4750  9,RE+9,MDO GAZ HEATER C 1430.13  E169
W4750  A,RE+10,MDO PUMP ZONE 1 M 1430.01 E170
W4750  B,RE+11,MDO PUMP ZONE 2 M 1430.02 E171
W4750  C,RE+12,MDO PUMP ZONE 3 M 1430.03 E172
W4750  D,RE+13,MDO PUMP ZONE 4 M 1430.04 E173
W4750  E,RE+14,MDO PUMP ZONE 5 M 1430.05 E174
W4750  F,RE+15,MDO PUMP ZONE 6 M 1430.06 E175
,,
W4751  0,RE+16,MDO PUMP ZONE 7 M 1430.07 E176
W4751  1,RE+17,MDO PUMP ZONE 8 M 1430.08 E177
W4751  2,RE+18,MDO PUMP STRETCHING ZONE 1 M 1430.09  E178
W4751  3,RE+19,MDO PUMP STRETCHING ZONE 2 M 1430.10  E179
W4751  4,RE+20,MDO PUMP STRETCHING ZONE 3 M 1430.11  E180
W4751  5,RE+21,MDO PUMP LAST ZONE 1430.12 E181
W4751  6,RE+22,
W4751  7,RE+23,
W4751  8,RE+24,
W4751  9,RE+25,TDO BLOWER M 1520.01 ZONE 1  E185  BLOWER STATUS
W4751  A,RE+26,TDO INLET BLOWER M 1528.01   E186
W4751  B,RE+27,TDO BLOWER M 1520.02 ZONE 2  E187
W4751  C,RE+28,TDO BLOWER M 1520.03 ZONE 3  E188
W4751  D,RE+29,TDO BLOWER M 1520.04 ZONE 4  E189
W4751  E,RE+30,TDO BLOWER M 1520.05 ZONE 5  E190
W4751  F,RE+31,TDO BLOWER M 1520.06 ZONE 6  E191
,,
W4752  0,RE+32,TDO BLOWER M 1520.07 ZONE 7   E192
W4752  1,RE+33,TDO BLOWER M 1520.08 ZONE 8   E193
W4752  2,RE+34,TDO BLOWER M 1520.09 ZONE 9   E194
W4752  3,RE+35,TDO BLOWER M 1520.10 ZONE 10  E195
W4752  4,RE+36,TDO BLOWER M 1520.11 ZONE 10  E196
W4752  5,RE+37,TDO BLOWER M 1520.12 ZONE 11  E197
W4752  6,RE+38,TDO BLOWER M 1520.13 ZONE 11  E198
W4752  7,RE+39,TDO BLOWER M 1520.14 ZONE 12  E199
W4752  8,RE+40,TDO BLOWER M 1520.15 ZONE 12  E200
W4752  9,RE+41,TDO BLOWER M 1520.16 ZONE 13  E201
W4752  A,RE+42,TDO BLOWER M 1520.17 ZONE 13  E202
W4752  B,RE+43,TDO BLOWER M 1520.18 ZONE 14  E203
W4752  C,RE+44,TDO BLOWER M 1520.19 ZONE 14  E204
W4752  D,RE+45,TDO BLOWER M 1520.20 ZONE 15  E205
W4752  E,RE+46,TDO BLOWER M 1520.21 ZONE 15  E206
W4752  F,RE+47,TDO BLOWER M 1520.22 ZONE 16  E207
,,
W4753  0,RE+48,TDO BLOWER M 1520.23 ZONE 16  E208
W4753  1,RE+49,TDO BLOWER M 1520.24 ZONE 17  E209
W4753  2,RE+50,TDO BLOWER M 1520.25 ZONE 17  E210
W4753  3,RE+51,TDO BLOWER M 1520.26 ZONE 18  E211
W4753  4,RE+52,TDO BLOWER M 1520.27 ZONE 18  E212
W4753  5,RE+53,TDO BLOWER M 1520.28 ZONE 19  E213
W4753  6,RE+54,TDO BLOWER M 1520.29 ZONE 19  E214
W4753  7,RE+55,TDO BLOWER M 1520.30 ZONE 20  E215
W4753  8,RE+56,TDO BLOWER M 1520.31 ZONE 20  E216
W4753  9,RE+57,TDO BLOWER M 1520.32 ZONE 21  E217
W4753  A,RE+58,TDO BLOWER M 1520.33 ZONE 21  E218
W4753  B,RE+59,TDO BLOWER M 1520.34 ZONE 22  E219
W4753  C,RE+60,TDO BLOWER M 1520.35 ZONE 22  E220
W4753  D,RE+61,TDO INLET BLOWER M 1528.02 ZONE E221
W4753  E,RE+62,TDO OUTLET BLOWER M 1528.03   E222
W4753  F,RE+63,TDO OUTLET BLOWER M 1525.01   E223
,,
W4754  0,RE+64,TDO OUTLET BLOWER M 1530.01   E224
W4754  1,RE+65,TDO BURNER ZONE 1  M 1540.01   E225
W4754  2,RE+66,TDO BURNER ZONE 2  M 1540.02   E226
W4754  3,RE+67,TDO BURNER ZONE 3  M 1540.03   E227
W4754  4,RE+68,TDO BURNER ZONE 4  M 1540.04   E228
W4754  5,RE+69,TDO BURNER ZONE 5  M 1540.05   E229
W4754  6,RE+70,TDO BURNER ZONE 6  M 1540.06   E230
W4754  7,RE+71,TDO BURNER ZONE 7  M 1540.07   E231
W4754  8,RE+72,TDO BURNER ZONE 8  M 1540.08   E232
W4754  9,RE+73,TDO BURNER ZONE 9  M 1540.09   E233
W4754  A,RE+74,TDO BURNER ZONE 10 M 1540.10   E234
W4754  B,RE+75,TDO BURNER ZONE 11 M 1540.11   E235
W4754  C,RE+76,TDO BURNER ZONE 12 M 1540.12   E236
W4754  D,RE+77,TDO BURNER ZONE 13 M 1540.13   E237
W4754  E,RE+78,TDO BURNER ZONE 14 M 1540.14   E238
W4754  F,RE+79,TDO BURNER ZONE 15 M 1540.15   E239
,,
W4755  0,RE+80,TDO BURNER ZONE 16 M 1540.16   E240
W4755  1,RE+81,TDO BURNER ZONE 17 M 1540.17   E241
W4755  2,RE+82,TDO BURNER ZONE 18 M 1540.18   E242
W4755  3,RE+83,TDO BURNER ZONE 19 M 1540.19   E243
W4755  4,RE+84,TDO BURNER ZONE 20 M 1540.20   E244
W4755  5,RE+85,
W4755  6,RE+86,
W4755  7,RE+87,
W4755  8,RE+88,
W4755  9,RE+89,
W4755  A,RE+90,
W4755  B,RE+91,
W4755  C,RE+92,
W4755  D,RE+93,
W4755  E,RE+94,
W4755  F,RE+95,
,,
W4756  0,RE+96,CHILL ROLL EXHAUST HOOD  M1263-01
W4756  1,RE+97,CHILL ROLL WATER REMOVAL M1330-01
W4756  2,RE+98,CHILL ROLL WATER REMOVAL M1310-01
W4756  3,RE+99,CHILL ROLL WATER REMOVAL M1310-02
W4756  4,RE+100,CHILL ROLL WATER REMOVAL M1310-03
W4756  5,RE+101,CHILL ROLL HORIZONTAL MOVEMENT M1301-01
W4756  6,RE+102,CHILL ROLL BRAKE Y1301-02
W4756  7,RE+103,CHILL ROLL AUXILIARY WINDER 1 M1360-01
W4756  8,RE+104,
W4756  9,RE+105,
W4756  A,RE+106,CHILL ROLL AUXILIARY WINDER M1450-01
W4756  B,RE+107,
W4756  C,RE+108,
W4756  D,RE+109,
W4756  E,RE+110,CONTACTOR ANSWER OF TDO CHAIN TENSION
W4756  F,RE+111,
,,
W4757  0,RE+112,PRS FAN ROLL 2 M1812.01
W4757  1,RE+113,PRS FAN ROLL 11 M1812.01
W4757  2,RE+114,PRS FAN ROLL OZONE EXTRA M1831-01  COR. 1
W4757  3,RE+115,PRS FAN ROLL OZONE EXTRA M1831-02  COR. 2
W4757  4,RE+116,AUXILIARY WINDER 2 M1450.01
W4757  5,RE+117,PRS FAN ROLL OZONE EXTRA M1831-03  COR. 3
W4757  6,RE+118,
W4757  7,RE+119,RECLAIM MATERIAL GRINDER M2607-01
W4757  8,RE+120,RECLAIM MATERIAL GRINDER TRANSPORTER M2508-01
W4757  9,,
W4757  A,,
W4757  B,,
W4757  C,,
W4757  D,,
W4757  E,,
W4757  F,,
,,
W4758  0,,
W4758  1,,
W4758  2,,
W4758  3,,
W4758  4,,
W4758  5,,
W4758  6,,
W4758  7,,
W4758  8,,
W4758  9,,
W4758  A,,
W4758  B,,
W4758  C,,
W4758  D,,
W4758  E,,
W4758  F,,
,,
W4760  0,DIFAE 160,FAULT CHILL ROLL GAZ HEATER C 1340  E160
W4760  1,DIFAE 161,FAULT CHILL ROLL GAZ HEATER C 1350  E161
W4760  2,DIFAE 162,FAULT CHILL ROLL BRAKE Y 1301.02    E162
W4760  3,,
W4760  4,,
W4760  5,,
W4760  6,,
W4760  7,,
W4760  8,,
W4760  9,DIFAE 169,FAULT MDO PUMP GAZ HEATER C 1430.13 E169
W4760  A,DIFAE 170,FAULT MDO PUMP ZONE 1 M 1430.01  E170
W4760  B,DIFAE 171,FAULT MDO PUMP ZONE 2 M 1430.02  E171
W4760  C,DIFAE 172,FAULT MDO PUMP ZONE 3 M 1430.03  E172
W4760  D,DIFAE 173,FAULT MDO PUMP ZONE 4 M 1430.04  E173
W4760  E,DIFAE 174,FAULT MDO PUMP ZONE 5 M 1430.05  E174
W4760  F,DIFAE 175,FAULT MDO PUMP ZONE 6 M 1430.06  E175
,,
W4761  0,DIFAE 176,FAULT MDO PUMP ZONE 7 M 1430.07  E176
W4761  1,DIFAE 177,FAULT MDO PUMP ZONE 8 M 1430.08  E177
W4761  2,DIFAE 178,FAULT MDO PUMP STRET. 1 M1430.09 E178
W4761  3,DIFAE 179,FAULT MDO PUMP STRET. 2 M1430.10 E179
W4761  4,DIFAE 180,FAULT MDO PUMP STRET. 3 M1430.11 E180
W4761  5,DIFAE 181,FAULT MDO PUMP ZONE 12 M1430.06  E181
W4761  6,DIFAE 182,
W4761  7,DIFAE 183,
W4761  8,DIFAE 184,
W4761  9,DIFAE 185,FAULT TDO BLOWER ZONE 1 M1520.01 E185
W4761  A,DIFAE 186,FAULT INLET BLOWER M1520.01      E186
W4761  B,DIFAE 187,FAULT TDO BLOWER ZONE 2 M1520.02 E187
W4761  C,DIFAE 188,FAULT TDO BLOWER ZONE 3  M1520.03 E188
W4761  D,DIFAE 189,FAULT TDO BLOWER ZONE 4  M1520.04 E189
W4761  E,DIFAE 190,FAULT TDO BLOWER ZONE 5  M1520.05 E190
W4761  F,DIFAE 191,FAULT TDO BLOWER ZONE 6  M1520.06 E191
,,
W4762  0,DIFAE 192,FAULT TDO BLOWER ZONE 7  M1520.07 E192
W4762  1,DIFAE 193,FAULT TDO BLOWER ZONE 8  M1520.08 E193
W4762  2,DIFAE 194,FAULT TDO BLOWER ZONE 9  M1520.09 E194
W4762  3,DIFAE 195,FAULT TDO BLOWER ZONE 10 M1520.10 E195
W4762  4,DIFAE 196,FAULT TDO BLOWER ZONE 10 M1520.11 E196
W4762  5,DIFAE 197,FAULT TDO BLOWER ZONE 11 M1520.12 E197
W4762  6,DIFAE 198,FAULT TDO BLOWER ZONE 11 M1520.13 E198
W4762  7,DIFAE 199,FAULT TDO BLOWER ZONE 12 M1520.14 E199
W4762  8,DIFAE 200,FAULT TDO BLOWER ZONE 12 M1520.15 E200
W4762  9,DIFAE 201,FAULT TDO BLOWER ZONE 13 M1520.16 E201
W4762  A,DIFAE 202,FAULT TDO BLOWER ZONE 13 M1520.17 E202
W4762  B,DIFAE 203,FAULT TDO BLOWER ZONE 14 M1520.18 E203
W4762  C,DIFAE 204,FAULT TDO BLOWER ZONE 14 M1520.19 E204
W4762  D,DIFAE 205,FAULT TDO BLOWER ZONE 15 M1520.20 E205
W4762  E,DIFAE 206,FAULT TDO BLOWER ZONE 15 M1520.21 E206
W4762  F,DIFAE 207,FAULT TDO BLOWER ZONE 16 M1520.22 E207
,,
W4763  0,DIFAE 208,FAULT TDO BLOWER ZONE 16 M1520.23 E208
W4763  1,DIFAE 209,FAULT TDO BLOWER ZONE 17 M1520.24 E209
W4763  2,DIFAE 210,FAULT TDO BLOWER ZONE 17 M1520.25 E210
W4763  3,DIFAE 211,FAULT TDO BLOWER ZONE 18 M1520.26 E211
W4763  4,DIFAE 212,FAULT TDO BLOWER ZONE 18 M1520.27 E212
W4763  5,DIFAE 213,FAULT TDO BLOWER ZONE 19 M1520.28 E213
W4763  6,DIFAE 214,FAULT TDO BLOWER ZONE 19 M1520.29 E214
W4763  7,DIFAE 215,FAULT TDO BLOWER ZONE 20 M1520.30 E215
W4763  8,DIFAE 216,FAULT TDO BLOWER ZONE 20 M1520.31 E216
W4763  9,DIFAE 217,FAULT TDO BLOWER ZONE 21 M1520.32 E217
W4763  A,DIFAE 218,FAULT TDO BLOWER ZONE 21 M1520.33 E218
W4763  B,DIFAE 219,FAULT TDO BLOWER ZONE 22 M1520.34 E219
W4763  C,DIFAE 220,FAULT TDO BLOWER ZONE 22 M1520.35 E220
W4763  D,DIFAE 221,FAULT TDO INLET BLOWER   M1528.02 E224
W4763  E,DIFAE 222,FAULT TDO OUTLET BLOWER  M1520.03 E222
W4763  F,DIFAE 223,FAULT TDO OUTLET BLOWER  M1520.22 E223
,,
W4764  0,DIFAE 224,FAULT TDO OUTLET BLOWER  M1530.01 E224
W4764  1,DIFAE 225,FAULT TDO ZONE 1  BURNER M1540.01 E225
W4764  2,DIFAE 226,FAULT TDO ZONE 2  BURNER M1540.02 E226
W4764  3,DIFAE 227,FAULT TDO ZONE 3  BURNER M1540.03 E227
W4764  4,DIFAE 228,FAULT TDO ZONE 4  BURNER M1540.04 E228
W4764  5,DIFAE 229,FAULT TDO ZONE 5  BURNER M1540.05 E229
W4764  6,DIFAE 230,FAULT TDO ZONE 6  BURNER M1540.06 E230
W4764  7,DIFAE 231,FAULT TDO ZONE 7  BURNER M1540.07 E231
W4764  8,DIFAE 232,FAULT TDO ZONE 8  BURNER M1540.08 E232
W4764  9,DIFAE 233,FAULT TDO ZONE 9  BURNER M1540.09 E233
W4764  A,DIFAE 234,FAULT TDO ZONE 10 BURNER M1540.10 E234
W4764  B,DIFAE 235,FAULT TDO ZONE 11 BURNER M1540.10 E235
W4764  C,DIFAE 236,FAULT TDO ZONE 12 BURNER M1540.12 E236
W4764  D,DIFAE 237,FAULT TDO ZONE 13 BURNER M1540.13 E237
W4764  E,DIFAE 238,FAULT TDO ZONE 14 BURNER M1540.14 E238
W4764  F,DIFAE 239,FAULT TDO ZONE 15 BURNER M1540.15 E239
,,
W4765  0,DIFAE 240,FAULT TDO ZONE 16 BURNER M1540.16 E240
W4765  1,DIFAE 241,FAULT TDO ZONE 17 BURNER M1540.17 E241
W4765  2,DIFAE 242,FAULT TDO ZONE 18 BURNER M1540.18 E242
W4765  3,DIFAE 243,FAULT TDO ZONE 19 BURNER M1540.19 E243
W4765  4,DIFAE 244,FAULT TDO ZONE 20 BURNER M1540.20 E244
W4765  5,,
W4765  6,,
W4765  7,,
W4765  8,,
W4765  9,,
W4765  A,,
W4765  B,,
W4765  C,,
W4765  D,,
W4765  E,,
W4765  F,,
,,
W4766  0,DIFM 126301,DEFECT OF CHILL ROLL EXHAUST HOOD  M1263.01
W4766  1,DIFM 133001,DEFECT OF CHILL ROLL WATER REMOVAL M1330.01
W4766  2,DIFM 131001,DEFECT OF CHILL ROLL WATER REMOVAL M1330.02
W4766  3,DIFM 131002,DEFECT OF CHILL ROLL WATER REMOVAL M1330.03
W4766  4,DIFM 131003,DEFECT OF CHILL ROLL WATER REMOVAL M1310.03
W4766  5,DIFM 130101,DEFECT OF HORIZONTAL MOVEMENT  M1301.01
W4766  6,DIFM 130102,DEFECT OF CHILL ROLL BRAKE Y1301.02
W4766  7,DIFM 136001,DEFECT OF AUXILIARY WINDER #1  M1360.01
W4766  8,,
W4766  9,,
W4766  A,DIFM 145001,DEFECT OF AUXILIARY WINDER #2  M1450.01
W4766  B,,
W4766  C,,
W4766  D,,
W4766  E,DIFM 151501,DEFECT OF TDO CHAIN TENSION SYSTEM M1515.01
W4766  F,,
,,
W4767  0,DIFM 181201,DEFECT OF VACUUM ROLL #1  M1812.01
W4767  1,DIFM 181501,DEFECT OF VACUUM ROLL #2  M1825.01
W4767  2,DIFM 183101,DEFECT OF OZONE EXHAUST BLOWER #1  M1831.01
W4767  3,DIFM 183102,DEFECT OF OZONE EXHAUST BLOWER #2  M1831.02
W4767  4,DIFM 1860A1,DEFECT OF AUXILIARY WINDER #3
W4767  5,DIFM 183103,DEFECT OF OZONE EXHAUST BLOWER #3  M1831.03
W4767  6,,
W4767  7,,
W4767  8,,
W4767  9,,
W4767  A,,
W4767  B,,
W4767  C,,
W4767  D,,
W4767  E,,
W4767  F,,
,,
W4768  0,,
W4768  1,,
W4768  2,,
W4768  3,,
W4768  4,,
W4768  5,,
W4768  6,,
W4768  7,,
W4768  8,,
W4768  9,,
W4768  A,,
W4768  B,,
W4768  C,,
W4768  D,,
W4768  E,,
W4768  F,,
,,
W4770  0,ZS 130103,CHILL ROLL HAND CRANK ENGAGE ZS 1301-03
W4770  1,SV 131011,ROLL CARRIAGE FILM REMOVAL POSITION  (ENG)
W4770  2,SV 131013,RUBBER ROLL WATER REMOVAL POSITION   (ENG)
W4770  3,SV 131012,CHROMED ROLL WATER REMOVAL POSITION  (ENG)
W4770  4,SV 131009,CHILL ROLL AIR KNIFE ENGAGE SV 1310.09
W4770  5,SV 131010,CHILL ROLL EDGE PINNING ON  SV 1310.09
W4770  6,ZS 130104,CHILL ROLL ON HOME POSITION ZS 1301.04
W4770  7,ZS 130105,CHILL ROLL HIGH LOW SPEED   ZS 1301.05
W4770  8,ZS 130106,CHILL ROLL IN WORKING POSITION  ZS 1301.06
W4770  9,TSH 136003,HIGH TEMP. ALARM AUX. WINDER 1 TSH 1360.03
W4770  A,LSL 135003,CHILL ROLL MDO LOW LEVEL TANK LSL  1350.03
W4770  B,AUX1LENG,CHILL ROLL AUX. WINDER 1 ENGAGE
W4770  C,WBON,CHILL ROLL WATER BATH ON
W4770  D,WBAUTO,CHILL ROLL WATER BATH AUTO
W4770  E,AUX1RET,CHILL ROLL AUX. WINDER 1 RETRACT
W4770  F,PESCR,PROCESS STOP CHILL
,,
W4771  0,ROLL1ENG,MDO NIP ROLL 1 IN WORK POS. ZSH 1404.06.07
W4771  1,ROLL2ENG,MDO NIP ROLL 2 IN WORK POS. ZSH 1404.08.09
W4771  2,ROLL3ENG,MDO NIP ROLL 3 IN WORK POS. ZSH 1404.10.11
W4771  3,INLET,MDO PRES. ROLL INLET  IN POS. ZSE 1404.12.13
W4771  4,OUTLET,MDO PRES. ROLL OUTLET IN POS. ZSE 1404.14.15
W4771  5,DR1HOME,DRAW ROLL 1 IN HOME POSITION ZSH 1402.07
W4771  6,DR1WORK,DRAW ROLL 1 IN WORKING POSITION
W4771  7,DR2HOME,DRAW ROLL 2 IN HOME POSITION ZSH 1402.15
W4771  8,DR2WORK,DRAW ROLL 2 IN WORKING POSITION
W4771  9,DR3HOME,DRAW ROLL 3 IN HOME POSITION ZSH 1402.15
W4771  A,DR3WORK,DRAW ROLL 3 IN WORKING POSITION
W4771  B,,
W4771  C,,
W4771  D,ZTMDO,BREAK FILM MDO ZT 1420.01 ST 1420.02
W4771  E,BYPASSMDO,BYPASS MDO
W4771  F,PESMDO,PROCESS STOP MDO
,,
W4772  0,TSH 145003,AUXILIARY WINDER 2 TSH 1450.03
W4772  1,AUX2ENG,AUX WINDER 2 ENGAGE  SV 1450.05
W4772  2,AUX2RET,AUX WINDER 2 RETRACT SV 1450.04
W4772  3,,
W4772  4,,
W4772  5,DICLIPOFF,TDO AIR ON CLIPS SZ 1511.03 OFF
W4772  6,DICLIPON,AIR ON CLIPS     SV 1511.03 ON
W4772  7,DICLIPAUTO,O AIR ON CLIPS   SV 1511.03 AUTO
W4772  8,ZT 153102,WEB BREAK BEFORE COOLING ZONE ZT 1531.02
W4772  9,ZT 153101,WEB BREAK AFTER STRET. ZONE   ZT 1531.01
W4772  A,BYPASSAUTO,BYPASS TDO
W4772  B,ZS 151506,SECURITY SWITCH ZS 1515.06 (RIGHT)
W4772  C,ZS 151507,SECURITY SWITCH ZS 1515.07 (LEFT)
W4772  D,PSL 151503,LOW PRES. CHAIN TENSION (B305) PSL 1515.03
W4772  E,LSL 151502,LOW LEVEL CHAIN TENSION (B302) LSL 1515.02
W4772  F,PESTDO,PROCESS STOP TDO
,,
W4773  0,FSL 183106,CORONA #1 OZONE EXHAUST FLOW LOW FSL 1831.06
W4773  1,FSL 183107,CORONA #2 OZONE EXHAUST FLOW LOW FSL 1831.07
W4773  2,SPL 182009,CORONA ELECTRODE #1 LOW PRESSURE PSL 1820.09
W4773  3,PSL 182019,CORONA ELECTRODE #2 LOW PRESSURE PSL 1820.19
W4773  4,PSL 182014,CORONA ELECTRODE #3 LOW PRESSURE PSL 1820.14
W4773  5,CO1ENG,CORONA ELECTRODE #1 ENGAGED
W4773  6,CO2ENG,CORONA ELECTRODE #2 ENGAGED
W4773  7,CO3ENG,CORONA ELECTRODE #3 ENGAGED
W4773  8,,
W4773  9,,
W4773  A,SPR1ENG,"SPREADER ROLL #1 ENGAGED, SV 1840.01"
W4773  B,SPR2ENG,"SPREADER ROLL #2 ENGAGED, SV 1840.03"
W4773  C,SPR3ENG,"SPREADER ROLL #3 ENGAGED, SV 1840.05"
W4773  D,BYPASSPRS,PRS BYPASS
W4773  E,ZTPRS,PRS WEB BREAKER ZT 1840.10
W4773  F,PESPRS,PRS PROCESS STOP
,,
W4774  0,OPKNIENG,PRS RIGHT KNIFE (ENGAGE) SV 1850.03
W4774  1,DRIKNIENG,PRS LEFT KNIFE  (ENGAGE) SV 1850.04
W4774  2,OPROLLENG,LEFT NIP ROLL   (ENGAGE) SV 1850.01
W4774  3,DRIROLLENG,RIGHT NIP ROLL  (ENGAGE) SV 1850.02
W4774  4,AUX3ENG,PRS AUX. WINDER 3 (ENGAGE) SV 1860.01.02
W4774  5,GE1R,PRS GENERATOR 1 (G1820.01) RUNNING
W4774  6,GE1F,PRS GENERATOR 1 (G1820.01) FAULT
W4774  7,GE2R,PRS GENERATOR 2 (G1820.02) RUNNING
W4774  8,GE2F,PRS GENERATOR 2 (G1820.02) FAULT
W4774  9,GE3R,PRS GENERATOR 3 (G1820.03) RUNNING
W4774  A,GE3F,PRS GENERATOR 3 (G1820.03) FAULT
W4774  B,GE4R,PRS GENERATOR 4 (G1820.04) RUNNING
W4774  C,GE4F,PRS GENERATOR 4 (G1820.04) FAULT
W4774  D,FSL 183108,CORONA #3 OZONE EXHAUST FLOW LOW FSL 1831.03
W4774  E,TSHAUX3,PRS AUX WINDER 3 HIGH TEMP. ALARM
W4774  F,,
,,
W4775  0,ROLL6CPENG,ROLL 6 (NIP #1) CORONA PROXIMITY (ENG) SV 1820.20
W4775  1,ROLL8CPENG,ROLL 8 (NIP #3) CORONA PROXIMITY (ENG) SV 1820.15
W4775  2,,
W4775  3,ROTCR,CHILL ROLL ROTATION
W4775  4,ROTMDOS,ROTATION MDO SLOW
W4775  5,ROTMDOM,ROTATION MDO FAST1
W4775  6,ROTMDOF,ROTATION MDO FAST2
W4775  7,ROTTDO,ROTATION TDO
W4775  8,,
W4775  9,BINCTDO,TDO IN TEMPERATURE AUTOMATIC CONTROL
W4775  A,SPR2ENG,"SPREADER ROLL1 ENGAGED, SV 1840.02"
W4775  B,SPR4ENG,"SPREADER ROLL2 ENGAGED, SV 1840.04"
W4775  C,SPR6ENG,"SPREADER ROLL3 ENGAGED, SV 1840.06"
W4775  D,,
W4775  E,,
W4775  F,,
,,
W4776  0,FACR,FAULT VIEW CHILL ROLL
W4776  1,FAMDO1,FAULT VIEW MDO 1
W4776  2,FAMDO2,FAULT VIEW MDO 2
W4776  3,FATDO1,FAULT VIEW TDO 1
W4776  4,FATDO2,FAULT VIEW TDO 2
W4776  5,FATDO3,FAULT VIEW TDO 3
W4776  6,FATDO4,FAULT VIEW TDO 4
W4776  7,FAPRS,FAULT VIEW PRS
W4776  8,,
W4776  9,GES,GENERAL EMERGENCY STOP OF THE LINE
W4776  A,CRLEG,ONE EQUIPMENT RUNNING ON CHILL ROLL
W4776  B,MDOLEQ,ONE EQUIPMENT RUNNING ON MDO
W4776  C,TDOLEQ,ONE EQUIPMENT RUNNING ON TDO
W4776  D,CRALEQ,ALL EQUIPMENT RUNNING ON CHILL ROLL
W4776  E,MDOALLEQ,ALL EQUIPMENT RUNNING ON MDO
W4776  F,TDOALLEQ,ALL EQUIPMENT RUNNING ON TDO
,,
W4777  0,CRT,"TEMPERATURE H+, L- CHILL ROLL"
W4777  1,MDOT,"TEMPERATURE H+, L- MDO"
W4777  2,TDOT,"TEMPERATURE H+, L- TDO"
W4777  3,,
W4777  4,TDO1BUR,"ONE BURNER ""ON"" ON TDO"
W4777  5,TDOALLBUR,"ALL BURNER ""ON"" ON TDO"
W4777  6,,
W4777  7,,"SELECT SWITCH ""> 60 MICRO FOR SCREEN"
W4777  8,,
W4777  9,,
W4777  A,,
W4777  B,,
W4777  C,,
W4777  D,,
W4777  E,,
W4777  F,,
,,
W4778  0,CRI,INTERLOCK CHILL ROLL
W4778  1,MDO1I,INTERLOCK MDO 1
W4778  2,MDO2I,INTERLOCK MDO 2
W4778  3,MDO3I,INTERLOCK MDO 3
W4778  4,TDOI,INTERLOCK TDO
W4778  5,PRS1I,INTERLOCK PRS 1
W4778  6,PRS2I,INTERLOCK PRS 2
W4778  7,,
W4778  8,,
W4778  9,,
W4778  A,,
W4778  B,,
W4778  C,,
W4778  D,,
W4778  E,,
W4778  F,,
,,
W4779  0,,
W4779  1,,
W4779  2,,
W4779  3,,
W4779  4,,
W4779  5,,
W4779  6,,
W4779  7,,
W4779  8,,
W4779  9,,
W4779  A,,
W4779  B,,
W4779  C,,
W4779  D,,
W4779  E,,
W4779  F,,
,,
W4780  0,,
W4780  1,INTE225,INTERLOCK BURNER 1  ZONE 1  M 1450.01 (E225)
W4780  2,INTE226,INTERLOCK BURNER 2  ZONE 2  M 1450.02 (E226)
W4780  3,INTE227,INTERLOCK BURNER 3  ZONE 3  M 1450.03 (E227)
W4780  4,INTE228,INTERLOCK BURNER 4  ZONE 4  M 1450.04 (E228)
W4780  5,INTE229,INTERLOCK BURNER 5  ZONE 5  M 1450.05 (E229)
W4780  6,INTE230,INTERLOCK BURNER 6  ZONE 6  M 1450.06 (E230)
W4780  7,INTE231,INTERLOCK BURNER 7  ZONE 7  M 1450.07 (E231)
W4780  8,INTE232,INTERLOCK BURNER 8  ZONE 8  M 1450.08 (E232)
W4780  9,INTE233,INTERLOCK BURNER 9  ZONE 9  M 1450.09 (E233)
W4780  A,INTE234,INTERLOCK BURNER 10 ZONE 10 M 1450.10 (E234)
W4780  B,INTE235,INTERLOCK BURNER 11 ZONE 11 M 1450.11 (E235)
W4780  C,INTE236,INTERLOCK BURNER 12 ZONE 12 M 1450.12 (E236)
W4780  D,INTE237,INTERLOCK BURNER 13 ZONE 13 M 1450.13 (E237)
W4780  E,INTE238,INTERLOCK BURNER 14 ZONE 14 M 1450.14 (E238)
W4780  F,INTE239,INTERLOCK BURNER 15 ZONE 15 M 1450.15 (E239)
,,
W4781  0,INTE240,INTERLOCK BURNER 16 ZONE 16 M 1450.16 (E240)
W4781  1,INTE241,INTERLOCK BURNER 17 ZONE 17 M 1450.17 (E241)
W4781  2,INTE242,INTERLOCK BURNER 18 ZONE 18 M 1450.18 (E242)
W4781  3,INTE243,INTERLOCK BURNER 19 ZONE 19 M 1450.19 (E243)
W4781  4,INTE244,INTERLOCK BURNER 20 ZONE 20 M 1450.20 (E244)
W4781  5,,
W4781  6,,
W4781  7,,
W4781  8,,
W4781  9,,
W4781  A,,
W4781  B,,
W4781  C,,
W4781  D,,
W4781  E,,
W4781  F,,
,,
W4785  0,DIAM+0,AUTO/MANU R365
W4785  1,DILO+0,LOCKED
W4785  2,DIAC+0,"ALARM H+, L-"
W4785  3,DIAHR365,ALARM H
W4785  4,DIAL+0,ALARM L
W4785  5,DIDER365,DEFECT MEASURE
W4785  6,DIA+0,ALL ALARM
W4785  7,,
W4785  8,DIAM+8,AUTO/MANU R366
W4785  9,DILO+8,LOCKED
W4785  A,DIAC+8,"ALARM H+, L-"
W4785  B,DIAHR366,ALARM H
W4785  C,DIAL+8,ALARM L
W4785  D,DIDER366,DEFECT MEASURE
W4785  E,DIA+8,ALL ALARM
W4785  F,,
,,
W4786  0,,
W4786  1,,
W4786  2,,
W4786  3,,
W4786  4,,
W4786  5,,
W4786  6,,
W4786  7,,
W4786  8,,
W4786  9,,
W4786  A,,
W4786  B,,
W4786  C,,
W4786  D,,
W4786  E,,
W4786  F,,
,,
W4787  0,,
W4787  1,,
W4787  2,,
W4787  3,,
W4787  4,,
W4787  5,,
W4787  6,,
W4787  7,,
W4787  8,,
W4787  9,,
W4787  A,,
W4787  B,,
W4787  C,,
W4787  D,,
W4787  E,,
W4787  F,,
,,
W4788  0,,
W4788  1,,
W4788  2,,
W4788  3,,
W4788  4,,
W4788  5,,
W4788  6,,
W4788  7,,
W4788  8,,
W4788  9,,
W4788  A,,
W4788  B,,
W4788  C,,
W4788  D,,
W4788  E,,
W4788  F,,
,,
W4789  0,DIAM+64,AUTO/MANU R370
W4789  1,DILO+64,LOCKED
W4789  2,DIAC+64,"ALARM H+, L-"
W4789  3,DIAHR370,ALARM H
W4789  4,DIAL+64,ALARM L
W4789  5,DIDER370,DEFECT MEASURE
W4789  6,DIA+72,ALL ALARM
W4789  7,,
W4789  8,DIAM+72,AUTO/MANU R371
W4789  9,DILO+72,LOCKED
W4789  A,DIAC+72,"ALARM H+, L-"
W4789  B,DIAHR371,ALARM H
W4789  C,DIAL+72,ALARM L
W4789  D,DIDER371,DEFECT MEASURE
W4789  E,DIA+72,ALL ALARM
W4789  F,,
,,
W4790  0,DIAM+80,AUTO/MANU R372
W4790  1,DILO+80,LOCKED
W4790  2,DIAC+80,"ALARM H+, L-"
W4790  3,DIAHR372,ALARM H
W4790  4,DIAL+80,ALARM L
W4790  5,DIDER372,DEFECT MEASURE
W4790  6,DIA+80,ALL ALARM
W4790  7,,
W4790  8,DIAM+88,AUTO/MANU R373
W4790  9,DILO+88,LOCKED
W4790  A,DIAC+88,"ALARM H+, L-"
W4790  B,DIAHR373,ALARM H
W4790  C,DIAL+88,ALARM L
W4790  D,DIDER373,DEFECT MEASURE
W4790  E,DIA+88,ALL ALARM
W4790  F,,
,,
W4791  0,DIAM+96,AUTO/MANU R374
W4791  1,DILO+96,LOCKED
W4791  2,DIAC+96,"ALARM H+, L-"
W4791  3,DIAHR374,ALARM H
W4791  4,DIAL+96,ALARM L
W4791  5,DIDER374,DEFECT MEASURE
W4791  6,DIA+96,ALL ALARM
W4791  7,,
W4791  8,DIAM+96,AUTO/MANU R375
W4791  9,DILO+96,LOCKED
W4791  A,DIAC+96,"ALARM H+, L-"
W4791  B,DIAHR375,ALARM H
W4791  C,DIAL+96,ALARM L
W4791  D,DIDER375,DEFECT MEASURE
W4791  E,DIA+96,ALL ALARM
W4791  F,,
,,
W4792  0,DIAM+104,AUTO/MANU R376
W4792  1,DILO+104,LOCKED
W4792  2,DIAC+104,"ALARM H+, L-"
W4792  3,DIAHR376,ALARM H
W4792  4,DIAL+104,ALARM L
W4792  5,DIDER376,DEFECT MEASURE
W4792  6,DIA+104,ALL ALARM
W4792  7,,
W4792  8,DIAM+112,AUTO/MANU R377
W4792  9,DILO+112,LOCKED
W4792  A,DIAC+112,"ALARM H+, L-"
W4792  B,DIAHR377,ALARM H
W4792  C,DIAL+112,ALARM L
W4792  D,DIDER377,DEFECT MEASURE
W4792  E,DIA+112,ALL ALARM
W4792  F,,
,,
W4793  0,DIAM+128,AUTO/MANU R378
W4793  1,DILO+128,LOCKED
W4793  2,DIAC+128,"ALARM H+, L-"
W4793  3,DIAHR378,ALARM H
W4793  4,DIAL+128,ALARM L
W4793  5,DIDER378,DEFECT MEASURE
W4793  6,DIA+128,ALL ALARM
W4793  7,,
W4793  8,DIAM+136,AUTO/MANU R379
W4793  9,DILO+136,LOCKED
W4793  A,DIAC+136,"ALARM H+, L-"
W4793  B,DIAHR379,ALARM H
W4793  C,DIAL+136,ALARM L
W4793  D,DIDER379,DEFECT MEASURE
W4793  E,DIA+136,ALL ALARM
W4793  F,,
,,
W4794  0,DIAM+144,AUTO/MANU R380
W4794  1,DILO+144,LOCKED
W4794  2,DIAC+144,"ALARM H+, L-"
W4794  3,DIAHR380,ALARM H
W4794  4,DIAL+144,ALARM L
W4794  5,DIDER380,DEFECT MEASURE
W4794  6,DIA+144,ALL ALARM
W4794  7,,
W4794  8,DIAM+152,AUTO/MANU R381
W4794  9,DILO+152,LOCKED
W4794  A,DIAC+152,"ALARM H+, L-"
W4794  B,DIAHR381,ALARM H
W4794  C,DIAL+152,ALARM L
W4794  D,DIDER381,DEFECT MEASURE
W4794  E,DIA+152,ALL ALARM
W4794  F,,
,,
W4795  0,,
W4795  1,,
W4795  2,,
W4795  3,,
W4795  4,,
W4795  5,,
W4795  6,,
W4795  7,,
W4795  8,,
W4795  9,,
W4795  A,,
W4795  B,,
W4795  C,,
W4795  D,,
W4795  E,,
W4795  F,,
,,
W4796  0,,
W4796  1,,
W4796  2,,
W4796  3,,
W4796  4,,
W4796  5,,
W4796  6,,
W4796  7,,
W4796  8,DIAM+184,AUTO/MANU R385
W4796  9,DILO+184,LOCKED
W4796  A,DIAC+184,"ALARM H+, L-"
W4796  B,DIAHR385,ALARM H
W4796  C,DIAL+184,ALARM L
W4796  D,DIDER385,DEFECT MEASURE
W4796  E,DIA+184,ALL ALARM
W4796  F,,
,,
W4797  0,DIAM+192,AUTO/MANU R386
W4797  1,DILO+192,LOCKED
W4797  2,DIAC+192,"ALARM H+, L-"
W4797  3,DIAHR386,ALARM H
W4797  4,DIAL+192,ALARM L
W4797  5,DIDER386,DEFECT MEASURE
W4797  6,DIA+192,ALL ALARM
W4797  7,,
W4797  8,DIAM+200,AUTO/MANU R387
W4797  9,DILO+200,LOCKED
W4797  A,DIAC+200,"ALARM H+, L-"
W4797  B,DIAHR387,ALARM H
W4797  C,DIAL+200,ALARM L
W4797  D,DIDER387,DEFECT MEASURE
W4797  E,DIA+200,ALL ALARM
W4797  F,,
,,
W4798  0,DIAM+208,AUTO/MANU R388
W4798  1,DILO+208,LOCKED
W4798  2,DIAC+208,"ALARM H+, L-"
W4798  3,DIAHR388,ALARM H
W4798  4,DIAL+208,ALARM L
W4798  5,DIDER388,DEFECT MEASURE
W4798  6,DIA+208,ALL ALARM
W4798  7,,
W4798  8,DIAM+216,AUTO/MANU R389
W4798  9,DILO+216,LOCKED
W4798  A,DIAC+216,"ALARM H+, L-"
W4798  B,DIAHR389,ALARM H
W4798  C,DIAL+216,ALARM L
W4798  D,DIDER389,DEFECT MEASURE
W4798  E,DIA+216,ALL ALARM
W4798  F,,
,,
W4799  0,DIAM+224,AUTO/MANU R390
W4799  1,DILO+224,LOCKED
W4799  2,DIAC+224,"ALARM H+, L-"
W4799  3,DIAHR390,ALARM H
W4799  4,DIAL+224,ALARM L
W4799  5,DIDER390,DEFECT MEASURE
W4799  6,DIA+224,ALL ALARM
W4799  7,,
W4799  8,DIAM+232,AUTO/MANU R391
W4799  9,DILO+232,LOCKED
W4799  A,DIAC+232,"ALARM H+, L-"
W4799  B,DIAHR391,ALARM H
W4799  C,DIAL+232,ALARM L
W4799  D,DIDER391,DEFECT MEASURE
W4799  E,DIA+232,ALL ALARM
W4799  F,,
,,
W4800  0,DIAM+240,AUTO/MANU R392
W4800  1,DILO+240,LOCKED
W4800  2,DIAC+240,"ALARM H+, L-"
W4800  3,DIAHR392,ALARM H
W4800  4,DIAL+240,ALARM L
W4800  5,DIDER392,DEFECT MEASURE
W4800  6,DIA+240,ALL ALARM
W4800  7,,
W4800  8,DIAM+248,AUTO/MANU R393
W4800  9,DILO+248,LOCKED
W4800  A,DIAC+248,"ALARM H+, L-"
W4800  B,DIAHR393,ALARM H
W4800  C,DIAL+248,ALARM L
W4800  D,DIDER393,DEFECT MEASURE
W4800  E,DIA+248,ALL ALARM
W4800  F,,
,,
W4801  0,DIAM+256,AUTO/MANU R394
W4801  1,DILO+256,LOCKED
W4801  2,DIAC+256,"ALARM H+, L-"
W4801  3,DIAHR394,ALARM H
W4801  4,DIAL+256,ALARM L
W4801  5,DIDER394,DEFECT MEASURE
W4801  6,DIA+256,ALL ALARM
W4801  7,,
W4801  8,DIAM+264,AUTO/MANU R395
W4801  9,DILO+264,LOCKED
W4801  A,DIAC+264,"ALARM H+, L-"
W4801  B,DIAHR395,ALARM H
W4801  C,DIAL+264,ALARM L
W4801  D,DIDER395,DEFECT MEASURE
W4801  E,DIA+264,ALL ALARM
W4801  F,,
,,
W4802  0,DIAM+272,AUTO/MANU R396
W4802  1,DILO+272,LOCKED
W4802  2,DIAC+272,"ALARM H+, L-"
W4802  3,DIAHR396,ALARM H
W4802  4,DIAL+272,ALARM L
W4802  5,DIDER396,DEFECT MEASURE
W4802  6,DIA+272,ALL ALARM
W4802  7,,
W4802  8,DIAM+280,AUTO/MANU R397
W4802  9,DILO+280,LOCKED
W4802  A,DIAC+280,"ALARM H+, L-"
W4802  B,DIAHR397,ALARM H
W4802  C,DIAL+280,ALARM L
W4802  D,DIDER397,DEFECT MEASURE
W4802  E,DIA+280,ALL ALARM
W4802  F,,
,,
W4803  0,DIAM+288,AUTO/MANU R398
W4803  1,DILO+288,LOCKED
W4803  2,DIAC+288,"ALARM H+, L-"
W4803  3,DIAHR398,ALARM H
W4803  4,DIAL+288,ALARM L
W4803  5,DIDER398,DEFECT MEASURE
W4803  6,DIA+288,ALL ALARM
W4803  7,,
W4803  8,DIAM+296,AUTO/MANU R399
W4803  9,DILO+296,LOCKED
W4803  A,DIAC+296,"ALARM H+, L-"
W4803  B,DIAHR399,ALARM H
W4803  C,DIAL+296,ALARM L
W4803  D,DIDER399,DEFECT MEASURE
W4803  E,DIA+296,ALL ALARM
W4803  F,,
,,
W4804  0,DIAM+304,AUTO/MANU R400
W4804  1,DILO+304,LOCKED
W4804  2,DIAC+304,"ALARM H+, L-"
W4804  3,DIAHR400,ALARM H
W4804  4,DIAL+304,ALARM L
W4804  5,DIDER400,DEFECT MEASURE
W4804  6,DIA+304,ALL ALARM
W4804  7,,
W4804  8,DIAM+312,AUTO/MANU R401
W4804  9,DILO+312,LOCKED
W4804  A,DIAC+312,"ALARM H+, L-"
W4804  B,DIAHR401,ALARM H
W4804  C,DIAL+312,ALARM L
W4804  D,DIDER401,DEFECT MEASURE
W4804  E,DIA+312,ALL ALARM
W4804  F,,
,,
W4805  0,DIAM+320,AUTO/MANU R402
W4805  1,DILO+320,LOCKED
W4805  2,DIAC+320,"ALARM H+, L-"
W4805  3,DIAHR402,ALARM H
W4805  4,DIAL+320,ALARM L
W4805  5,DIDER402,DEFECT MEASURE
W4805  6,DIA+320,ALL ALARM
W4805  7,,
W4805  8,DIAM+328,AUTO/MANU R403
W4805  9,DILO+328,LOCKED
W4805  A,DIAC+328,"ALARM H+, L-"
W4805  B,DIAHR403,ALARM H
W4805  C,DIAL+328,ALARM L
W4805  D,DIDER403,DEFECT MEASURE
W4805  E,DIA+328,ALL ALARM
W4805  F,,
,,
W4806  0,DIAM+336,AUTO/MANU R404
W4806  1,DILO+336,LOCKED
W4806  2,DIAC+336,"ALARM H+, L-"
W4806  3,DIAHR404,ALARM H
W4806  4,DIAL+336,ALARM L
W4806  5,DIDER404,DEFECT MEASURE
W4806  6,DIA+336,ALL ALARM
W4806  7,,
W4806  8,,
W4806  9,,
W4806  A,,
W4806  B,,
W4806  C,,
W4806  D,,
W4806  E,,
W4806  F,,
,,
W4807  0,,
W4807  1,,
W4807  2,,
W4807  3,,
W4807  4,,
W4807  5,,
W4807  6,,
W4807  7,,
W4807  8,,
W4807  9,,
W4807  A,,
W4807  B,,
W4807  C,,
W4807  D,,
W4807  E,,
W4807  F,,
,,
W4808  0,,
W4808  1,,
W4808  2,,
W4808  3,,
W4808  4,,
W4808  5,,
W4808  6,,
W4808  7,,
W4808  8,,
W4808  9,,
W4808  A,,
W4808  B,,
W4808  C,,
W4808  D,,
W4808  E,,
W4808  F,,
