,F12\WORDBIT1.DOC,
WORD,CONTENT,
W 420 0,R 300 DEFECT MEASURE,
W 420 1,R 301 DEFECT MEASURE,
W 420 2,R 302 DEFECT MEASURE,
W 420 3,R 303 DEFECT MEASURE,
W 420 4,R 304 DEFECT MEASURE,
W 420 5,R 305 DEFECT MEASURE,
W 420 6,R 306 DEFECT MEASURE,
W 420 7,R 307 DEFECT MEASURE,
W 420 8,R 308 DEFECT MEASURE,
W 420 9,R 309 DEFECT MEASURE,
W 420 A,R 310 DEFECT MEASURE,
W 420 B,R 311 DEFECT MEASURE,
W 420 C,R 312 DEFECT MEASURE,
W 420 D,R 313 DEFECT MEASURE,
W 420 E,R 314 DEFECT MEASURE,
W 420 F,R 315 DEFECT MEASURE,
,,
W 421 0,R 316 DEFECT MEASURE,
W 421 1,R 317 DEFECT MEASURE,
W 421 2,R 318 DEFECT MEASURE,
W 421 3,R 319 DEFECT MEASURE,
W 421 4,R 320 DEFECT MEASURE,
W 421 5,R 321 DEFECT MEASURE,
W 421 6,R 322 DEFECT MEASURE,
W 421 7,R 323 DEFECT MEASURE,
W 421 8,R 324 DEFECT MEASURE,
W 421 9,R 325 DEFECT MEASURE,
W 421 A,R 326 DEFECT MEASURE,
W 421 B,R 327 DEFECT MEASURE,
W 421 C,R 328 DEFECT MEASURE,
W 421 D,R 329 DEFECT MEASURE,
W 421 E,R 330 DEFECT MEASURE,
W 421 F,R 331 DEFECT MEASURE,
,,
W 422 0,R 332 DEFECT MEASURE,
W 422 1,R 333 DEFECT MEASURE,
W 422 2,R 334 DEFECT MEASURE,
W 422 3,R 335 DEFECT MEASURE,
W 422 4,R 336 DEFECT MEASURE,
W 422 5,R 337 DEFECT MEASURE,
W 422 6,R 338 DEFECT MEASURE,
W 422 7,R 339 DEFECT MEASURE,
W 422 8,R 340 DEFECT MEASURE,
W 422 9,R 341 DEFECT MEASURE,
W 422 A,R 342 DEFECT MEASURE,
W 422 B,R 343 DEFECT MEASURE,
W 422 C,R 344 DEFECT MEASURE,
W 422 D,R 345 DEFECT MEASURE,
W 422 E,R 346 DEFECT MEASURE,
W 422 F,R 347 DEFECT MEASURE,
,,
W 423 0,R 348 DEFECT MEASURE,
W 423 1,R 349 DEFECT MEASURE,
W 423 2,R 350 DEFECT MEASURE,
W 423 3,R 351 DEFECT MEASURE,
W 423 4,R 352 DEFECT MEASURE,
W 423 5,R 353 DEFECT MEASURE,
W 423 6,R 354 DEFECT MEASURE,
W 423 7,R 355 DEFECT MEASURE,
W 423 8,R 356 DEFECT MEASURE,
W 423 9,R 357 DEFECT MEASURE,
W 423 A,R 358 DEFECT MEASURE,
W 423 B,R 359 DEFECT MEASURE,
W 423 C,R 360 DEFECT MEASURE,
W 423 D,R 361 DEFECT MEASURE,
W 423 E,FREE,
W 423 F,FREE,
,,
W 500 0,"E 100 SAT. EXT1 HEATING ZONE 1, CONTACTOR ANSWER.",
W 500 1,"E 101 SAT. EXT1 HEATING ZONE 2, CONTACTOR ANSWER.",
W 500 2,"E 102 SAT. EXT1 HEATING ZONE 3, CONTACTOR ANSWER.",
W 500 3,"E 103 SAT. EXT1 HEATING ZONE 4, CONTACTOR ANSWER.",
W 500 4,"E 104 SAT. EXT1 HEATING ZONE 5, CONTACTOR ANSWER.",
W 500 5,"E 105 SAT. EXT1 HEATING ZONE 6, CONTACTOR ANSWER.",
W 500 6,"E 106 SAT. EXT1 HEATING ZONE 7, CONTACTOR ANSWER.",
W 500 7,"E 107 SAT. EXT1 ADAPTER, CONTACTOR ANSWER.",
W 500 8,"E 108 SAT. EXT1 FILTER, CONTACTOR ANSWER",
W 500 9,FREE,
W 500 A,"E 110 SAT. EXT2 HEATING ZONE 1, CONTACTOR ANSWER.",
W 500 B,"E 111 SAT. EXT2 HEATING ZONE 2, CONTACTOR ANSWER.",
W 500 C,"E 112 SAT. EXT2 HEATING ZONE 3, CONTACTOR ANSWER.",
W 500 D,"E 113 SAT. EXT2 HEATING ZONE 4, CONTACTOR ANSWER.",
W 500 E,"E 114 SAT. EXT2 HEATING ZONE 5, CONTACTOR ANSWER.",
W 500 F,"E 115 SAT. EXT2 HEATING ZONE 6, CONTACTOR ANSWER.",
,,
W 501 0,"E 116 SAT. EXT2 HEATING ZONE 7, CONTACTOR ANSWER.",
W 501 1,"E 117 SAT. EXT2 HEATING ADAPTER, CONTACTOR ANSWER.",
W 501 2,"E 118 SAT. EXT2 HEATING FILTER, CONTACTOR ANSWER.",
W 501 3,FREE,
W 501 4,"E 120 EXT. 1 HEATING ZONE 1, CONTACTOR ANSWER",
W 501 5,"E 121 EXT. 1 HEATING ZONE 2, CONTACTOR ANSWER",
W 501 6,"E 122 EXT. 1 HEATING ZONE 3, CONTACTOR ANSWER",
W 501 7,"E 123 EXT. 1 HEATING ZONE 4, CONTACTOR ANSWER",
W 501 8,"E 124 EXT. 1 ADAPTER, CONTACTOR ANSWER",
W 501 9,"E 125 EXT. 1 FILTER ZONE 1, CONTACTOR ANSWER",
W 501 A,"E 126 EXT. 1 FILTER ZONE 1, CONTACTOR ANSWER",
W 501 B,"E 127 EXT. 1 FILTER ZONE 1, CONTACTOR ANSWER",
W 501 C,"E 128 EXT. 1 COOLING PUMP, CONTACTOR ANSWER",
W 501 D,FREE,
W 501 E,"E 130 PRIMARY EXT. MELT LINE ZONE 1, CONTACTOR ANSWER",
W 501 F,"E 131 PRIMARY EXT. MELT LINE ZONE 2, CONTACTOR ANSWER",
,,
W 502 0,"E 132 PRIMARY EXT. MELT LINE ZONE 3, CONTACTOR ANSWER",
W 502 1,"E 133 PRIMARY EXT. MELT LINE ZONE 4, CONTACTOR ANSWER",
W 502 2,FREE,
W 502 3,FREE,
W 502 4,FREE,
W 502 5,FREE,
W 502 6,FREE,
W 502 7,FREE,
W 502 8,E 140 SEC. EXT. HEATING ZONE 1,
W 502 9,E 141 SEC. EXT. HEATING ZONE 2,
W 502 A,E 142 SEC. EXT. HEATING ZONE 3,
W 502 B,E 143 SEC. EXT. HEATING ZONE 4,
W 502 C,E 144 SEC. EXT. ADAPTER ZONE,
W 502 D,E 145 SEC. EXT. FILTER ZONE 1,
W 502 E,E 146 SEC. EXT. FILTER ZONE 2,
W 502 F,E 147 SEC. EXT. FILTER ZONE 3,
,,
W 503 0,E 148 SEC. EXT. COOLING PUMP,
W 503 1,E 149 SEC. EXT. STATIC MIXER CONNECTION ZONE,
W 503 2,E 150 SEC. EXT. STATIC MIXER HEATING ZONE 1,
W 503 3,E 151 SEC. EXT. HEATING ZONE 1,
W 503 4,FREE,
W 503 5,E 153 DIE HEATING ZONE 1,
W 503 6,E 154 DIE HEATING ZONE 2,
W 503 7,E 155 DIE HEATING ZONE 3,
W 503 8,E 156 DIE HEATING ZONE 4,
W 503 9,E 157 DIE HEATING ZONE 5,
W 503 A,E 158 DIE HEATING ZONE 6,
W 503 B,E 159 DIE HEATING ZONE 7,
W 503 C,FREE,
W 503 D,FREE,
W 503 E,FREE,
W 503 F,FREE,
,,
W 505 0,"E 001 HOMO DRYER MOTOR RUNNING, CONTACTOR ANSWER",
W 505 1,"E 002 RECLAIM DRYER MOTOR RUNNING, CONTACTOR ANSWER",
W 505 2,FREE,
W 505 3,FREE,
W 505 4,FREE,
W 505 5,"E 006 MIXING SCREW, CONTACTOR ANSWER",
W 505 6,"E 007 ROTARY ARM, CONTACTOR ANSWER",
W 505 7,FREE,
W 505 8,FREE,
W 505 9,"E 010 COPOLYMER DRYER MOTOR RUNNING, CONTACTOR ANSWER",
W 505 A,"E 011 SAT2 DRYER MOTOR RUNNING, CONTACTOR ANSWER",
W 505 B,"E 012 ADDITIVE VACUUM PUMP RUNNING, CONTACTOR ANSWER",
W 505 C,FREE,
W 505 D,FREE,
W 505 E,FREE,
W 505 F,FREE,
,,
W 507 0,"SAT 1 HYDRAULIC PUMP, CONTACTOR ANSWER",
W 507 1,"SAT 2 HYDRAULIC PUMP, CONTACTOR ANSWER",
W 507 2,"EXT 1 HYDRAULIC PUMP, CONTACTOR ANSWER",
W 507 3,"EXT 2 HYDRAULIC PUMP, CONTACTOR ANSWER",
W 507 4,FREE,
W 507 5,FREE,
W 507 6,FREE,
W 507 7,FREE,
W 507 8,FREE,
W 507 9,FREE,
W 507 A,FREE,
W 507 B,FREE,
W 507 C,FREE,
W 507 D,FREE,
W 507 E,FREE,
W 507 F,FREE,
,,
W 508 0,"SAT 1 COOLING FAN ZONE 1, CONTACTOR ANSWER",
W 508 1,"SAT 1 COOLING FAN ZONE 2, CONTACTOR ANSWER",
W 508 2,"SAT 1 COOLING FAN ZONE 3, CONTACTOR ANSWER",
W 508 3,"SAT 1 COOLING FAN ZONE 4, CONTACTOR ANSWER",
W 508 4,"SAT 1 COOLING FAN ZONE 5, CONTACTOR ANSWER",
W 508 5,"SAT 1 COOLING FAN ZONE 6, CONTACTOR ANSWER",
W 508 6,"SAT 1 COOLING FAN ZONE 7, CONTACTOR ANSWER",
W 508 7,"SAT 2 COOLING FAN ZONE 1, CONTACTOR ANSWER",
W 508 8,"SAT 2 COOLING FAN ZONE 2, CONTACTOR ANSWER",
W 508 9,"SAT 2 COOLING FAN ZONE 3, CONTACTOR ANSWER",
W 508 A,"SAT 2 COOLING FAN ZONE 4, CONTACTOR ANSWER",
W 508 B,"SAT 2 COOLING FAN ZONE 5, CONTACTOR ANSWER",
W 508 C,"SAT 2 COOLING FAN ZONE 6, CONTACTOR ANSWER",
W 508 D,"SAT 2 COOLING FAN ZONE 7, CONTACTOR ANSWER",
W 508 E,"EXT 1 ZONE 1 COOLING VALVE, CONTACTOR ANSWER",
W 508 F,"EXT 1 ZONE 2 COOLING VALVE, CONTACTOR ANSWER",
,,
W 509 0,"EXT 1 ZONE 3 COOLING VALVE, CONTACTOR ANSWER",
W 509 1,"EXT 1 ZONE 4 COOLING VALVE, CONTACTOR ANSWER",
W 509 2,"EXT 2 ZONE 1 COOLING VALVE, CONTACTOR ANSWER",
W 509 3,"EXT 2 ZONE 2 COOLING VALVE, CONTACTOR ANSWER",
W 509 4,"EXT 2 ZONE 3 COOLING VALVE, CONTACTOR ANSWER",
W 509 5,"EXT 2 ZONE 4 COOLING VALVE, CONTACTOR ANSWER",
W 509 6,FREE,
W 509 7,FREE,
W 509 8,FREE,
W 509 9,FREE,
W 509 A,FREE,
W 509 B,FREE,
W 509 C,FREE,
W 509 D,FREE,
W 509 E,FREE,
W 509 F,FREE,
,,
W 510 0,"E 100 SAT1 HEATING ZONE 1, OUTPUT BIT",
W 510 1,"E 101 SAT1 HEATING ZONE 2, OUTPUT BIT",
W 510 2,"E 102 SAT1 HEATING ZONE 3, OUTPUT BIT",
W 510 3,"E 103 SAT1 HEATING ZONE 4, OUTPUT BIT",
W 510 4,"E 104 SAT1 HEATING ZONE 5, OUTPUT BIT",
W 510 5,"E 105 SAT1 HEATING ZONE 6, OUTPUT BIT",
W 510 6,"E 106 SAT1 HEATING ZONE 7, OUTPUT BIT",
W 510 7,"E 107 SAT1 ADAPTER, OUTPUT BIT",
W 510 8,"E 108 SAT1 FILTER, OUTPUT BIT",
W 510 9,FREE,
W 510 A,"E 110 SAT2 HEATING ZONE 1, OUTPUT BIT",
W 510 B,"E 111 SAT2 HEATING ZONE 2, OUTPUT BIT",
W 510 C,"E 112 SAT2 HEATING ZONE 3, OUTPUT BIT",
W 510 D,"E 113 SAT2 HEATING ZONE 4, OUTPUT BIT",
W 510 E,"E 114 SAT2 HEATING ZONE 5, OUTPUT BIT",
W 510 F,"E 115 SAT2 HEATING ZONE 6, OUTPUT BIT",
,,
W 511 0,"E 116 SAT2 HEATING ZONE 7, OUTPUT BIT",
W 511 1,"E 117 SAT2 ADAPTER, OUTPUT BIT",
W 511 2,"E 118 SAT2 FILTER, OUTPUT BIT",
W 511 3,FREE,
W 511 4,"E 120 EXT1 HEATING ZONE 1, OUTPUT BIT",
W 511 5,"E 121 EXT1 HEATING ZONE 2, OUTPUT BIT",
W 511 6,"E 122 EXT1 HEATING ZONE 3, OUTPUT BIT",
W 511 7,"E 123 EXT1 HEATING ZONE 4, OUTPUT BIT",
W 511 8,"E 124 EXT1 ADAPTER, OUTPUT BIT",
W 511 9,"E 125 EXT1 FILTER ZONE 1, OUTPUT BIT",
W 511 A,"E 126 EXT1 FILTER ZONE 2, OUTPUT BIT",
W 511 B,"E 127 EXT1 FILTER ZONE 3, OUTPUT BIT",
W 511 C,"E 128 EXT1 COOLING PUMP, OUTPUT BIT",
W 511 D,FREE,
W 511 E,E 130 EXT1 MELT LINE ZONE 1,
W 511 F,E 131 EXT1 MELT LINE ZONE 2,
,,
W 512 0,E 132 EXT1 MELT LINE ZONE 3,
W 512 1,E 133 EXT1 MELT LINE ZONE 4,
W 512 2,FREE,
W 512 3,FREE,
W 512 4,FREE,
W 512 5,FREE,
W 512 6,FREE,
W 512 7,FREE,
W 512 8,"E 140 EXT2 HEATING ZONE 1, OUTPUT BIT",
W 512 9,"E 141 EXT2 HEATING ZONE 2, OUTPUT BIT",
W 512 A,"E 142 EXT2 HEATING ZONE 3, OUTPUT BIT",
W 512 B,"E 143 EXT2 HEATING ZONE 4, OUTPUT BIT",
W 512 C,"E 144 EXT2 ADAPTER 1, OUTPUT BIT",
W 512 D,"E 145 EXT2 FILTER ZONE 1, OUTPUT BIT",
W 512 E,"E 146 EXT2 FILTER ZONE 2, OUTPUT BIT",
W 512 F,"E 147 EXT2 FILTER ZONE 3, OUTPUT BIT",
,,
W 513 0,"E 148 EXT2 COOLING PUMP, OUTPUT BIT",
W 513 1,"E 149 EXT2 STATIC MIXER CONNECTION ZONE, OUTPUT BIT",
W 513 2,"E 150 EXT2 STATIC MIXER, OUTPUT BIT",
W 513 3,"E 151 EXT2 DIVERTER HEATING ZONE, OUTPUT BIT",
W 513 4,FREE,
W 513 5,E 153 DIE HEATING ZONE 1,
W 513 6,E 154 DIE HEATING ZONE 2,
W 513 7,E 155 DIE HEATING ZONE 3,
W 513 8,E 156 DIE HEATING ZONE 4,
W 513 9,E 157 DIE HEATING ZONE 5,
W 513 A,E 158 DIE HEATING ZONE 6,
W 513 B,E 159 DIE HEATING ZONE 7,
W 513 C,FREE,
W 513 D,FREE,
W 513 E,FREE,
W 513 F,FREE,
,,
W 515 0,E 001 HOMO DRYER START - OUTPUT BIT,
W 515 1,E 002 RECLAIM DRYER START - OUTPUT BIT,
W 515 2,FREE,
W 515 3,FREE,
W 515 4,FREE,
W 515 5,E 006 MIXING SCREW START - OUTPUT BIT,
W 515 6,E 007 ROTARY ARM START - OUTPUT BIT,
W 515 7,FREE,
W 515 8,FREE,
W 515 9,E 010 SAT1 DRYER START - OUTPUT BIT,
W 515 A,E 011 SAT2 DRYER START - OUTPUT BIT,
W 515 B,E 012 ADDITIVE PUMP - OUTPUT BIT,
W 515 C,FREE,
W 515 D,FREE,
W 515 E,FREE,
W 515 F,FREE,
W 516 0-   W 516 F,FREE,
W 517 0,HYDRAULIC PUMP SAT 1 SCREEN CHANGER,
W 517 1,HYDRAULIC PUMP SAT 2 SCREEN CHANGER,
W 517 2,MOTOR CHANGE FILTER EXT. 1,
W 517 3,MOTOR CHANGE FILTER EXT. 2,
W 517 4-   W 517 F,FREE,
W 518 0,COOLING FAN ZONE 1 SAT 1,
W 518 1,COOLING FAN ZONE 2 SAT 1,
W 518 2,COOLING FAN ZONE 3 SAT 1,
W 518 3,COOLING FAN ZONE 4 SAT 1,
W 518 4,COOLING FAN ZONE 5 SAT 1,
W 518 5,COOLING FAN ZONE 6 SAT 1,
W 518 6,COOLING FAN ZONE 7 SAT 1,
W 518 7,COOLING FAN ZONE 1 SAT 2,
W 518 8,COOLING FAN ZONE 2 SAT 2,
W 518 9,COOLING FAN ZONE 3 SAT 2,
W 518 A,COOLING FAN ZONE 4 SAT 2,
W 518 B,COOLING FAN ZONE 5 SAT 2,
W 518 C,COOLING FAN ZONE 6 SAT 2,
W 518 D,COOLING FAN ZONE 7 SAT 2,
W 518 E,FREE,
W 518 F,FREE,
W 519 0-   W 519 F      ,FREE,
W 520 0,E 100 START FAILURE DETECTED.,
W 520 1,E 101 START FAILURE DETECTED.,
W 520 2,E 102 START FAILURE DETECTED.,
W 520 3,E 103 START FAILURE DETECTED.,
W 520 4,E 104 START FAILURE DETECTED,
W 520 5,E 105 START FAILURE DETECTED,
W 520 6,E 106 START FAILURE DETECTED,
W 520 7,E 107 START FAILURE DETECTED,
W 520 8,E 108 START FAILURE DETECTED,
W 520 9,FREE,
W 520 A,E 110 START FAILURE DETECTED,
W 520 B,E 111 START FAILURE DETECTED,
W 520 C,E 112 START FAILURE DETECTED,
W 520 D,E 113 START FAILURE DETECTED,
W 520 E,E 114 START FAILURE DETECTED,
W 520 F,E 115 START FAILURE DETECTED,
,,
W 521 0,E 116 START FAILURE DETECTED,
W 521 1,E 117 START FAILURE DETECTED,
W 521 2,E 118 START FAILURE DETECTED,
W 521 3,FREE,
W 521 4,E 120 START FAILURE DETECTED,
W 521 5,E 121 START FAILURE DETECTED,
W 521 6,E 122 START FAILURE DETECTED,
W 521 7,E 123 START FAILURE DETECTED,
W 521 8,E 124 START FAILURE DETECTED,
W 521 9,E 125 START FAILURE DETECTED,
W 521 A,E 126 START FAILURE DETECTED,
W 521 B,E 127 START FAILURE DETECTED,
W 521 C,E 128 START FAILURE DETECTED,
W 521 D,FREE,
W 521 E,E 130 START FAILURE DETECTED,
W 521 F,E 131 START FAILURE DETECTED,
,E 132 START FAILURE DETECTED,
W 522 0,E 133 START FAILURE DETECTED,
W 522 1,E 134 START FAILURE DETECTED,
W 522 2,FREE,
W 522 3,FREE,
W 522 4,FREE,
W 522 5,FREE,
W 522 6,FREE,
W 522 7,FREE,
W 522 8,E 140 START FAILURE DETECTED,
W 522 9,E 141 START FAILURE DETECTED,
W 522 A,E 142 START FAILURE DETECTED,
W 522 B,E 143 START FAILURE DETECTED,
W 522 C,E 144 START FAILURE DETECTED,
W 522 D,E 145 START FAILURE DETECTED,
W 522 E,E 146 START FAILURE DETECTED,
W 522 F,E 410 START FAILURE DETECTED,
,,
W 523 0,E 148 START FAILURE DETECTED,
W 523 1,E 149 START FAILURE DETECTED,
W 523 2,E 150 START FAILURE DETECTED,
W 523 3,E 151 START FAILURE DETECTED,
W 523 4,FREE,
W 523 5,E 153 START FAILURE DETECTED,
W 523 6,E 154 START FAILURE DETECTED,
W 523 7,E 155 START FAILURE DETECTED,
W 523 8,E 156 START FAILURE DETECTED,
W 523 9,E 157 START FAILURE DETECTED,
W 523 A,E 158 START FAILURE DETECTED,
W 523 B,E 159 START FAILURE DETECTED,
W 523 C,FREE,
W 523 D,FREE,
W 523 E,FREE,
W 523 F,FREE,
,,
W 525 0,E 001 START FAILURE DETECTED.,
W 525 1,E 002 START FAILURE DETECTED.,
W 525 2,FREE,
W 525 3,FREE,
W 525 4,FREE,
W 525 5,E 006 START FAILURE DETECTED.,
W 525 6,E 007 START FAILURE DETECTED.,
W 525 7,FREE,
W 525 8,FREE,
W 525 9,E 010 START FAILURE DETECTED.,
W 525 A,E 011 START FAILURE DETECTED.,
W 525 B,E 012 START FAILURE DETECTED.,
W 525 C,FREE,
W 525 D,FREE,
W 525 E,FREE,
W 525 F,FREE,
,,
W 527 0,"SAT1 HYDRAULIC PUMP, START FAILURE DETECTED.",
W 527 1,"SAT2 HYDRAULIC PUMP, START FAILURE DETECTED.",
W 527 2,"EXT1 HYDRAULIC PUMP, START FAILURE DETECTED.",
W 527 3,"EXT2 HYDRAULIC PUMP, START FAILURE DETECTED.",
W 527 4,FREE,
W 527 5,FREE,
W 527 6,FREE,
W 527 7,FREE,
W 527 8,FREE,
W 527 9,FREE,
W 527 A,FREE,
W 527 B,FREE,
W 527 C,FREE,
W 527 D,FREE,
W 527 E,FREE,
W 527 F,FREE,
,,
W 528 0,"SAT1 COOLING FAN 1, START FAILURE DETECTED",
W 528 1,"SAT1 COOLING FAN 2, START FAILURE DETECTED",
W 528 2,"SAT1 COOLING FAN 3, START FAILURE DETECTED",
W 528 3,"SAT1 COOLING FAN 4, START FAILURE DETECTED",
W 528 4,"SAT1 COOLING FAN 5, START FAILURE DETECTED",
W 528 5,"SAT1 COOLING FAN 6, START FAILURE DETECTED",
W 528 6,"SAT1 COOLING FAN 7, START FAILURE DETECTED",
W 528 7,"SAT2 COOLING FAN 1, START FAILURE DETECTED",
W 528 8,"SAT2 COOLING FAN 2, START FAILURE DETECTED",
W 528 9,"SAT2 COOLING FAN 3, START FAILURE DETECTED",
W 528 A,"SAT2 COOLING FAN 4, START FAILURE DETECTED",
W 528 B,"SAT2 COOLING FAN 5, START FAILURE DETECTED",
W 528 C,"SAT2 COOLING FAN 6, START FAILURE DETECTED",
W 528 D,"SAT2 COOLING FAN 7, START FAILURE DETECTED",
W 528 E,FREE,
W 528 F,FREE,
,,
W 530 0,E 100 START FAILURE MORE THAN 4 SEC.,
W 530 1,E 101 START FAILURE MORE THAN 4 SEC.,
W 530 2,E 102 START FAILURE MORE THAN 4 SEC.,
W 530 3,E 103 START FAILURE MORE THAN 4 SEC.,
W 530 4,E 104 START FAILURE MORE THAN 4 SEC.,
W 530 5,E 105 START FAILURE MORE THAN 4 SEC.,
W 530 6,E 106 START FAILURE MORE THAN 4 SEC.,
W 530 7,E 107 START FAILURE MORE THAN 4 SEC.,
W 530 8,E 108 START FAILURE MORE THAN 4 SEC.,
W 530 9,FREE,
W 530 A,E 110 START FAILURE MORE THAN 4 SEC.,
W 530 B,E 111 START FAILURE MORE THAN 4 SEC.,
W 530 C,E 112 START FAILURE MORE THAN 4 SEC.,
W 530 D,E 113 START FAILURE MORE THAN 4 SEC.,
W 530 E,E 114 START FAILURE MORE THAN 4 SEC.,
W 530 F,E 115 START FAILURE MORE THAN 4 SEC.,
,,
W 531 0,E 116 START FAILURE MORE THAN 4 SEC.,
W 531 1,E 117 START FAILURE MORE THAN 4 SEC.,
W 531 2,E 118 START FAILURE MORE THAN 4 SEC.,
W 531 3,FREE,
W 531 4,E 120 START FAILURE MORE THAN 4 SEC.,
W 531 5,E 121 START FAILURE MORE THAN 4 SEC.,
W 531 6,E 122 START FAILURE MORE THAN 4 SEC.,
W 531 7,E 123 START FAILURE MORE THAN 4 SEC.,
W 531 8,E 124 START FAILURE MORE THAN 4 SEC.,
W 531 9,E 125 START FAILURE MORE THAN 4 SEC.,
W 531 A,E 126 START FAILURE MORE THAN 4 SEC.,
W 531 B,E 127 START FAILURE MORE THAN 4 SEC.,
W 531 C,E 128 START FAILURE MORE THAN 4 SEC.,
W 531 D,FREE,
W 531 E,E 130 START FAILURE MORE THAN 4 SEC.,
W 531 F,E 131 START FAILURE MORE THAN 4 SEC.,
,,
W 532 0,E 132 START FAILURE MORE THAN 4 SEC.,
W 532 1,E 133 START FAILURE MORE THAN 4 SEC.,
W 532 2,FREE,
W 532 3,FREE,
W 532 4,FREE,
W 532 5,FREE,
W 532 6,FREE,
W 532 7,FREE,
W 532 8,E 140 START FAILURE MORE THAN 4 SEC.,
W 532 9,E 141 START FAILURE MORE THAN 4 SEC.,
W 532 A,E 142 START FAILURE MORE THAN 4 SEC.,
W 532 B,E 143 START FAILURE MORE THAN 4 SEC.,
W 532 C,E 144 START FAILURE MORE THAN 4 SEC.,
W 532 D,E 145 START FAILURE MORE THAN 4 SEC.,
W 532 E,E 146 START FAILURE MORE THAN 4 SEC.,
W 532 F,E 147 START FAILURE MORE THAN 4 SEC.,
,,
W 533 0,E 148 START FAILURE MORE THAN 4 SEC.,
W 533 1,E 149 START FAILURE MORE THAN 4 SEC.,
W 533 2,E 150 START FAILURE MORE THAN 4 SEC.,
W 533 3,E 151 START FAILURE MORE THAN 4 SEC.,
W 533 4,FREE,
W 533 5,E 153 START FAILURE MORE THAN 4 SEC.,
W 533 6,E 154 START FAILURE MORE THAN 4 SEC.,
W 533 7,E 155 START FAILURE MORE THAN 4 SEC.,
W 533 8,E 156 START FAILURE MORE THAN 4 SEC.,
W 533 9,E 157 START FAILURE MORE THAN 4 SEC.,
W 533 A,E 158 START FAILURE MORE THAN 4 SEC.,
W 533 B,E 159 START FAILURE MORE THAN 4 SEC.,
W 533 C,FREE,
W 533 D,FREE,
W 533 E,FREE,
W 533 F,FREE,
,,
W 535 0,E 001 START FAILURE MORE THAN 4 SEC.,
W 535 1,E 002 START FAILURE MORE THAN 4 SEC.,
W 535 2,FREE,
W 535 3,FREE,
W 535 4,FREE,
W 535 5,E 006 START FAILURE MORE THAN 4 SEC.,
W 535 6,E 007 START FAILURE MORE THAN 4 SEC.,
W 535 7,FREE,
W 535 8,FREE,
W 535 9,E 010 START FAILURE MORE THAN 4 SEC.,
W 535 A,E 011 START FAILURE MORE THAN 4 SEC.,
W 535 B,E 012 START FAILURE MORE THAN 4 SEC.,
W 535 C,FREE,
W 535 D,FREE,
W 535 E,FREE,
W 535 F,FREE,
W 537 0,SAT 1 HYDRAULIC PUMP START FAILURE MORE THAN 4 SEC,
W 537 1,SAT 2 HYDRAULIC PUMP START FAILURE MORE THAN 4 SEC,
W 537 2,MAIN EXT. HYDRAULIC PUMP START FAILURE MORE THAN 4 SEC,
W 537 3,SEC EXT. HYDRAULIC PUMP START FAILURE MORE THAN 4 SEC,
W 537 4-   W 537 F,FREE,
,,
W 538 0,"SAT1 COOLING FAN 1, START FAILURE MORE THAN 4 SEC.",
W 538 1,"SAT1 COOLING FAN 1, START FAILURE MORE THAN 4 SEC.",
W 538 2,"SAT1 COOLING FAN 1, START FAILURE MORE THAN 4 SEC.",
W 538 3,"SAT1 COOLING FAN 1, START FAILURE MORE THAN 4 SEC.",
W 538 4,"SAT1 COOLING FAN 1, START FAILURE MORE THAN 4 SEC.",
W 538 5,"SAT1 COOLING FAN 1, START FAILURE MORE THAN 4 SEC.",
W 538 6,"SAT1 COOLING FAN 1, START FAILURE MORE THAN 4 SEC.",
W 538 7,"SAT1 COOLING FAN 1, START FAILURE MORE THAN 4 SEC.",
W 538 8,"SAT1 COOLING FAN 1, START FAILURE MORE THAN 4 SEC.",
W 538 9,"SAT1 COOLING FAN 1, START FAILURE MORE THAN 4 SEC.",
W 538 A,"SAT1 COOLING FAN 1, START FAILURE MORE THAN 4 SEC.",
W 538 B,"SAT1 COOLING FAN 1, START FAILURE MORE THAN 4 SEC.",
W 538 C,"SAT1 COOLING FAN 1, START FAILURE MORE THAN 4 SEC.",
W 538 D,"SAT1 COOLING FAN 1, START FAILURE MORE THAN 4 SEC.",
W 538 E,FREE,
W 538 F,FREE,
,,
W 539 0,SATELLITE EXTRUDER1 HYDRAULIC PUMP,
W 539 1,SATELLITE EXTRUDER2 HYDRAULIC PUMP,
W 539 2,MAIN EXTRUDER1 HYDRAULIC PUMP,
W 539 3,MAIN EXTRUDER2 HYDRAULIC PUMP,
W 539 4,FREE,
W 539 5,FREE,
W 539 6,FREE,
W 539 7,FREE,
W 539 8,FREE,
W 539 9,FREE,
W 539 A,FREE,
W 539 B,FREE,
W 539 C,FREE,
W 539 D,FREE,
W 539 E,FREE,
W 539 F,FREE,
,,
,,
,,
,,
,,
W 4529,AOAH4+63,HIGH ALARM
W 4530,AOAH4+64,H+/L-
W 4531,AOAH4+65,LOW ALARM
W 4532,FREE,
W 4533,AOAHT500,ALARM H T500
W 4534,AOALT500,ALARM L T500
W 4535,AOAHP501,ALARM H P501
W 4536,AOALP501,ALARM L P501
W 4537,AOAHT502,ALARM H T502
W 4538,AOALT502,ALARM L T502
W 4539,AOAHP503,ALARM H P503
W 4540,AOALP503,ALARM L P503
W 4541,AOAHT504,ALARM H T504
W 4542,AOALT504,ALARM L T504
W 4543,AOAHP505,ALARM H P505
W 4544,AOALP505,ALARM L P505
W 4545,AOAHT506,ALARM H T506
W 4546,AOALT506,ALARM L T506
W 4547,AOAHP507,ALARM H P507
W 4548,AOALP507,ALARM L P507
W 4549,AOAHT510,ALARM H T510
W 4550,AOALT510,ALARM L T510
W 4551,AOAHP511,ALARM H P511
W 4552,AOALP511,ALARM L P511
W 4553,AOAHP512,ALARM H P512
W 4554,AOALP512,ALARM L P512
W 4555,AOAHT513,ALARM H T513
W 4556,AOALT513,ALARM L T513
W 4557,AOAHP514,ALARM H P514
W 4558,AOALP514,ALARM L P514
W 4559,AOAHT515,ALARM H T515
W 4560,AOALT515,ALARM L T515
W 4561,AOAHP516,ALARM H P516
W 4562,AOALP516,ALARM L P516
W 4563,FREE,
W 4564,FREE,
W 4565,FREE,
W 4566,FREE,
W 4567,FREE,
W 4568,FREE,
W 4569,FREE,
W 4570,FREE,
W 4571,HOMO,RATIO FOR M1112.01 R205
W 4572,RECLAIM,RATIO FOR M1106.01 R203
W 4573,ADDITIVE,RATIO FOR M1106.02 R204
W 4574,FREE,
W 4575,FREE,
W 4576,FREE,
W 4577,FREE,
W 4578,FREE,
W 4579,FREE,
W 4580,FREE,
W 4581,FREE,
W 4582,DIFFERENTIAL PRESSURE OF P511 & P512,
W 4583,DIFFERENTIAL PRESSURE OF P514 & P516,
W 4584,DIFFERENTIAL PRESSURE OF P501 & P503,
W 4585,DIFFERENTIAL PRESSURE OF P505 & P507,
W 4586,FREE,
W 4587,FREE,
W 4588,FREE,
W 4589,FREE,
W 4590,FREE,
W 4591,FREE,
W 4592,FREE,
W 4593,FREE,
W 4594,FREE,
W 4595,FREE,
W 4596,FREE,
W 4597,FREE,
W 4598,FREE,
W 4599,FREE,
W 4600,,"SEE ""WORD BIT"""
W 4601,,"SEE ""WORD BIT"""
W 4602,,"SEE ""WORD BIT"""
W 4603,,"SEE ""WORD BIT"""
W 4604,,"SEE ""WORD BIT"""
W 4605,,"SEE ""WORD BIT"""
W 4606,,"SEE ""WORD BIT"""
W 4607,,"SEE ""WORD BIT"""
W 4608,,"SEE ""WORD BIT"""
W 4609,,"SEE ""WORD BIT"""
W 4610,,"SEE ""WORD BIT"""
W 4611,,"SEE ""WORD BIT"""
W 4612,,"SEE ""WORD BIT"""
W 4613,,"SEE ""WORD BIT"""
W 4614,,"SEE ""WORD BIT"""
W 4615,,"SEE ""WORD BIT"""
W 4616,,"SEE ""WORD BIT"""
W 4617,,"SEE ""WORD BIT"""
W 4618,,"SEE ""WORD BIT"""
W 4619,,"SEE ""WORD BIT"""
W 4620,,"SEE ""WORD BIT"""
W 4621,,"SEE ""WORD BIT"""
W 4622,,"SEE ""WORD BIT"""
W 4623,,"SEE ""WORD BIT"""
W 4624,FREE,
W 4625,FREE,
W 4626,FREE,
W 4627,FREE,
W 4628,FREE,
W 4629,FREE,
W 4630,FREE,
W 4631,ARAMS+0,AUGER SPEED(%) FOR HOPPER #1 (CONAIR)
W 4632,ARAMS+1,AUGER SPEED(%) FOR HOPPER #2 (CONAIR)
W 4633,ARAMS+2,AUGER SPEED(%) FOR HOPPER #3 (CONAIR)
W 4634,ARAMS+3,AUGER SPEED(%) FOR HOPPER #4 (CONAIR)
W 4635,ARAMS+4,AUGER SPEED(%) FOR HOPPER #5 (CONAIR)
W 4636,ARCONAIR+5,AUGER SPEED(%) - MANUAL SETPOINT FOR HOPPER #1 (CONAIR)
W 4637,ARCONAIR+6,AUGER SPEED(%) - MANUAL SETPOINT FOR HOPPER #2 (CONAIR)
W 4638,ARCONAIR+7,AUGER SPEED(%) - MANUAL SETPOINT FOR HOPPER #3 (CONAIR)
W 4639,ARCONAIR+8,AUGER SPEED(%) - MANUAL SETPOINT FOR HOPPER #4 (CONAIR)
W 4640,ARCONAIR+9,AUGER SPEED(%) - MANUAL SETPOINT FOR HOPPER #5 (CONAIR)
W 4641,ARDEBUG2+11,MAX. RECIPE AFTER CALCULATION FOR HOPPER #1 (CONAIR)
W 4642,ARDEBUG2+12,MAX. RECIPE AFTER CALCULATION FOR HOPPER #2 (CONAIR)
W 4643,ARDEBUG2+13,MAX. RECIPE AFTER CALCULATION FOR HOPPER #3 (CONAIR)
W 4644,ARDEBUG2+14,MAX. RECIPE AFTER CALCULATION FOR HOPPER #4 (CONAIR)
W 4645,ARDEBUG2+15,MAX. RECIPE AFTER CALCULATION FOR HOPPER #5 (CONAIR)
W 4646,ARDEBUG2+16,MIN. RECIPE AFTER CALCULATION FOR HOPPER #1 (CONAIR)
W 4647,ARDEBUG2+17,MIN. RECIPE AFTER CALCULATION FOR HOPPER #2 (CONAIR)
W 4648,ARDEBUG2+18,MIN. RECIPE AFTER CALCULATION FOR HOPPER #3 (CONAIR)
W 4649,ARDEBUG2+19,MIN. RECIPE AFTER CALCULATION FOR HOPPER #4 (CONAIR)
W 4650,ARDEBUG2+20,MIN. RECIPE AFTER CALCULATION FOR HOPPER #5 (CONAIR)
W 4651,AOTHUMAX,MAX. THROUGHPUT (CONAIR)
W 4652,AOTHUMIN,MIN. THROUGHPUT (CONAIR)
W 4653,AIHOPMAX1,HOPPER #1 MAX. THROUGHPUT
W 4654,AIHOPMAX2,HOPPER #2 MAX. THROUGHPUT
W 4655,AIHOPMAX3,HOPPER #3 MAX. THROUGHPUT
W 4656,AIHOPMAX4,HOPPER #4 MAX. THROUGHPUT
W 4657,AIHOPMAX5,HOPPER #5 MAX. THROUGHPUT
W 4658,AIHOPMIN1,HOPPER #1 MIN. THROUGHPUT
W 4659,AIHOPMIN2,HOPPER #2 MIN. THROUGHPUT
W 4660,AIHOPMIN3,HOPPER #3 MIN. THROUGHPUT
W 4661,AIHOPMIN4,HOPPER #4 MIN. THROUGHPUT
W 4662,AIHOPMIN5,HOPPER #5 MIN. THROUGHPUT
W 4663,AOREC1,RECIPE RATIO FOR HOPPER #1
W 4664,AOREC2,RECIPE RATIO FOR HOPPER #2
W 4665,AOREC3,RECIPE RATIO FOR HOPPER #3
W 4666,AOREC4,RECIPE RATIO FOR HOPPER #4
W 4667,,THROUGHPUT MAX. TEMPORARY CALCULATING
W 4668,,THROUGHPUT MIN. TEMPORARY CALCULATING
W 4669,ARCONAIR+18,HOPPER #1 THROUGHPUT
W 4670,ARCONAIR+19,HOPPER #2 THROUGHPUT
W 4671,ARCONAIR+20,HOPPER #3 THROUGHPUT
W 4672,ARCONAIR+21,HOPPER #4 THROUGHPUT
W 4673,ARCONAIR+22,HOPPER #5 THROUGHPUT
W 4674,AOREC5,RECIPE RATIO FOR HOPPER #5
W 4675,ARDEBUG2+45,TOTAL THROUGHPUT
W 4676,WEIGHT ON HOPPER 2 CONAIR-SR20 L30+2,
W 4677,WEIGHT ON HOPPER 3 CONAIR-SR20 L30+2,
W 4678,WEIGHT ON HOPPER 4 CONAIR,
W 4679,FREE,
W 4680,FREE,
W 4681,FREE,
W 4682,FREE,
W 4683,FREE,
W 4684,FREE,
W 4685,FREE,
W 4686,FREE,
W 4687,FREE,
W 4688,FREE,
W 4689,FREE,
W 4690,FREE,
W 4691,FREE,
W 4692,FREE,
W 4693,FREE,
W 4694,FREE,
W 4695,FREE,
W 4696,FREE,
W 4697,FREE,
W 4698,FREE,
,,FIX DMACS-ANALOG INPUT
W 4700,AIMER300,MEASURE                R300
W 4701,AIOUR300,OUTPUT
W 4702,AISPR300,SET POINT
W 4703,AIMER301,MEASURE                R301
W 4704,AIOUR301,OUTPUT
W 4705,AISPR301,SET POINT
W 4706,AIMER302,MEASURE                R302
W 4707,AIOUR302,OUTPUT
W 4708,AISPR302,SET POINT
W 4709,AIMER303,MEASURE                R303
W 4710,AIOUR303,OUTPUT
W 4711,AISPR303,SET POINT
W 4712,AIMER304,MEASURE                R304
W 4713,AIOUR304,OUTPUT
W 4714,AISPR304,SET POINT
W 4715,AIMER305,MEASURE                R305
W 4716,AIOUR305,OUTPUT
W 4717,AISPR305,SET POINT
W 4718,AIMER306,MEASURE                R306
W 4719,AIOUR306,OUTPUT
W 4720,AISPR306,SET POINT
W 4721,AIMER307,MEASURE                R307
W 4722,AIOUR307,OUTPUT
W 4723,AISPR307,SET POINT
W 4724,AIMER308,MEASURE                R308
W 4725,AIOUR308,OUTPUT
W 4726,AISPR308,SET POINT
W 4727,AIMER309,MEASURE                R309
W 4728,AIOUR309,OUTPUT
W 4729,AISPR309,SET POINT
W 4730,AIMER310,MEASURE                R310
W 4731,AIOUR310,OUTPUT
W 4732,AISPR310,SET POINT
W 4733,AIMER311,MEASURE                R311
W 4734,AIOUR311,OUTPUT
W 4735,AISPR311,SET POINT
W 4736,AIMER312,MEASURE                R312
W 4737,AIOUR312,OUTPUT
W 4738,AISPR312,SET POINT
W 4739,AIMER313,MEASURE                R313
W 4740,AIOUR313,OUTPUT
W 4741,AISPR313,SET POINT
W 4742,AIMER314,MEASURE                R314
W 4743,AIOUR314,OUTPUT
W 4744,AISPR314,SET POINT
W 4745,AIMER315,MEASURE                R315
W 4746,AIOUR315,OUTPUT
W 4747,AISPR315,SET POINT
W 4748,AIMER316,MEASURE                R316
W 4749,AIOUR316,OUTPUT
W 4750,AISPR316,SET POINT
W 4751,AIMER317,MEASURE                R317
W 4752,AIOUR317,OUTPUT
W 4753,AISPR317,SET POINT
W 4754,AIMER318,MEASURE                R318
W 4755,AIOUR318,OUTPUT
W 4756,AISPR318,SET POINT
W 4757,AIMER319,MEASURE                R319
W 4758,AIOUR319,OUTPUT
W 4759,AISPR319,SET POINT
W 4760,AIMER320,MEASURE                R320
W 4761,AIOUR320,OUTPUT
W 4762,AISPR320,SET POINT
W 4763,AIMER321,MEASURE                R321
W 4764,AIOUR321,OUTPUT
W 4765,AISPR321,SET POINT
W 4766,AIMER322,MEASURE                R322
W 4767,AIOUR322,OUTPUT
W 4768,AISPR322,SET POINT
W 4769,AIMER323,MEASURE                R323
W 4770,AIOUR323,OUTPUT
W 4771,AISPR323,SET POINT
W 4772,AIMER324,MEASURE                R324
W 4773,AIOUR324,OUTPUT
W 4774,AISPR324,SET POINT
W 4775,AIMER325,MEASURE                R325
W 4776,AIOUR325,OUTPUT
W 4777,AISPR325,SET POINT
W 4778,AIMER326,MEASURE                R326
W 4779,AIOUR326,OUTPUT
W 4780,AISPR326,SET POINT
W 4781,AIMER327,MEASURE                R327
W 4782,AIOUR327,OUTPUT
W 4783,AISPR327,SET POINT
W 4784,FREE,
W 4785,FREE,
W 4786,FREE,
W 4787,FREE,
W 4788,HOPPER 1 WEIGHT- SR20 L30+1,
W 4789,HOPPER 4 WEIGHT,
W 4790,AIMER330,MEASURE                R330
W 4791,AIOUR330,OUTPUT
W 4792,AISPR330,SET POINT
W 4793,AIMER331,MEASURE                R331
W 4794,AIOUR331,OUTPUT
W 4795,AISPR331,SET POINT
W 4796,AIMER332,MEASURE                R332
W 4797,AIOUR332,OUTPUT
W 4798,AISPR332,SET POINT
W 4799,AIMER333,MEASURE                R333
W 4800,AIOUR333,OUTPUT
W 4801,AISPR333,SET POINT
W 4802,FREE,
W 4803,FREE,
W 4804,FREE,
W 4805,FREE,
W 4806,FREE,
W 4807,AIMER340,MEASURE                R340
W 4808,AIOUR340,OUTPUT
W 4809,AISPR340,SET POINT
W 4810,AIMER341,MEASURE                R341
W 4811,AIOUR341,OUTPUT
W 4812,AISPR341,SET POINT
W 4813,AIMER342,MEASURE                R342
W 4814,AIOUR342,OUTPUT
W 4815,AISPR342,SET POINT
W 4816,AIMER343,MEASURE                R343
W 4817,AIOUR343,OUTPUT
W 4818,AISPR343,SET POINT
W 4819,AIMER344,MEASURE                R344
W 4820,AIOUR344,OUTPUT
W 4821,AISPR344,SET POINT
W 4822,AIMER345,MEASURE                R345
W 4823,AIOUR345,OUTPUT
W 4824,AISPR345,SET POINT
W 4825,AIMER346,MEASURE                R346
W 4826,AIOUR346,OUTPUT
W 4827,AISPR346,SET POINT
W 4828,AIMER347,MEASURE                R347
W 4829,AIOUR347,OUTPUT
W 4830,AISPR347,SET POINT
W 4831,AIMER348,MEASURE                R348
W 4832,AIOUR348,OUTPUT
W 4833,AISPR348,SET POINT
W 4834,AIMER349,MEASURE                R349
W 4835,AIOUR349,OUTPUT
W 4836,AISPR349,SET POINT
W 4837,AIMER350,MEASURE                R350
W 4838,AIOUR350,OUTPUT
W 4839,AISPR350,SET POINT
W 4840,AIMER351,MEASURE                R351
W 4841,AIOUR351,OUTPUT
W 4842,AISPR351,SET POINT
W 4843,AIMER352,MEASURE                R352
W 4844,AIOUR352,OUTPUT
W 4845,AISPR352,SET POINT
W 4846,AIMER353,MEASURE                R353
W 4847,AIOUR353,OUTPUT
W 4848,AISPR353,SET POINT
W 4849,AIMER354,MEASURE                R354
W 4850,AIOUR354,OUTPUT
W 4851,AISPR354,SET POINT
W 4852,AIMER355,MEASURE                R355
W 4853,AIOUR355,OUTPUT
W 4854,AISPR355,SET POINT
W 4855,AIMER356,MEASURE                R356
W 4856,AIOUR356,OUTPUT
W 4857,AISPR356,SET POINT
W 4858,AIMER357,MEASURE                R357
W 4859,AIOUR357,OUTPUT
W 4860,AISPR357,SET POINT
W 4861,AIMER358,MEASURE                R358
W 4862,AIOUR358,OUTPUT
W 4863,AISPR358,SET POINT
W 4864,AIMER359,MEASURE                R359
W 4865,AIOUR359,OUTPUT
W 4866,AISPR359,SET POINT
W 4867,AIMER360,MEASURE                R360
W 4868,AIOUR360,OUTPUT
W 4869,AISPR360,SET POINT
W 4870,AIMER361,MEASURE                R361
W 4871,AIOUR361,OUTPUT
W 4872,AISPR361,SET POINT
W 4873,E003 MAIN HOPPER SCREW AUTHORIZATION,
W 4874,E004 HOMO SCREW SPEED,
W 4875,E002 PRODUCT C SCREW SPEED ,
W 4876,AIMER200,MEASURE                R200
W 4877,AIOUR200,OUTPUT
W 4878,AISPR200,SET POINT
W 4879,,
W 4880,AIT500,MEASURE                T500
W 4881,AIP501,MEASURE                P501
W 4882,AIT502,MEASURE                T502
W 4883,AIP503,MEASURE                P503
W 4884,AIT504,MEASURE                T504
W 4885,AIP505,MEASURE                P505
W 4886,AIT506,MEASURE                T506
W 4887,AIP507,MEASURE                P507
W 4888,AIT510,MEASURE                T510
W 4889,AIP511,MEASURE                P511
W 4890,AIT512,MEASURE                T512
W 4891,AIP513,MEASURE                P513
W 4892,AIP514,MEASURE                P514
W 4893,AIT515,MEASURE                T515
W 4894,AIP516               ,MEASURE                P516
W 4895~4919,,FREE
W 4920~4984,,"SEE ""WORD BIT"""
W 4985~5199,,FREE
W 5200,,PERCENTAGE OF (RECLAIM+HOMO+ADDI) SETTING
W 5201~5880,,FREE
W 5881,,"P501 MEASURE, BEFORE VALUE TRANSFER"
W 5882,,
W 5883,,"P503 MEASURE, BEFORE VALUE TRANSFER"
W 5884,,
W 5885,,"P505 MEASURE, BEFORE VALUE TRANSFER"
W 5886,,
W 5887,,"P507 MEASURE, BEFORE VALUE TRANSFER"
W 5888,,
W 5889,,"P511 MEASURE, BEFORE VALUE TRANSFER"
W 5890,,"P512 MEASURE, BEFORE VALUE TRANSFER"
W 5891,,
W 5892,,"P514 MEASURE, BEFORE VALUE TRANSFER"
W 5893,,
W 5894,,"P516 MEASURE, BEFORE VALUE TRANSFER"
W 5895~5999,,FREE
,,
,,
,,
,,
,,
,,
,,
,,
,,
,,
,,
,,
,,
,,
,,
,,
,,
,,
,,
,,
,,
,,
,,
,,
,,
,,
,,
,,
,,
,,
,,
,,
,,
,,
,,
,,
,,
,,
,,
,,
,,
,,
,,
,,
,,
,,
,,
,,
,,
,,
,,
,,
,,
,,
,,
,,
,,
,,
,,
,,
,,
,,
,,
,,
,,
,,
,,
,,
,,
,,
,,
,,
,,
,,
,,
,,
,,
,,
,,
,,
,,
,,
,,
,,
,,
,,
,,
,,
,,
,,
,,
,,
,,
,,
,,
,,
,,
,,
,,
,,
,,
,,
,,
,,
,,
,,
,,
,,
,,
,,
,,
,,
,,
,,
,,
,,
,,
,,
,,
,,
,,
,,
,,
,,
,,
,,
,,
,,
,,
,,
,,
,,
,,
,,
,,
,,
,,
,,
,,
,,
,,
,,
,,
,,
,,
,,
,,
,,
,,
,,
,,
,,
,,
,,
,,
,,
,,
,,
,,
,,
,,
,,
,,
,,
,,
,,
,,
,,
,,
,,
,,
,,
,,
,,
,,
,,
,,
,,
,,
,,
,,
,,
,,
,,
,,
,,
,,
,,
,,
,,
,,
,,
,,
,,
,,
,,
,,
,,
,,
,,
,,
,,
,,
,,
,,
,,
,,
,,
,,
,,
,,
,,
,,
,,
,,
,,
,,
,,
,,
,,
,,
,,
,,
,,
,,
,,
,,
,,
,,
,,
,,
,,
,,
,,
,,
,,
,,
,,
,,
,,
,,
,,
,,
,,
,,
,,
,,
,,
,,
,,
,,
,,
,,
,,
,,
,,
,,
,,
,,
,,
,,
,,
,,
,,
,,
,,
,,
,,
,,
,,
,,
,,
,,
,,
,,
,,
,,
,,
,,
,,
,,
,,
,,
,,
,,
,,
,,
,,
,,
,,
,,
,,
,,
,,
,,
,,
,,
,,
,,
,,
,,
,,
,,
,,
,,
,,
,,
,,
,,
,,
,,
,,
,,
,,
,,
,,
,,
,,
,,
,,
,,
,,
,,
,,
,,
,,
,,
,,
,,
,,
,,
,,
,,
,,
,,
,,
,,
,,
,,
,,
,,
,,
,,
,,
,,
,,
,,
,,
,,
,,
,,
,,
,,
,,
,,
,,
,,
,,
,,
,,
,,
,,
,,
,,
,,
,,
,,
,,
,,
,,
,,
,,
,,
,,
,,
,,
,,
,,
,,
,,
,,
,,
,,
,,
,,
,,
,,
,,
,,
,,
,,
,,
,,
,,
,,
,,
,,
,,
,,
,,
,,
,,
,,
,,
,,
,,
,,
,,
,,
,,
,,
,,
,,
,,
,,
,,
,,
,,
,,
,,
,,
,,
,,
,,
,,
,,
,,
,,
,,
,,
,,
,,
,,
,,
,,
,,
,,
,,
,,
,,
,,
,,
,,
,,
,,
,,
,,
,,
,,
,,
,,
,,
,,
,,
,,
,,
,,
,,
,,
,,
,,
,,
,,
,,
,,
,,
,,
,,
,,
,,
,,
,,
,,
,,
,,
,,
,,
,,
,,
,,
,,
,,
,,
,,
,,
,,
,,
,,
,,
,,
,,
,,
,,
,,
,,
,,
,,
,,
,,
,,
,,
,,
,,
,,
,,
,,
,,
,,
,,
,,
,,
,,
,,
,,
,,
,,
,,
,,
,,
,,
,,
,,
,,
,,
,,
,,
,,
,,
,,
,,
,,
,,
,,
,,
,,
,,
,,
,,
,,
,,
,,
,,
,,
,,
,,
